{"textures":{"0":"modelengine:entity/hades"},"elements":[{"name":"cube","from":[4.3999996,-4.0000005,5.0],"to":[10.4,-0.40000033,11.0],"rotation":{"angle":0.0,"axis":"x","origin":[5.6,-5.200001,8.6]},"faces":{"down":{"uv":[9.5625,7.5625,8.9375,8.1875],"rotation":0,"texture":"#0","tintindex":0},"east":{"uv":[7.6875,8.1875,8.3125,8.5625],"rotation":0,"texture":"#0","tintindex":0},"north":{"uv":[8.3125,8.1875,8.9375,8.5625],"rotation":0,"texture":"#0","tintindex":0},"south":{"uv":[9.5625,8.1875,10.1875,8.5625],"rotation":0,"texture":"#0","tintindex":0},"up":{"uv":[8.9375,8.1875,8.3125,7.5625],"rotation":0,"texture":"#0","tintindex":0},"west":{"uv":[8.9375,8.1875,9.5625,8.5625],"rotation":0,"texture":"#0","tintindex":0}}},{"name":"cube","from":[4.1,-0.40000033,4.7],"to":[10.700001,9.2,11.3],"rotation":{"angle":0.0,"axis":"x","origin":[5.3,-5.200001,8.9]},"faces":{"down":{"uv":[2.0625,3.75,1.375,4.4375],"rotation":0,"texture":"#0","tintindex":0},"east":{"uv":[0.0,4.4375,0.6875,5.4375],"rotation":0,"texture":"#0","tintindex":0},"north":{"uv":[0.6875,4.4375,1.375,5.4375],"rotation":0,"texture":"#0","tintindex":0},"south":{"uv":[2.0625,4.4375,2.75,5.4375],"rotation":0,"texture":"#0","tintindex":0},"up":{"uv":[1.375,4.4375,0.6875,3.75],"rotation":0,"texture":"#0","tintindex":0},"west":{"uv":[1.375,4.4375,2.0625,5.4375],"rotation":0,"texture":"#0","tintindex":0}}}],"display":{"head":{"translation":[0.0,-6.4,0.0],"rotation":[0.0,0.0,0.0],"scale":[3.8095,3.8095,3.8095]}}}