{"textures":{"0":"modelengine:entity/hades"},"elements":[{"name":"cube","from":[5.72,-9.400001,6.8599997],"to":[10.52,8.0,8.06],"rotation":{"angle":0.0,"axis":"x","origin":[8.0,8.0,8.66]},"faces":{"down":{"uv":[11.5625,7.9375,11.0625,8.0625],"rotation":0,"texture":"#0","tintindex":0},"east":{"uv":[10.4375,8.0625,10.5625,9.875],"rotation":0,"texture":"#0","tintindex":0},"north":{"uv":[10.5625,8.0625,11.0625,9.875],"rotation":0,"texture":"#0","tintindex":0},"south":{"uv":[11.1875,8.0625,11.6875,9.875],"rotation":0,"texture":"#0","tintindex":0},"up":{"uv":[11.0625,8.0625,10.5625,7.9375],"rotation":0,"texture":"#0","tintindex":0},"west":{"uv":[11.0625,8.0625,11.1875,9.875],"rotation":0,"texture":"#0","tintindex":0}}}],"display":{"head":{"translation":[0.0,-6.4,0.0],"rotation":[0.0,0.0,0.0],"scale":[3.8095,3.8095,3.8095]}}}