{"textures":{"0":"modelengine:entity/hades"},"elements":[{"name":"cube","from":[6.2,-5.200001,8.0],"to":[9.8,-2.8000002,12.2],"rotation":{"angle":0.0,"axis":"x","origin":[8.0,6.8,8.0]},"faces":{"down":{"uv":[6.3125,0.0,6.6875,0.4375],"rotation":0,"texture":"#0","tintindex":0},"east":{"uv":[6.75,0.4375,6.3125,0.6875],"rotation":0,"texture":"#0","tintindex":0},"north":{"uv":[6.3125,0.4375,5.9375,0.6875],"rotation":0,"texture":"#0","tintindex":0},"south":{"uv":[7.125,0.4375,6.75,0.6875],"rotation":0,"texture":"#0","tintindex":0},"up":{"uv":[5.9375,0.4375,6.3125,0.0],"rotation":0,"texture":"#0","tintindex":0},"west":{"uv":[5.9375,0.4375,5.5,0.6875],"rotation":0,"texture":"#0","tintindex":0}}},{"name":"cube","from":[5.6,-2.8000002,8.0],"to":[10.4,8.0,12.8],"rotation":{"angle":0.0,"axis":"x","origin":[8.6,-1.6000004,12.8]},"faces":{"down":{"uv":[7.3125,6.5625,7.8125,7.0625],"rotation":0,"texture":"#0","tintindex":0},"east":{"uv":[7.8125,7.0625,7.3125,8.1875],"rotation":0,"texture":"#0","tintindex":0},"north":{"uv":[7.3125,7.0625,6.8125,8.1875],"rotation":0,"texture":"#0","tintindex":0},"south":{"uv":[8.3125,7.0625,7.8125,8.1875],"rotation":0,"texture":"#0","tintindex":0},"up":{"uv":[6.8125,7.0625,7.3125,6.5625],"rotation":0,"texture":"#0","tintindex":0},"west":{"uv":[6.8125,7.0625,6.3125,8.1875],"rotation":0,"texture":"#0","tintindex":0}}},{"name":"cube","from":[5.6,6.2,5.45],"to":[9.2,9.8,6.6499996],"rotation":{"angle":45.0,"axis":"z","origin":[8.0,8.6,6.05]},"faces":{"down":{"uv":[6.0625,6.5625,6.4375,6.6875],"rotation":0,"texture":"#0","tintindex":0},"east":{"uv":[6.1875,6.6875,6.0625,7.0625],"rotation":0,"texture":"#0","tintindex":0},"north":{"uv":[6.0625,6.6875,5.6875,7.0625],"rotation":0,"texture":"#0","tintindex":0},"south":{"uv":[6.5625,6.6875,6.1875,7.0625],"rotation":0,"texture":"#0","tintindex":0},"up":{"uv":[5.6875,6.6875,6.0625,6.5625],"rotation":0,"texture":"#0","tintindex":0},"west":{"uv":[5.6875,6.6875,5.5625,7.0625],"rotation":0,"texture":"#0","tintindex":0}}},{"name":"cube","from":[5.606,2.006,8.0060005],"to":[10.394,7.994,10.394],"rotation":{"angle":-22.5,"axis":"x","origin":[8.6,1.9999998,8.0]},"faces":{"down":{"uv":[9.3125,3.4375,9.8125,3.6875],"rotation":0,"texture":"#0","tintindex":0},"east":{"uv":[9.5625,3.6875,9.3125,4.3125],"rotation":0,"texture":"#0","tintindex":0},"north":{"uv":[9.3125,3.6875,8.8125,4.3125],"rotation":0,"texture":"#0","tintindex":0},"south":{"uv":[10.0625,3.6875,9.5625,4.3125],"rotation":0,"texture":"#0","tintindex":0},"up":{"uv":[8.8125,3.6875,9.3125,3.4375],"rotation":0,"texture":"#0","tintindex":0},"west":{"uv":[8.8125,3.6875,8.5625,4.3125],"rotation":0,"texture":"#0","tintindex":0}}},{"name":"cube","from":[6.8059998,0.32599974,8.0060005],"to":[9.194,6.9140005,9.194],"rotation":{"angle":-22.5,"axis":"x","origin":[8.6,0.3199997,8.0]},"faces":{"down":{"uv":[0.375,1.375,0.625,1.5],"rotation":0,"texture":"#0","tintindex":0},"east":{"uv":[0.5,1.5,0.375,2.1875],"rotation":0,"texture":"#0","tintindex":0},"north":{"uv":[0.375,1.5,0.125,2.1875],"rotation":0,"texture":"#0","tintindex":0},"south":{"uv":[0.75,1.5,0.5,2.1875],"rotation":0,"texture":"#0","tintindex":0},"up":{"uv":[0.125,1.5,0.375,1.375],"rotation":0,"texture":"#0","tintindex":0},"west":{"uv":[0.125,1.5,0.0,2.1875],"rotation":0,"texture":"#0","tintindex":0}}}],"display":{"head":{"translation":[0.0,-6.4,0.0],"rotation":[0.0,0.0,0.0],"scale":[3.8095,3.8095,3.8095]}}}