{"textures":{"0":"modelengine:entity/hades"},"elements":[{"name":"cube","from":[7.5714283,7.5714283,-7.8999996],"to":[8.428572,8.428572,18.67143],"rotation":{"angle":0.0,"axis":"x","origin":[7.5714283,8.428572,1.1000009]},"faces":{"down":{"uv":[10.4375,6.125,10.3125,10.0],"rotation":0,"texture":"#0","tintindex":0},"east":{"uv":[6.3125,10.0,10.1875,10.125],"rotation":0,"texture":"#0","tintindex":0},"north":{"uv":[10.1875,10.0,10.3125,10.125],"rotation":0,"texture":"#0","tintindex":0},"south":{"uv":[14.1875,10.0,14.3125,10.125],"rotation":0,"texture":"#0","tintindex":0},"up":{"uv":[10.3125,10.0,10.1875,6.125],"rotation":0,"texture":"#0","tintindex":0},"west":{"uv":[10.3125,10.0,14.1875,10.125],"rotation":0,"texture":"#0","tintindex":0}}},{"name":"cube","from":[7.528571,7.528571,18.628572],"to":[8.471428,8.471428,32.0],"rotation":{"angle":0.0,"axis":"x","origin":[7.5714283,8.428572,14.3857155]},"faces":{"down":{"uv":[13.375,7.9375,13.25,9.875],"rotation":0,"texture":"#0","tintindex":0},"east":{"uv":[11.1875,9.875,13.125,10.0],"rotation":0,"texture":"#0","tintindex":0},"north":{"uv":[13.125,9.875,13.25,10.0],"rotation":0,"texture":"#0","tintindex":0},"south":{"uv":[15.1875,9.875,15.3125,10.0],"rotation":0,"texture":"#0","tintindex":0},"up":{"uv":[13.25,9.875,13.125,7.9375],"rotation":0,"texture":"#0","tintindex":0},"west":{"uv":[13.25,9.875,15.1875,10.0],"rotation":0,"texture":"#0","tintindex":0}}}],"display":{"head":{"translation":[0.0,-6.4,9.759995],"rotation":[0.0,0.0,0.0],"scale":[3.7333333,3.7333333,3.7333333]}}}