{"textures":{"0":"modelengine:entity/hades"},"elements":[{"name":"cube","from":[7.4,7.1,-2.3200006],"to":[8.6,8.9,-1.1200008],"rotation":{"angle":45.0,"axis":"y","origin":[8.0,8.6,-1.7200003]},"faces":{"down":{"uv":[10.0625,8.5625,9.9375,8.6875],"rotation":0,"texture":"#0","tintindex":0},"east":{"uv":[9.6875,8.6875,9.8125,8.875],"rotation":0,"texture":"#0","tintindex":0},"north":{"uv":[9.8125,8.6875,9.9375,8.875],"rotation":0,"texture":"#0","tintindex":0},"south":{"uv":[10.0625,8.6875,10.1875,8.875],"rotation":0,"texture":"#0","tintindex":0},"up":{"uv":[9.9375,8.6875,9.8125,8.5625],"rotation":0,"texture":"#0","tintindex":0},"west":{"uv":[9.9375,8.6875,10.0625,8.875],"rotation":0,"texture":"#0","tintindex":0}}},{"name":"cube","from":[7.4,7.1,-0.39999962],"to":[8.6,8.9,0.8000002],"rotation":{"angle":45.0,"axis":"y","origin":[8.0,8.6,0.19999981]},"faces":{"down":{"uv":[10.0625,8.5625,9.9375,8.6875],"rotation":0,"texture":"#0","tintindex":0},"east":{"uv":[9.6875,8.6875,9.8125,8.875],"rotation":0,"texture":"#0","tintindex":0},"north":{"uv":[9.8125,8.6875,9.9375,8.875],"rotation":0,"texture":"#0","tintindex":0},"south":{"uv":[10.0625,8.6875,10.1875,8.875],"rotation":0,"texture":"#0","tintindex":0},"up":{"uv":[9.9375,8.6875,9.8125,8.5625],"rotation":0,"texture":"#0","tintindex":0},"west":{"uv":[9.9375,8.6875,10.0625,8.875],"rotation":0,"texture":"#0","tintindex":0}}},{"name":"cube","from":[7.4,7.1,-4.7799997],"to":[9.2,8.9,-2.9800005],"rotation":{"angle":45.0,"axis":"y","origin":[8.0,8.6,-3.579999]},"faces":{"down":{"uv":[9.5625,8.5625,9.375,8.75],"rotation":0,"texture":"#0","tintindex":0},"east":{"uv":[9.0,8.75,9.1875,8.9375],"rotation":0,"texture":"#0","tintindex":0},"north":{"uv":[9.1875,8.75,9.375,8.9375],"rotation":0,"texture":"#0","tintindex":0},"south":{"uv":[9.5625,8.75,9.75,8.9375],"rotation":0,"texture":"#0","tintindex":0},"up":{"uv":[9.375,8.75,9.1875,8.5625],"rotation":0,"texture":"#0","tintindex":0},"west":{"uv":[9.375,8.75,9.5625,8.9375],"rotation":0,"texture":"#0","tintindex":0}}},{"name":"cube","from":[6.14,7.34,-4.0599985],"to":[9.860001,8.66,0.26000023],"rotation":{"angle":0.0,"axis":"x","origin":[7.4,8.6,30.800003]},"faces":{"down":{"uv":[9.5625,9.4375,9.1875,9.875],"rotation":0,"texture":"#0","tintindex":0},"east":{"uv":[8.375,9.875,8.8125,10.0],"rotation":0,"texture":"#0","tintindex":0},"north":{"uv":[8.8125,9.875,9.1875,10.0],"rotation":0,"texture":"#0","tintindex":0},"south":{"uv":[9.625,9.875,10.0,10.0],"rotation":0,"texture":"#0","tintindex":0},"up":{"uv":[9.1875,9.875,8.8125,9.4375],"rotation":0,"texture":"#0","tintindex":0},"west":{"uv":[9.1875,9.875,9.625,10.0],"rotation":0,"texture":"#0","tintindex":0}}},{"name":"cube","from":[3.1999998,8.0,-16.0],"to":[12.8,8.0,3.8000002],"rotation":{"angle":0.0,"axis":"x","origin":[10.4,8.6,12.200001]},"faces":{"down":{"uv":[12.4375,5.375,11.4375,7.4375],"rotation":0,"texture":"#0","tintindex":0},"east":{"uv":[8.375,7.4375,10.4375,7.4375],"rotation":0,"texture":"#0","tintindex":0},"north":{"uv":[10.4375,7.4375,11.4375,7.4375],"rotation":0,"texture":"#0","tintindex":0},"south":{"uv":[13.5,7.4375,14.5,7.4375],"rotation":0,"texture":"#0","tintindex":0},"up":{"uv":[11.4375,7.4375,10.4375,5.375],"rotation":0,"texture":"#0","tintindex":0},"west":{"uv":[11.4375,7.4375,13.5,7.4375],"rotation":0,"texture":"#0","tintindex":0}}}],"display":{"head":{"translation":[0.0,-6.4,-38.08],"rotation":[0.0,0.0,0.0],"scale":[3.8095,3.8095,3.8095]}}}