{"textures":{"0":"modelengine:entity/cerberus","1":"modelengine:entity/cerberus_e"},"elements":[{"name":"cube","from":[3.0499997,1.0999997,-0.25000024],"to":[12.95,12.8,9.65],"rotation":{"angle":45.0,"axis":"x","origin":[8.0,6.5,10.1]},"faces":{"down":{"uv":[4.59375,8.75,3.5625,9.78125],"rotation":0,"texture":"#0","tintindex":0},"east":{"uv":[6.3125,8.125,7.34375,9.34375],"rotation":0,"texture":"#0","tintindex":0},"north":{"uv":[5.25,8.125,6.28125,9.34375],"rotation":0,"texture":"#0","tintindex":0},"south":{"uv":[0.0,8.1875,1.03125,9.40625],"rotation":0,"texture":"#0","tintindex":0},"up":{"uv":[9.34375,9.59375,8.3125,8.5625],"rotation":0,"texture":"#0","tintindex":0},"west":{"uv":[2.5,8.3125,3.53125,9.53125],"rotation":0,"texture":"#0","tintindex":0}}},{"name":"cube","from":[2.6,9.05,0.49999976],"to":[13.400001,20.0,7.4],"rotation":{"angle":0.0,"axis":"x","origin":[8.0,-21.400002,9.2]},"faces":{"down":{"uv":[11.4375,1.3125,10.3125,2.03125],"rotation":0,"texture":"#0","tintindex":0},"east":{"uv":[7.3125,9.9375,8.03125,11.09375],"rotation":0,"texture":"#0","tintindex":0},"north":{"uv":[7.875,6.1875,9.0,7.34375],"rotation":0,"texture":"#0","tintindex":0},"south":{"uv":[7.875,7.375,9.0,8.53125],"rotation":0,"texture":"#0","tintindex":0},"up":{"uv":[11.25,5.15625,10.125,4.4375],"rotation":0,"texture":"#0","tintindex":0},"west":{"uv":[10.0,2.25,10.71875,3.40625],"rotation":0,"texture":"#0","tintindex":0}}},{"name":"cube","from":[8.45,12.05,1.3999997],"to":[11.45,23.0,1.3999997],"rotation":{"angle":0.0,"axis":"x","origin":[8.0,-21.400002,9.2]},"faces":{"down":{"uv":[0.3125,0.0,0.0,0.0],"rotation":0,"texture":"#0","tintindex":0},"east":{"uv":[0.0,0.0,0.0,1.15625],"rotation":0,"texture":"#0","tintindex":0},"north":{"uv":[2.0,15.25,2.3125,16.40625],"rotation":0,"texture":"#0","tintindex":0},"south":{"uv":[2.3125,15.25,2.625,16.40625],"rotation":0,"texture":"#0","tintindex":0},"up":{"uv":[0.3125,0.0,0.0,0.0],"rotation":0,"texture":"#0","tintindex":0},"west":{"uv":[0.0,0.0,0.0,1.15625],"rotation":0,"texture":"#0","tintindex":0}}},{"name":"cube","from":[4.85,12.05,1.3999997],"to":[7.85,23.0,1.3999997],"rotation":{"angle":0.0,"axis":"x","origin":[8.0,-21.400002,9.2]},"faces":{"down":{"uv":[0.3125,0.0,0.0,0.0],"rotation":0,"texture":"#0","tintindex":0},"east":{"uv":[0.0,0.0,0.0,1.15625],"rotation":0,"texture":"#0","tintindex":0},"north":{"uv":[11.4375,15.3125,11.75,16.46875],"rotation":0,"texture":"#0","tintindex":0},"south":{"uv":[11.75,15.3125,12.0625,16.46875],"rotation":0,"texture":"#0","tintindex":0},"up":{"uv":[0.3125,0.0,0.0,0.0],"rotation":0,"texture":"#0","tintindex":0},"west":{"uv":[0.0,0.0,0.0,1.15625],"rotation":0,"texture":"#0","tintindex":0}}},{"name":"cube","from":[3.1999998,9.2,-3.2500005],"to":[12.8,18.35,6.2],"rotation":{"angle":0.0,"axis":"x","origin":[8.0,-21.400002,9.2]},"faces":{"down":{"uv":[10.0,3.25,9.0,4.25],"rotation":0,"texture":"#0","tintindex":0},"east":{"uv":[9.0,6.875,10.0,7.84375],"rotation":0,"texture":"#0","tintindex":0},"north":{"uv":[9.0,5.875,10.0,6.84375],"rotation":0,"texture":"#0","tintindex":0},"south":{"uv":[4.625,9.375,5.625,10.34375],"rotation":0,"texture":"#0","tintindex":0},"up":{"uv":[9.9375,3.25,8.9375,2.25],"rotation":0,"texture":"#0","tintindex":0},"west":{"uv":[5.625,9.375,6.625,10.34375],"rotation":0,"texture":"#0","tintindex":0}}},{"name":"cube","from":[4.5499997,10.55,-10.6],"to":[11.45,14.150001,0.19999981],"rotation":{"angle":0.0,"axis":"x","origin":[8.0,-21.850002,9.2]},"faces":{"down":{"uv":[5.03125,10.375,4.3125,11.5],"rotation":0,"texture":"#0","tintindex":0},"east":{"uv":[11.4375,1.25,12.5625,1.625],"rotation":0,"texture":"#0","tintindex":0},"north":{"uv":[10.4375,0.9375,11.15625,1.3125],"rotation":0,"texture":"#0","tintindex":0},"south":{"uv":[5.0625,11.3125,5.78125,11.6875],"rotation":0,"texture":"#0","tintindex":0},"up":{"uv":[11.03125,9.0,10.3125,7.875],"rotation":0,"texture":"#0","tintindex":0},"west":{"uv":[11.4375,1.625,12.5625,2.0],"rotation":0,"texture":"#0","tintindex":0}}},{"name":"cube","from":[5.0,9.353772,-11.505645],"to":[11.0,12.503772,-9.855645],"rotation":{"angle":-22.5,"axis":"x","origin":[7.775,11.453773,-14.205646]},"faces":{"down":{"uv":[12.625,7.625,12.0,7.8125],"rotation":0,"texture":"#0","tintindex":0},"east":{"uv":[8.0625,10.5,8.25,10.84375],"rotation":0,"texture":"#0","tintindex":0},"north":{"uv":[5.8125,11.4375,6.4375,11.78125],"rotation":0,"texture":"#0","tintindex":0},"south":{"uv":[11.4375,10.5625,12.0625,10.90625],"rotation":0,"texture":"#0","tintindex":0},"up":{"uv":[12.625,5.1875,12.0,5.0],"rotation":0,"texture":"#0","tintindex":0},"west":{"uv":[7.0625,10.6875,7.25,11.03125],"rotation":0,"texture":"#0","tintindex":0}}},{"name":"cube","from":[5.45,8.75,-10.6],"to":[10.55,10.55,-10.6],"rotation":{"angle":0.0,"axis":"x","origin":[8.0,-21.850002,9.2]},"faces":{"down":{"uv":[0.53125,0.0,0.0,0.0],"rotation":0,"texture":"#0","tintindex":0},"east":{"uv":[0.0,0.0,0.0,0.1875],"rotation":0,"texture":"#0","tintindex":0},"north":{"uv":[3.9375,12.0625,4.46875,12.25],"rotation":0,"texture":"#0","tintindex":0},"south":{"uv":[5.0,12.0625,5.53125,12.25],"rotation":0,"texture":"#0","tintindex":0},"up":{"uv":[0.53125,0.0,0.0,0.0],"rotation":0,"texture":"#0","tintindex":0},"west":{"uv":[0.0,0.0,0.0,0.1875],"rotation":0,"texture":"#0","tintindex":0}}},{"name":"cube","from":[10.700001,8.75,-10.750001],"to":[10.700001,10.55,-3.1000004],"rotation":{"angle":0.0,"axis":"x","origin":[8.0,-21.850002,9.2]},"faces":{"down":{"uv":[0.0,0.0,0.0,0.8125],"rotation":0,"texture":"#0","tintindex":0},"east":{"uv":[11.75,7.0,12.5625,7.1875],"rotation":0,"texture":"#0","tintindex":0},"north":{"uv":[0.0,0.0,0.0,0.1875],"rotation":0,"texture":"#0","tintindex":0},"south":{"uv":[0.0,0.0,0.0,0.1875],"rotation":0,"texture":"#0","tintindex":0},"up":{"uv":[0.0,0.8125,0.0,0.0],"rotation":0,"texture":"#0","tintindex":0},"west":{"uv":[7.0625,11.75,7.875,11.9375],"rotation":0,"texture":"#0","tintindex":0}}},{"name":"cube","from":[5.3,8.75,-10.750001],"to":[5.3,10.55,-3.1000004],"rotation":{"angle":0.0,"axis":"x","origin":[8.0,-21.850002,9.2]},"faces":{"down":{"uv":[0.0,0.0,0.0,0.8125],"rotation":0,"texture":"#0","tintindex":0},"east":{"uv":[10.9375,11.75,11.75,11.9375],"rotation":0,"texture":"#0","tintindex":0},"north":{"uv":[0.0,0.0,0.0,0.1875],"rotation":0,"texture":"#0","tintindex":0},"south":{"uv":[0.0,0.0,0.0,0.1875],"rotation":0,"texture":"#0","tintindex":0},"up":{"uv":[0.0,0.8125,0.0,0.0],"rotation":0,"texture":"#0","tintindex":0},"west":{"uv":[11.75,11.75,12.5625,11.9375],"rotation":0,"texture":"#0","tintindex":0}}},{"name":"cube","from":[4.1,11.0,-6.55],"to":[11.900001,13.25,-1.0000005],"rotation":{"angle":-22.5,"axis":"x","origin":[7.775,12.575,-8.8]},"faces":{"down":{"uv":[9.8125,11.1875,9.0,11.78125],"rotation":0,"texture":"#0","tintindex":0},"east":{"uv":[1.3125,5.4375,1.90625,5.6875],"rotation":0,"texture":"#0","tintindex":0},"north":{"uv":[9.0,4.875,9.8125,5.125],"rotation":0,"texture":"#0","tintindex":0},"south":{"uv":[11.5625,7.8125,12.375,8.0625],"rotation":0,"texture":"#0","tintindex":0},"up":{"uv":[7.875,11.71875,7.0625,11.125],"rotation":0,"texture":"#0","tintindex":0},"west":{"uv":[5.25,7.875,5.84375,8.125],"rotation":0,"texture":"#0","tintindex":0}}}],"display":{"head":{"translation":[0.0,-6.4,0.0],"rotation":[0.0,0.0,0.0],"scale":[3.8095,3.8095,3.8095]}}}