{"textures":{"0":"modelengine:entity/cerberus","1":"modelengine:entity/cerberus_e"},"elements":[{"name":"cube","from":[-1.1500006,-1.0000005,8.0],"to":[17.150002,13.85,19.1],"rotation":{"angle":0.0,"axis":"x","origin":[8.0,-22.600002,3.7999997]},"faces":{"down":{"uv":[4.53125,5.6875,2.625,6.84375],"rotation":0,"texture":"#0","tintindex":0},"east":{"uv":[0.0,6.625,1.15625,8.1875],"rotation":0,"texture":"#0","tintindex":0},"north":{"uv":[2.3125,2.625,4.21875,4.1875],"rotation":0,"texture":"#0","tintindex":0},"south":{"uv":[0.0,3.375,1.90625,4.9375],"rotation":0,"texture":"#0","tintindex":0},"up":{"uv":[6.53125,2.53125,4.625,1.375],"rotation":0,"texture":"#0","tintindex":0},"west":{"uv":[4.0625,7.1875,5.21875,8.75],"rotation":0,"texture":"#0","tintindex":0}}},{"name":"cube","from":[1.6999998,2.1499996,19.1],"to":[14.3,12.05,21.350002],"rotation":{"angle":0.0,"axis":"x","origin":[8.0,-22.600002,3.7999997]},"faces":{"down":{"uv":[12.5,10.3125,11.1875,10.5625],"rotation":0,"texture":"#0","tintindex":0},"east":{"uv":[1.25,11.125,1.5,12.15625],"rotation":0,"texture":"#0","tintindex":0},"north":{"uv":[1.1875,7.375,2.5,8.40625],"rotation":0,"texture":"#0","tintindex":0},"south":{"uv":[7.4375,5.125,8.75,6.15625],"rotation":0,"texture":"#0","tintindex":0},"up":{"uv":[8.75,4.0,7.4375,3.75],"rotation":0,"texture":"#0","tintindex":0},"west":{"uv":[0.0,11.375,0.25,12.40625],"rotation":0,"texture":"#0","tintindex":0}}}],"display":{"head":{"translation":[0.0,-6.4,0.0],"rotation":[0.0,0.0,0.0],"scale":[3.8095,3.8095,3.8095]}}}