{"textures":{"0":"modelengine:entity/cerberus","1":"modelengine:entity/cerberus_e"},"elements":[{"name":"cube","from":[6.2,-2.3500004,4.3999996],"to":[11.6,8.45,8.75],"rotation":{"angle":22.5,"axis":"x","origin":[7.55,3.0499997,8.225]},"faces":{"down":{"uv":[10.375,11.1875,9.8125,11.65625],"rotation":0,"texture":"#0","tintindex":0},"east":{"uv":[10.9375,10.5625,11.40625,11.6875],"rotation":0,"texture":"#0","tintindex":0},"north":{"uv":[6.5,10.6875,7.0625,11.8125],"rotation":0,"texture":"#0","tintindex":0},"south":{"uv":[10.75,2.0625,11.3125,3.1875],"rotation":0,"texture":"#0","tintindex":0},"up":{"uv":[4.25,11.59375,3.6875,11.125],"rotation":0,"texture":"#0","tintindex":0},"west":{"uv":[11.0625,7.3125,11.53125,8.4375],"rotation":0,"texture":"#0","tintindex":0}}}],"display":{"head":{"translation":[0.0,-6.4,0.0],"rotation":[0.0,0.0,0.0],"scale":[3.8095,3.8095,3.8095]}}}