{"textures":{"0":"modelengine:entity/cerberus","1":"modelengine:entity/cerberus_e"},"elements":[{"name":"cube","from":[6.8317127,8.122704,6.875],"to":[9.831713,13.072703,8.375],"rotation":{"angle":0.0,"axis":"x","origin":[12.681713,-32.377296,14.525001]},"faces":{"down":{"uv":[6.0,5.5,5.6875,5.65625],"rotation":0,"texture":"#0","tintindex":0},"east":{"uv":[6.375,0.0,6.53125,0.53125],"rotation":0,"texture":"#0","tintindex":0},"north":{"uv":[1.9375,3.375,2.25,3.90625],"rotation":0,"texture":"#0","tintindex":0},"south":{"uv":[9.0,7.875,9.3125,8.40625],"rotation":0,"texture":"#0","tintindex":0},"up":{"uv":[5.625,4.15625,5.3125,4.0],"rotation":0,"texture":"#0","tintindex":0},"west":{"uv":[6.375,0.5625,6.53125,1.09375],"rotation":0,"texture":"#0","tintindex":0}}},{"name":"cube","from":[5.7817125,8.122704,7.175],"to":[8.631713,11.272704,8.075],"rotation":{"angle":22.5,"axis":"z","origin":[8.331713,10.597704,7.625]},"faces":{"down":{"uv":[2.75,11.6875,2.4375,11.78125],"rotation":0,"texture":"#0","tintindex":0},"east":{"uv":[0.9375,9.4375,1.03125,9.78125],"rotation":0,"texture":"#0","tintindex":0},"north":{"uv":[10.4375,12.0,10.75,12.34375],"rotation":0,"texture":"#0","tintindex":0},"south":{"uv":[12.0625,2.0,12.375,2.34375],"rotation":0,"texture":"#0","tintindex":0},"up":{"uv":[11.8125,5.78125,11.5,5.6875],"rotation":0,"texture":"#0","tintindex":0},"west":{"uv":[0.8125,10.4375,0.90625,10.78125],"rotation":0,"texture":"#0","tintindex":0}}},{"name":"cube","from":[5.9317126,9.622704,7.0249996],"to":[8.931713,12.772704,8.225],"rotation":{"angle":-22.5,"axis":"z","origin":[7.131713,10.597704,7.625]},"faces":{"down":{"uv":[4.9375,9.25,4.625,9.375],"rotation":0,"texture":"#0","tintindex":0},"east":{"uv":[1.1875,6.625,1.3125,6.96875],"rotation":0,"texture":"#0","tintindex":0},"north":{"uv":[7.125,5.125,7.4375,5.46875],"rotation":0,"texture":"#0","tintindex":0},"south":{"uv":[10.125,12.0,10.4375,12.34375],"rotation":0,"texture":"#0","tintindex":0},"up":{"uv":[9.3125,8.5625,9.0,8.4375],"rotation":0,"texture":"#0","tintindex":0},"west":{"uv":[1.1875,7.0,1.3125,7.34375],"rotation":0,"texture":"#0","tintindex":0}}},{"name":"cube","from":[5.4817123,12.772704,7.0249996],"to":[7.5817127,14.872704,8.225],"rotation":{"angle":45.0,"axis":"z","origin":[8.331713,15.622704,7.625]},"faces":{"down":{"uv":[5.78125,12.0625,5.5625,12.1875],"rotation":0,"texture":"#0","tintindex":0},"east":{"uv":[6.375,1.125,6.5,1.34375],"rotation":0,"texture":"#0","tintindex":0},"north":{"uv":[8.75,3.75,8.96875,3.96875],"rotation":0,"texture":"#0","tintindex":0},"south":{"uv":[8.75,5.875,8.96875,6.09375],"rotation":0,"texture":"#0","tintindex":0},"up":{"uv":[11.96875,7.3125,11.75,7.1875],"rotation":0,"texture":"#0","tintindex":0},"west":{"uv":[5.875,7.875,6.0,8.09375],"rotation":0,"texture":"#0","tintindex":0}}}],"display":{"head":{"translation":[0.0,-6.4,0.0],"rotation":[0.0,0.0,0.0],"scale":[3.8095,3.8095,3.8095]}}}