{"textures":{"0":"modelengine:entity/cerberus","1":"modelengine:entity/cerberus_e"},"elements":[{"name":"cube","from":[4.3999996,-2.3500004,4.3999996],"to":[9.8,8.45,8.75],"rotation":{"angle":22.5,"axis":"x","origin":[8.45,3.0499997,8.225]},"faces":{"down":{"uv":[9.8125,11.1875,10.375,11.65625],"rotation":0,"texture":"#0","tintindex":0},"east":{"uv":[11.53125,7.3125,11.0625,8.4375],"rotation":0,"texture":"#0","tintindex":0},"north":{"uv":[7.0625,10.6875,6.5,11.8125],"rotation":0,"texture":"#0","tintindex":0},"south":{"uv":[11.3125,2.0625,10.75,3.1875],"rotation":0,"texture":"#0","tintindex":0},"up":{"uv":[3.6875,11.59375,4.25,11.125],"rotation":0,"texture":"#0","tintindex":0},"west":{"uv":[11.40625,10.5625,10.9375,11.6875],"rotation":0,"texture":"#0","tintindex":0}}}],"display":{"head":{"translation":[0.0,-6.4,0.0],"rotation":[0.0,0.0,0.0],"scale":[3.8095,3.8095,3.8095]}}}