{"textures":{"0":"modelengine:entity/cerberus","1":"modelengine:entity/cerberus_e"},"elements":[{"name":"cube","from":[6.1682873,8.122704,6.875],"to":[9.168287,13.072703,8.375],"rotation":{"angle":0.0,"axis":"x","origin":[3.3182871,-32.377296,14.525001]},"faces":{"down":{"uv":[1.9375,10.375,1.625,10.53125],"rotation":0,"texture":"#0","tintindex":0},"east":{"uv":[9.9375,4.4375,10.09375,4.96875],"rotation":0,"texture":"#0","tintindex":0},"north":{"uv":[1.625,9.8125,1.9375,10.34375],"rotation":0,"texture":"#0","tintindex":0},"south":{"uv":[4.3125,9.8125,4.625,10.34375],"rotation":0,"texture":"#0","tintindex":0},"up":{"uv":[10.625,2.21875,10.3125,2.0625],"rotation":0,"texture":"#0","tintindex":0},"west":{"uv":[7.875,11.125,8.03125,11.65625],"rotation":0,"texture":"#0","tintindex":0}}},{"name":"cube","from":[7.368287,8.122704,7.175],"to":[10.218287,11.272704,8.075],"rotation":{"angle":-22.5,"axis":"z","origin":[7.6682873,10.597704,7.625]},"faces":{"down":{"uv":[12.375,4.0625,12.0625,4.15625],"rotation":0,"texture":"#0","tintindex":0},"east":{"uv":[2.8125,10.5625,2.90625,10.90625],"rotation":0,"texture":"#0","tintindex":0},"north":{"uv":[12.0625,2.375,12.375,2.71875],"rotation":0,"texture":"#0","tintindex":0},"south":{"uv":[12.0625,2.75,12.375,3.09375],"rotation":0,"texture":"#0","tintindex":0},"up":{"uv":[5.8125,11.78125,5.5,11.6875],"rotation":0,"texture":"#0","tintindex":0},"west":{"uv":[1.5,11.125,1.59375,11.46875],"rotation":0,"texture":"#0","tintindex":0}}},{"name":"cube","from":[7.068287,9.622704,7.0249996],"to":[10.068287,12.772704,8.225],"rotation":{"angle":22.5,"axis":"z","origin":[8.868287,10.597704,7.625]},"faces":{"down":{"uv":[10.125,5.0,9.8125,5.125],"rotation":0,"texture":"#0","tintindex":0},"east":{"uv":[2.5,7.375,2.625,7.71875],"rotation":0,"texture":"#0","tintindex":0},"north":{"uv":[12.0625,3.125,12.375,3.46875],"rotation":0,"texture":"#0","tintindex":0},"south":{"uv":[12.0625,3.5,12.375,3.84375],"rotation":0,"texture":"#0","tintindex":0},"up":{"uv":[5.25,9.375,4.9375,9.25],"rotation":0,"texture":"#0","tintindex":0},"west":{"uv":[2.5,7.75,2.625,8.09375],"rotation":0,"texture":"#0","tintindex":0}}},{"name":"cube","from":[8.418287,12.772704,7.0249996],"to":[10.518288,14.872704,8.225],"rotation":{"angle":-45.0,"axis":"z","origin":[7.6682873,15.622704,7.625]},"faces":{"down":{"uv":[6.03125,12.0625,5.8125,12.1875],"rotation":0,"texture":"#0","tintindex":0},"east":{"uv":[1.0625,8.1875,1.1875,8.40625],"rotation":0,"texture":"#0","tintindex":0},"north":{"uv":[10.8125,4.1875,11.03125,4.40625],"rotation":0,"texture":"#0","tintindex":0},"south":{"uv":[4.5,12.0625,4.71875,12.28125],"rotation":0,"texture":"#0","tintindex":0},"up":{"uv":[12.28125,5.875,12.0625,5.75],"rotation":0,"texture":"#0","tintindex":0},"west":{"uv":[6.5,10.375,6.625,10.59375],"rotation":0,"texture":"#0","tintindex":0}}}],"display":{"head":{"translation":[0.0,-6.4,0.0],"rotation":[0.0,0.0,0.0],"scale":[3.8095,3.8095,3.8095]}}}