{"textures":{"0":"modelengine:entity/cerberus","1":"modelengine:entity/cerberus_e"},"elements":[{"name":"cube","from":[6.05,7.4,8.15],"to":[9.950001,10.4,20.0],"rotation":{"angle":0.0,"axis":"x","origin":[8.0,3.0499997,0.34999967]},"faces":{"down":{"uv":[3.65625,11.125,3.25,12.375],"rotation":0,"texture":"#0","tintindex":0},"east":{"uv":[10.8125,5.8125,12.0625,6.25],"rotation":0,"texture":"#0","tintindex":0},"north":{"uv":[7.375,8.125,7.78125,8.5625],"rotation":0,"texture":"#0","tintindex":0},"south":{"uv":[3.5625,8.3125,3.96875,8.75],"rotation":0,"texture":"#0","tintindex":0},"up":{"uv":[3.21875,12.375,2.8125,11.125],"rotation":0,"texture":"#0","tintindex":0},"west":{"uv":[10.8125,6.25,12.0625,6.6875],"rotation":0,"texture":"#0","tintindex":0}}},{"name":"cube","from":[8.0,10.1,8.3],"to":[8.0,14.150001,20.150002],"rotation":{"angle":0.0,"axis":"x","origin":[8.0,3.0499997,0.34999967]},"faces":{"down":{"uv":[16.0,9.375,16.0,10.625],"rotation":0,"texture":"#0","tintindex":0},"east":{"uv":[14.875,3.1875,16.125,3.625],"rotation":0,"texture":"#0","tintindex":0},"north":{"uv":[16.0,9.6875,16.0,10.125],"rotation":0,"texture":"#0","tintindex":0},"south":{"uv":[16.0,7.625,16.0,8.0625],"rotation":0,"texture":"#0","tintindex":0},"up":{"uv":[16.0,7.875,16.0,6.625],"rotation":0,"texture":"#0","tintindex":0},"west":{"uv":[10.875,14.875,12.125,15.3125],"rotation":0,"texture":"#0","tintindex":0}}},{"name":"cube","from":[6.5,10.25,7.55],"to":[6.5,14.3,19.400002],"rotation":{"angle":-22.5,"axis":"z","origin":[8.0,3.0499997,0.34999967]},"faces":{"down":{"uv":[16.0,7.5625,16.0,8.8125],"rotation":0,"texture":"#0","tintindex":0},"east":{"uv":[14.875,3.1875,16.125,3.625],"rotation":0,"texture":"#0","tintindex":0},"north":{"uv":[16.0,8.75,16.0,9.1875],"rotation":0,"texture":"#0","tintindex":0},"south":{"uv":[16.0,6.75,16.0,7.1875],"rotation":0,"texture":"#0","tintindex":0},"up":{"uv":[16.0,10.3125,16.0,9.0625],"rotation":0,"texture":"#0","tintindex":0},"west":{"uv":[10.875,14.875,12.125,15.3125],"rotation":0,"texture":"#0","tintindex":0}}},{"name":"cube","from":[9.5,10.25,7.55],"to":[9.5,14.3,19.400002],"rotation":{"angle":22.5,"axis":"z","origin":[8.0,3.0499997,0.34999967]},"faces":{"down":{"uv":[16.0,6.625,16.0,7.875],"rotation":0,"texture":"#0","tintindex":0},"east":{"uv":[12.125,14.875,10.875,15.3125],"rotation":0,"texture":"#0","tintindex":0},"north":{"uv":[16.0,7.75,16.0,8.1875],"rotation":0,"texture":"#0","tintindex":0},"south":{"uv":[16.0,7.625,16.0,8.0625],"rotation":0,"texture":"#0","tintindex":0},"up":{"uv":[16.0,8.5,16.0,7.25],"rotation":0,"texture":"#0","tintindex":0},"west":{"uv":[16.125,3.1875,14.875,3.625],"rotation":0,"texture":"#0","tintindex":0}}}],"display":{"head":{"translation":[0.0,-6.4,0.0],"rotation":[0.0,0.0,0.0],"scale":[3.8095,3.8095,3.8095]}}}