{"textures":{"0":"modelengine:entity/texture"},"elements":[{"name":"cube","from":[4.384021,-0.7085743,6.8],"to":[11.584022,1.6914258,9.2],"rotation":{"angle":0.0,"axis":"x","origin":[7.984021,0.49142575,8.0]},"faces":{"down":{"uv":[6.125,5.3125,5.75,5.4375],"rotation":0,"texture":"#0","tintindex":0},"east":{"uv":[5.25,5.4375,5.375,5.5625],"rotation":0,"texture":"#0","tintindex":0},"north":{"uv":[5.375,5.4375,5.75,5.5625],"rotation":0,"texture":"#0","tintindex":0},"south":{"uv":[5.875,5.4375,6.25,5.5625],"rotation":0,"texture":"#0","tintindex":0},"up":{"uv":[5.75,5.4375,5.375,5.3125],"rotation":0,"texture":"#0","tintindex":0},"west":{"uv":[5.75,5.4375,5.875,5.5625],"rotation":0,"texture":"#0","tintindex":0}}},{"name":"cube","from":[14.284022,4.391426,6.8],"to":[16.684021,11.591426,9.2],"rotation":{"angle":0.0,"axis":"x","origin":[15.484022,7.991426,8.0]},"faces":{"down":{"uv":[8.8125,3.59375,8.6875,3.71875],"rotation":0,"texture":"#0","tintindex":0},"east":{"uv":[8.4375,3.71875,8.5625,4.09375],"rotation":0,"texture":"#0","tintindex":0},"north":{"uv":[8.5625,3.71875,8.6875,4.09375],"rotation":0,"texture":"#0","tintindex":0},"south":{"uv":[8.8125,3.71875,8.9375,4.09375],"rotation":0,"texture":"#0","tintindex":0},"up":{"uv":[8.6875,3.71875,8.5625,3.59375],"rotation":0,"texture":"#0","tintindex":0},"west":{"uv":[8.6875,3.71875,8.8125,4.09375],"rotation":0,"texture":"#0","tintindex":0}}},{"name":"cube","from":[9.747625,1.4881238,6.8],"to":[16.947624,3.888124,9.2],"rotation":{"angle":45.0,"axis":"z","origin":[13.347625,2.688124,8.0]},"faces":{"down":{"uv":[6.125,5.0625,5.75,5.1875],"rotation":0,"texture":"#0","tintindex":0},"east":{"uv":[5.25,5.1875,5.375,5.3125],"rotation":0,"texture":"#0","tintindex":0},"north":{"uv":[5.375,5.1875,5.75,5.3125],"rotation":0,"texture":"#0","tintindex":0},"south":{"uv":[5.875,5.1875,6.25,5.3125],"rotation":0,"texture":"#0","tintindex":0},"up":{"uv":[5.75,5.1875,5.375,5.0625],"rotation":0,"texture":"#0","tintindex":0},"west":{"uv":[5.75,5.1875,5.875,5.3125],"rotation":0,"texture":"#0","tintindex":0}}},{"name":"cube","from":[-0.8589773,1.4881238,6.8],"to":[6.3410234,3.888124,9.2],"rotation":{"angle":-45.0,"axis":"z","origin":[2.741023,2.688124,8.0]},"faces":{"down":{"uv":[6.125,4.8125,5.75,4.9375],"rotation":0,"texture":"#0","tintindex":0},"east":{"uv":[5.25,4.9375,5.375,5.0625],"rotation":0,"texture":"#0","tintindex":0},"north":{"uv":[5.375,4.9375,5.75,5.0625],"rotation":0,"texture":"#0","tintindex":0},"south":{"uv":[5.875,4.9375,6.25,5.0625],"rotation":0,"texture":"#0","tintindex":0},"up":{"uv":[5.75,4.9375,5.375,4.8125],"rotation":0,"texture":"#0","tintindex":0},"west":{"uv":[5.75,4.9375,5.875,5.0625],"rotation":0,"texture":"#0","tintindex":0}}},{"name":"cube","from":[4.384021,14.291427,6.8],"to":[11.584022,16.691425,9.2],"rotation":{"angle":0.0,"axis":"z","origin":[7.984021,15.491426,8.0]},"faces":{"down":{"uv":[6.125,4.5625,5.75,4.6875],"rotation":0,"texture":"#0","tintindex":0},"east":{"uv":[5.25,4.6875,5.375,4.8125],"rotation":0,"texture":"#0","tintindex":0},"north":{"uv":[5.375,4.6875,5.75,4.8125],"rotation":0,"texture":"#0","tintindex":0},"south":{"uv":[5.875,4.6875,6.25,4.8125],"rotation":0,"texture":"#0","tintindex":0},"up":{"uv":[5.75,4.6875,5.375,4.5625],"rotation":0,"texture":"#0","tintindex":0},"west":{"uv":[5.75,4.6875,5.875,4.8125],"rotation":0,"texture":"#0","tintindex":0}}},{"name":"cube","from":[-0.7159791,4.391426,6.8],"to":[1.6840209,11.591426,9.2],"rotation":{"angle":0.0,"axis":"x","origin":[0.48402095,7.991426,8.0]},"faces":{"down":{"uv":[8.6875,7.9375,8.5625,8.0625],"rotation":0,"texture":"#0","tintindex":0},"east":{"uv":[8.3125,8.0625,8.4375,8.4375],"rotation":0,"texture":"#0","tintindex":0},"north":{"uv":[8.4375,8.0625,8.5625,8.4375],"rotation":0,"texture":"#0","tintindex":0},"south":{"uv":[8.6875,8.0625,8.8125,8.4375],"rotation":0,"texture":"#0","tintindex":0},"up":{"uv":[8.5625,8.0625,8.4375,7.9375],"rotation":0,"texture":"#0","tintindex":0},"west":{"uv":[8.5625,8.0625,8.6875,8.4375],"rotation":0,"texture":"#0","tintindex":0}}},{"name":"cube","from":[-0.9536257,12.06206,6.8],"to":[6.246375,14.46206,9.2],"rotation":{"angle":45.0,"axis":"z","origin":[2.6463747,13.38206,8.0]},"faces":{"down":{"uv":[6.125,4.3125,5.75,4.4375],"rotation":0,"texture":"#0","tintindex":0},"east":{"uv":[5.25,4.4375,5.375,4.5625],"rotation":0,"texture":"#0","tintindex":0},"north":{"uv":[5.375,4.4375,5.75,4.5625],"rotation":0,"texture":"#0","tintindex":0},"south":{"uv":[5.875,4.4375,6.25,4.5625],"rotation":0,"texture":"#0","tintindex":0},"up":{"uv":[5.75,4.4375,5.375,4.3125],"rotation":0,"texture":"#0","tintindex":0},"west":{"uv":[5.75,4.4375,5.875,4.5625],"rotation":0,"texture":"#0","tintindex":0}}},{"name":"cube","from":[9.728891,12.0759945,6.8],"to":[16.92889,14.475994,9.2],"rotation":{"angle":-45.0,"axis":"z","origin":[13.328891,13.275994,8.0]},"faces":{"down":{"uv":[6.125,4.0625,5.75,4.1875],"rotation":0,"texture":"#0","tintindex":0},"east":{"uv":[5.25,4.1875,5.375,4.3125],"rotation":0,"texture":"#0","tintindex":0},"north":{"uv":[5.375,4.1875,5.75,4.3125],"rotation":0,"texture":"#0","tintindex":0},"south":{"uv":[5.875,4.1875,6.25,4.3125],"rotation":0,"texture":"#0","tintindex":0},"up":{"uv":[5.75,4.1875,5.375,4.0625],"rotation":0,"texture":"#0","tintindex":0},"west":{"uv":[5.75,4.1875,5.875,4.3125],"rotation":0,"texture":"#0","tintindex":0}}}],"display":{"head":{"translation":[0.0,-6.4,0.0],"rotation":[0.0,0.0,0.0],"scale":[3.8095,3.8095,3.8095]}}}