{"textures":{"0":"modelengine:entity/texture"},"elements":[{"name":"cube","from":[2.568039,7.4,6.8],"to":[31.368038,8.6,9.2],"rotation":{"angle":0.0,"axis":"x","origin":[2.568039,8.0,8.0]},"faces":{"down":{"uv":[3.125,0.0,1.625,0.125],"rotation":0,"texture":"#0","tintindex":0},"east":{"uv":[0.0,0.125,0.125,0.1875],"rotation":0,"texture":"#0","tintindex":0},"north":{"uv":[0.125,0.125,1.625,0.1875],"rotation":0,"texture":"#0","tintindex":0},"south":{"uv":[1.75,0.125,3.25,0.1875],"rotation":0,"texture":"#0","tintindex":0},"up":{"uv":[1.625,0.125,0.125,0.0],"rotation":0,"texture":"#0","tintindex":0},"west":{"uv":[1.625,0.125,1.75,0.1875],"rotation":0,"texture":"#0","tintindex":0}}},{"name":"feather","from":[3.1680393,-6.249999,7.4],"to":[6.768037,7.4,8.0],"rotation":{"angle":-45.0,"axis":"z","origin":[4.9680386,7.4,7.7]},"faces":{"down":{"uv":[5.625,7.84375,5.4375,7.875],"rotation":0,"texture":"#0","tintindex":0},"east":{"uv":[5.21875,7.875,5.25,8.5625],"rotation":0,"texture":"#0","tintindex":0},"north":{"uv":[5.25,7.875,5.4375,8.5625],"rotation":0,"texture":"#0","tintindex":0},"south":{"uv":[5.46875,7.875,5.65625,8.5625],"rotation":0,"texture":"#0","tintindex":0},"up":{"uv":[5.4375,7.875,5.25,7.84375],"rotation":0,"texture":"#0","tintindex":0},"west":{"uv":[5.4375,7.875,5.46875,8.5625],"rotation":0,"texture":"#0","tintindex":0}}},{"name":"feather","from":[6.1680393,-6.3999996,7.4],"to":[9.768037,7.4,8.0],"rotation":{"angle":-22.5,"axis":"z","origin":[7.9680367,7.4,7.7]},"faces":{"down":{"uv":[6.71875,0.0,6.53125,0.03125],"rotation":0,"texture":"#0","tintindex":0},"east":{"uv":[6.3125,0.03125,6.34375,0.75],"rotation":0,"texture":"#0","tintindex":0},"north":{"uv":[6.34375,0.03125,6.53125,0.75],"rotation":0,"texture":"#0","tintindex":0},"south":{"uv":[6.5625,0.03125,6.75,0.75],"rotation":0,"texture":"#0","tintindex":0},"up":{"uv":[6.53125,0.03125,6.34375,0.0],"rotation":0,"texture":"#0","tintindex":0},"west":{"uv":[6.53125,0.03125,6.5625,0.75],"rotation":0,"texture":"#0","tintindex":0}}},{"name":"feather","from":[8.568037,-6.3999996,7.4],"to":[12.168037,7.4,8.0],"rotation":{"angle":0.0,"axis":"x","origin":[11.568037,7.4,7.7]},"faces":{"down":{"uv":[0.84375,6.28125,0.65625,6.3125],"rotation":0,"texture":"#0","tintindex":0},"east":{"uv":[0.4375,6.3125,0.46875,7.03125],"rotation":0,"texture":"#0","tintindex":0},"north":{"uv":[0.46875,6.3125,0.65625,7.03125],"rotation":0,"texture":"#0","tintindex":0},"south":{"uv":[0.6875,6.3125,0.875,7.03125],"rotation":0,"texture":"#0","tintindex":0},"up":{"uv":[0.65625,6.3125,0.46875,6.28125],"rotation":0,"texture":"#0","tintindex":0},"west":{"uv":[0.65625,6.3125,0.6875,7.03125],"rotation":0,"texture":"#0","tintindex":0}}},{"name":"feather","from":[13.368038,-6.3999996,7.4],"to":[16.968037,7.4,8.0],"rotation":{"angle":0.0,"axis":"x","origin":[15.168037,7.4,7.7]},"faces":{"down":{"uv":[0.40625,6.28125,0.21875,6.3125],"rotation":0,"texture":"#0","tintindex":0},"east":{"uv":[0.0,6.3125,0.03125,7.03125],"rotation":0,"texture":"#0","tintindex":0},"north":{"uv":[0.03125,6.3125,0.21875,7.03125],"rotation":0,"texture":"#0","tintindex":0},"south":{"uv":[0.25,6.3125,0.4375,7.03125],"rotation":0,"texture":"#0","tintindex":0},"up":{"uv":[0.21875,6.3125,0.03125,6.28125],"rotation":0,"texture":"#0","tintindex":0},"west":{"uv":[0.21875,6.3125,0.25,7.03125],"rotation":0,"texture":"#0","tintindex":0}}},{"name":"feather","from":[7.368037,-8.2,8.0],"to":[10.968037,7.4,8.6],"rotation":{"angle":-45.0,"axis":"z","origin":[9.168036,7.4,8.3]},"faces":{"down":{"uv":[2.34375,2.25,2.15625,2.28125],"rotation":0,"texture":"#0","tintindex":0},"east":{"uv":[1.9375,2.28125,1.96875,3.09375],"rotation":0,"texture":"#0","tintindex":0},"north":{"uv":[1.96875,2.28125,2.15625,3.09375],"rotation":0,"texture":"#0","tintindex":0},"south":{"uv":[2.1875,2.28125,2.375,3.09375],"rotation":0,"texture":"#0","tintindex":0},"up":{"uv":[2.15625,2.28125,1.96875,2.25],"rotation":0,"texture":"#0","tintindex":0},"west":{"uv":[2.15625,2.28125,2.1875,3.09375],"rotation":0,"texture":"#0","tintindex":0}}},{"name":"feather","from":[9.768037,-7.5999994,8.0],"to":[13.368038,7.4,8.6],"rotation":{"angle":-22.5,"axis":"z","origin":[12.768036,7.4,8.3]},"faces":{"down":{"uv":[4.34375,2.53125,4.15625,2.5625],"rotation":0,"texture":"#0","tintindex":0},"east":{"uv":[3.9375,2.5625,3.96875,3.34375],"rotation":0,"texture":"#0","tintindex":0},"north":{"uv":[3.96875,2.5625,4.15625,3.34375],"rotation":0,"texture":"#0","tintindex":0},"south":{"uv":[4.1875,2.5625,4.375,3.34375],"rotation":0,"texture":"#0","tintindex":0},"up":{"uv":[4.15625,2.5625,3.96875,2.53125],"rotation":0,"texture":"#0","tintindex":0},"west":{"uv":[4.15625,2.5625,4.1875,3.34375],"rotation":0,"texture":"#0","tintindex":0}}},{"name":"feather","from":[10.968037,-6.999999,8.0],"to":[14.568039,7.4,8.6],"rotation":{"angle":0.0,"axis":"x","origin":[16.368038,7.4,8.3]},"faces":{"down":{"uv":[5.84375,0.78125,5.65625,0.8125],"rotation":0,"texture":"#0","tintindex":0},"east":{"uv":[5.4375,0.8125,5.46875,1.5625],"rotation":0,"texture":"#0","tintindex":0},"north":{"uv":[5.46875,0.8125,5.65625,1.5625],"rotation":0,"texture":"#0","tintindex":0},"south":{"uv":[5.6875,0.8125,5.875,1.5625],"rotation":0,"texture":"#0","tintindex":0},"up":{"uv":[5.65625,0.8125,5.46875,0.78125],"rotation":0,"texture":"#0","tintindex":0},"west":{"uv":[5.65625,0.8125,5.6875,1.5625],"rotation":0,"texture":"#0","tintindex":0}}},{"name":"feather","from":[15.799999,-7.5999994,8.0],"to":[19.399998,7.4,8.6],"rotation":{"angle":0.0,"axis":"x","origin":[18.199997,7.4,8.3]},"faces":{"down":{"uv":[2.59375,3.9375,2.40625,3.96875],"rotation":0,"texture":"#0","tintindex":0},"east":{"uv":[2.1875,3.96875,2.21875,4.75],"rotation":0,"texture":"#0","tintindex":0},"north":{"uv":[2.21875,3.96875,2.40625,4.75],"rotation":0,"texture":"#0","tintindex":0},"south":{"uv":[2.4375,3.96875,2.625,4.75],"rotation":0,"texture":"#0","tintindex":0},"up":{"uv":[2.40625,3.96875,2.21875,3.9375],"rotation":0,"texture":"#0","tintindex":0},"west":{"uv":[2.40625,3.96875,2.4375,4.75],"rotation":0,"texture":"#0","tintindex":0}}},{"name":"feather","from":[28.399998,-6.249999,7.4],"to":[32.0,7.4,8.0],"rotation":{"angle":45.0,"axis":"z","origin":[30.2,7.4,7.7]},"faces":{"down":{"uv":[3.03125,7.84375,2.84375,7.875],"rotation":0,"texture":"#0","tintindex":0},"east":{"uv":[2.625,7.875,2.65625,8.5625],"rotation":0,"texture":"#0","tintindex":0},"north":{"uv":[2.65625,7.875,2.84375,8.5625],"rotation":0,"texture":"#0","tintindex":0},"south":{"uv":[2.875,7.875,3.0625,8.5625],"rotation":0,"texture":"#0","tintindex":0},"up":{"uv":[2.84375,7.875,2.65625,7.84375],"rotation":0,"texture":"#0","tintindex":0},"west":{"uv":[2.84375,7.875,2.875,8.5625],"rotation":0,"texture":"#0","tintindex":0}}},{"name":"feather","from":[25.399998,-6.3999996,7.4],"to":[29.0,7.4,8.0],"rotation":{"angle":22.5,"axis":"z","origin":[27.199997,7.4,7.7]},"faces":{"down":{"uv":[6.65625,4.65625,6.46875,4.6875],"rotation":0,"texture":"#0","tintindex":0},"east":{"uv":[6.25,4.6875,6.28125,5.40625],"rotation":0,"texture":"#0","tintindex":0},"north":{"uv":[6.28125,4.6875,6.46875,5.40625],"rotation":0,"texture":"#0","tintindex":0},"south":{"uv":[6.5,4.6875,6.6875,5.40625],"rotation":0,"texture":"#0","tintindex":0},"up":{"uv":[6.46875,4.6875,6.28125,4.65625],"rotation":0,"texture":"#0","tintindex":0},"west":{"uv":[6.46875,4.6875,6.5,5.40625],"rotation":0,"texture":"#0","tintindex":0}}},{"name":"feather","from":[23.0,-6.3999996,7.4],"to":[26.599998,7.4,8.0],"rotation":{"angle":0.0,"axis":"x","origin":[23.599998,7.4,7.7]},"faces":{"down":{"uv":[6.65625,3.90625,6.46875,3.9375],"rotation":0,"texture":"#0","tintindex":0},"east":{"uv":[6.25,3.9375,6.28125,4.65625],"rotation":0,"texture":"#0","tintindex":0},"north":{"uv":[6.28125,3.9375,6.46875,4.65625],"rotation":0,"texture":"#0","tintindex":0},"south":{"uv":[6.5,3.9375,6.6875,4.65625],"rotation":0,"texture":"#0","tintindex":0},"up":{"uv":[6.46875,3.9375,6.28125,3.90625],"rotation":0,"texture":"#0","tintindex":0},