{"textures":{"0":"modelengine:entity/texture"},"elements":[{"name":"cube","from":[-15.368038,7.4,6.8],"to":[13.431961,8.6,9.2],"rotation":{"angle":0.0,"axis":"x","origin":[13.431961,8.0,8.0]},"faces":{"down":{"uv":[3.125,1.125,1.625,1.25],"rotation":0,"texture":"#0","tintindex":0},"east":{"uv":[0.0,1.25,0.125,1.3125],"rotation":0,"texture":"#0","tintindex":0},"north":{"uv":[0.125,1.25,1.625,1.3125],"rotation":0,"texture":"#0","tintindex":0},"south":{"uv":[1.75,1.25,3.25,1.3125],"rotation":0,"texture":"#0","tintindex":0},"up":{"uv":[1.625,1.25,0.125,1.125],"rotation":0,"texture":"#0","tintindex":0},"west":{"uv":[1.625,1.25,1.75,1.3125],"rotation":0,"texture":"#0","tintindex":0}}},{"name":"feather","from":[9.231963,-6.249999,7.4],"to":[12.831961,7.4,8.0],"rotation":{"angle":45.0,"axis":"z","origin":[11.031961,7.4,7.7]},"faces":{"down":{"uv":[8.40625,4.40625,8.21875,4.4375],"rotation":0,"texture":"#0","tintindex":0},"east":{"uv":[8.0,4.4375,8.03125,5.125],"rotation":0,"texture":"#0","tintindex":0},"north":{"uv":[8.03125,4.4375,8.21875,5.125],"rotation":0,"texture":"#0","tintindex":0},"south":{"uv":[8.25,4.4375,8.4375,5.125],"rotation":0,"texture":"#0","tintindex":0},"up":{"uv":[8.21875,4.4375,8.03125,4.40625],"rotation":0,"texture":"#0","tintindex":0},"west":{"uv":[8.21875,4.4375,8.25,5.125],"rotation":0,"texture":"#0","tintindex":0}}},{"name":"feather","from":[6.231963,-6.3999996,7.4],"to":[9.831961,7.4,8.0],"rotation":{"angle":22.5,"axis":"z","origin":[8.031963,7.4,7.7]},"faces":{"down":{"uv":[5.625,7.09375,5.4375,7.125],"rotation":0,"texture":"#0","tintindex":0},"east":{"uv":[5.21875,7.125,5.25,7.84375],"rotation":0,"texture":"#0","tintindex":0},"north":{"uv":[5.25,7.125,5.4375,7.84375],"rotation":0,"texture":"#0","tintindex":0},"south":{"uv":[5.46875,7.125,5.65625,7.84375],"rotation":0,"texture":"#0","tintindex":0},"up":{"uv":[5.4375,7.125,5.25,7.09375],"rotation":0,"texture":"#0","tintindex":0},"west":{"uv":[5.4375,7.125,5.46875,7.84375],"rotation":0,"texture":"#0","tintindex":0}}},{"name":"feather","from":[3.831963,-6.3999996,7.4],"to":[7.431963,7.4,8.0],"rotation":{"angle":0.0,"axis":"x","origin":[4.431963,7.4,7.7]},"faces":{"down":{"uv":[3.03125,7.09375,2.84375,7.125],"rotation":0,"texture":"#0","tintindex":0},"east":{"uv":[2.625,7.125,2.65625,7.84375],"rotation":0,"texture":"#0","tintindex":0},"north":{"uv":[2.65625,7.125,2.84375,7.84375],"rotation":0,"texture":"#0","tintindex":0},"south":{"uv":[2.875,7.125,3.0625,7.84375],"rotation":0,"texture":"#0","tintindex":0},"up":{"uv":[2.84375,7.125,2.65625,7.09375],"rotation":0,"texture":"#0","tintindex":0},"west":{"uv":[2.84375,7.125,2.875,7.84375],"rotation":0,"texture":"#0","tintindex":0}}},{"name":"feather","from":[-0.9680376,-6.3999996,7.4],"to":[2.6319628,7.4,8.0],"rotation":{"angle":0.0,"axis":"x","origin":[0.83196306,7.4,7.7]},"faces":{"down":{"uv":[2.59375,7.09375,2.40625,7.125],"rotation":0,"texture":"#0","tintindex":0},"east":{"uv":[2.1875,7.125,2.21875,7.84375],"rotation":0,"texture":"#0","tintindex":0},"north":{"uv":[2.21875,7.125,2.40625,7.84375],"rotation":0,"texture":"#0","tintindex":0},"south":{"uv":[2.4375,7.125,2.625,7.84375],"rotation":0,"texture":"#0","tintindex":0},"up":{"uv":[2.40625,7.125,2.21875,7.09375],"rotation":0,"texture":"#0","tintindex":0},"west":{"uv":[2.40625,7.125,2.4375,7.84375],"rotation":0,"texture":"#0","tintindex":0}}},{"name":"feather","from":[5.0319633,-8.2,8.0],"to":[8.631964,7.4,8.6],"rotation":{"angle":45.0,"axis":"z","origin":[6.831963,7.4,8.3]},"faces":{"down":{"uv":[3.65625,0.84375,3.46875,0.875],"rotation":0,"texture":"#0","tintindex":0},"east":{"uv":[3.25,0.875,3.28125,1.6875],"rotation":0,"texture":"#0","tintindex":0},"north":{"uv":[3.28125,0.875,3.46875,1.6875],"rotation":0,"texture":"#0","tintindex":0},"south":{"uv":[3.5,0.875,3.6875,1.6875],"rotation":0,"texture":"#0","tintindex":0},"up":{"uv":[3.46875,0.875,3.28125,0.84375],"rotation":0,"texture":"#0","tintindex":0},"west":{"uv":[3.46875,0.875,3.5,1.6875],"rotation":0,"texture":"#0","tintindex":0}}},{"name":"feather","from":[2.6319628,-7.5999994,8.0],"to":[6.231963,7.4,8.6],"rotation":{"angle":22.5,"axis":"z","origin":[3.2319632,7.4,8.3]},"faces":{"down":{"uv":[2.125,4.75,1.9375,4.78125],"rotation":0,"texture":"#0","tintindex":0},"east":{"uv":[1.71875,4.78125,1.75,5.5625],"rotation":0,"texture":"#0","tintindex":0},"north":{"uv":[1.75,4.78125,1.9375,5.5625],"rotation":0,"texture":"#0","tintindex":0},"south":{"uv":[1.96875,4.78125,2.15625,5.5625],"rotation":0,"texture":"#0","tintindex":0},"up":{"uv":[1.9375,4.78125,1.75,4.75],"rotation":0,"texture":"#0","tintindex":0},"west":{"uv":[1.9375,4.78125,1.96875,5.5625],"rotation":0,"texture":"#0","tintindex":0}}},{"name":"feather","from":[1.431963,-6.999999,8.0],"to":[5.0319633,7.4,8.6],"rotation":{"angle":0.0,"axis":"x","origin":[-0.36803722,7.4,8.3]},"faces":{"down":{"uv":[4.78125,5.6875,4.59375,5.71875],"rotation":0,"texture":"#0","tintindex":0},"east":{"uv":[4.375,5.71875,4.40625,6.46875],"rotation":0,"texture":"#0","tintindex":0},"north":{"uv":[4.40625,5.71875,4.59375,6.46875],"rotation":0,"texture":"#0","tintindex":0},"south":{"uv":[4.625,5.71875,4.8125,6.46875],"rotation":0,"texture":"#0","tintindex":0},"up":{"uv":[4.59375,5.71875,4.40625,5.6875],"rotation":0,"texture":"#0","tintindex":0},"west":{"uv":[4.59375,5.71875,4.625,6.46875],"rotation":0,"texture":"#0","tintindex":0}}},{"name":"feather","from":[-3.3999987,-7.5999994,8.0],"to":[0.20000172,7.4,8.6],"rotation":{"angle":0.0,"axis":"x","origin":[-2.199998,7.4,8.3]},"faces":{"down":{"uv":[1.28125,4.6875,1.09375,4.71875],"rotation":0,"texture":"#0","tintindex":0},"east":{"uv":[0.875,4.71875,0.90625,5.5],"rotation":0,"texture":"#0","tintindex":0},"north":{"uv":[0.90625,4.71875,1.09375,5.5],"rotation":0,"texture":"#0","tintindex":0},"south":{"uv":[1.125,4.71875,1.3125,5.5],"rotation":0,"texture":"#0","tintindex":0},"up":{"uv":[1.09375,4.71875,0.90625,4.6875],"rotation":0,"texture":"#0","tintindex":0},"west":{"uv":[1.09375,4.71875,1.125,5.5],"rotation":0,"texture":"#0","tintindex":0}}},{"name":"feather","from":[-16.0,-6.249999,7.4],"to":[-12.399998,7.4,8.0],"rotation":{"angle":-45.0,"axis":"z","origin":[-14.199997,7.4,7.7]},"faces":{"down":{"uv":[8.40625,3.6875,8.21875,3.71875],"rotation":0,"texture":"#0","tintindex":0},"east":{"uv":[8.0,3.71875,8.03125,4.40625],"rotation":0,"texture":"#0","tintindex":0},"north":{"uv":[8.03125,3.71875,8.21875,4.40625],"rotation":0,"texture":"#0","tintindex":0},"south":{"uv":[8.25,3.71875,8.4375,4.40625],"rotation":0,"texture":"#0","tintindex":0},"up":{"uv":[8.21875,3.71875,8.03125,3.6875],"rotation":0,"texture":"#0","tintindex":0},"west":{"uv":[8.21875,3.71875,8.25,4.40625],"rotation":0,"texture":"#0","tintindex":0}}},{"name":"feather","from":[-13.0,-6.3999996,7.4],"to":[-9.399999,7.4,8.0],"rotation":{"angle":-22.5,"axis":"z","origin":[-11.199997,7.4,7.7]},"faces":{"down":{"uv":[2.15625,7.09375,1.96875,7.125],"rotation":0,"texture":"#0","tintindex":0},"east":{"uv":[1.75,7.125,1.78125,7.84375],"rotation":0,"texture":"#0","tintindex":0},"north":{"uv":[1.78125,7.125,1.96875,7.84375],"rotation":0,"texture":"#0","tintindex":0},"south":{"uv":[2.0,7.125,2.1875,7.84375],"rotation":0,"texture":"#0","tintindex":0},"up":{"uv":[1.96875,7.125,1.78125,7.09375],"rotation":0,"texture":"#0","tintindex":0},"west":{"uv":[1.96875,7.125,2.0,7.84375],"rotation":0,"texture":"#0","tintindex":0}}},{"name":"feather","from":[-10.599998,-6.3999996,7.4],"to":[-6.999998,7.4,8.0],"rotation":{"angle":0.0,"axis":"x","origin":[-7.5999994,7.4,7.7]},"faces":{"down":{"uv":[1.71875,7.0625,1.53125,7.09375],"rotation":0,"texture":"#0","tintindex":0},"east":{"uv":[1.3125,7.09375,1.34375,7.8125],"rotation":0,"texture":"#0","tintindex":0},"north":{"uv":[1.34375,7.09375,1.53125,7.8125],"rotation":0,"texture":"#0","tintindex":0},"south":{"uv":[1.5625,7.09375,1.75,7.8125],"rotation":0,"texture":"#0","tintindex":0},"up":{"uv":[1.53125,7.09375,1.34375,7.0625],"rotation":0,"texture":"#0","tintindex":0},