{"textures":{"0":"modelengine:entity/texture"},"elements":[{"name":"cube","from":[-15.368042,7.4,6.8],"to":[13.431957,8.6,9.2],"rotation":{"angle":0.0,"axis":"x","origin":[13.431957,8.0,8.0]},"faces":{"down":{"uv":[3.125,1.3125,1.625,1.4375],"rotation":0,"texture":"#0","tintindex":0},"east":{"uv":[0.0,1.4375,0.125,1.5],"rotation":0,"texture":"#0","tintindex":0},"north":{"uv":[0.125,1.4375,1.625,1.5],"rotation":0,"texture":"#0","tintindex":0},"south":{"uv":[1.75,1.4375,3.25,1.5],"rotation":0,"texture":"#0","tintindex":0},"up":{"uv":[1.625,1.4375,0.125,1.3125],"rotation":0,"texture":"#0","tintindex":0},"west":{"uv":[1.625,1.4375,1.75,1.5],"rotation":0,"texture":"#0","tintindex":0}}},{"name":"feather","from":[9.2319565,-6.249999,7.4],"to":[12.831957,7.4,8.0],"rotation":{"angle":45.0,"axis":"z","origin":[11.031958,7.4,7.7]},"faces":{"down":{"uv":[8.46875,0.0,8.28125,0.03125],"rotation":0,"texture":"#0","tintindex":0},"east":{"uv":[8.0625,0.03125,8.09375,0.71875],"rotation":0,"texture":"#0","tintindex":0},"north":{"uv":[8.09375,0.03125,8.28125,0.71875],"rotation":0,"texture":"#0","tintindex":0},"south":{"uv":[8.3125,0.03125,8.5,0.71875],"rotation":0,"texture":"#0","tintindex":0},"up":{"uv":[8.28125,0.03125,8.09375,0.0],"rotation":0,"texture":"#0","tintindex":0},"west":{"uv":[8.28125,0.03125,8.3125,0.71875],"rotation":0,"texture":"#0","tintindex":0}}},{"name":"feather","from":[6.2319565,-6.3999996,7.4],"to":[9.831957,7.4,8.0],"rotation":{"angle":22.5,"axis":"z","origin":[8.031957,7.4,7.7]},"faces":{"down":{"uv":[7.59375,0.75,7.40625,0.78125],"rotation":0,"texture":"#0","tintindex":0},"east":{"uv":[7.1875,0.78125,7.21875,1.5],"rotation":0,"texture":"#0","tintindex":0},"north":{"uv":[7.21875,0.78125,7.40625,1.5],"rotation":0,"texture":"#0","tintindex":0},"south":{"uv":[7.4375,0.78125,7.625,1.5],"rotation":0,"texture":"#0","tintindex":0},"up":{"uv":[7.40625,0.78125,7.21875,0.75],"rotation":0,"texture":"#0","tintindex":0},"west":{"uv":[7.40625,0.78125,7.4375,1.5],"rotation":0,"texture":"#0","tintindex":0}}},{"name":"feather","from":[3.8319569,-6.3999996,7.4],"to":[7.4319563,7.4,8.0],"rotation":{"angle":0.0,"axis":"x","origin":[4.4319563,7.4,7.7]},"faces":{"down":{"uv":[7.59375,0.0,7.40625,0.03125],"rotation":0,"texture":"#0","tintindex":0},"east":{"uv":[7.1875,0.03125,7.21875,0.75],"rotation":0,"texture":"#0","tintindex":0},"north":{"uv":[7.21875,0.03125,7.40625,0.75],"rotation":0,"texture":"#0","tintindex":0},"south":{"uv":[7.4375,0.03125,7.625,0.75],"rotation":0,"texture":"#0","tintindex":0},"up":{"uv":[7.40625,0.03125,7.21875,0.0],"rotation":0,"texture":"#0","tintindex":0},"west":{"uv":[7.40625,0.03125,7.4375,0.75],"rotation":0,"texture":"#0","tintindex":0}}},{"name":"feather","from":[-0.9680433,-6.3999996,7.4],"to":[2.631957,7.4,8.0],"rotation":{"angle":0.0,"axis":"x","origin":[0.83195686,7.4,7.7]},"faces":{"down":{"uv":[7.53125,4.5,7.34375,4.53125],"rotation":0,"texture":"#0","tintindex":0},"east":{"uv":[7.125,4.53125,7.15625,5.25],"rotation":0,"texture":"#0","tintindex":0},"north":{"uv":[7.15625,4.53125,7.34375,5.25],"rotation":0,"texture":"#0","tintindex":0},"south":{"uv":[7.375,4.53125,7.5625,5.25],"rotation":0,"texture":"#0","tintindex":0},"up":{"uv":[7.34375,4.53125,7.15625,4.5],"rotation":0,"texture":"#0","tintindex":0},"west":{"uv":[7.34375,4.53125,7.375,5.25],"rotation":0,"texture":"#0","tintindex":0}}},{"name":"feather","from":[5.0319567,-8.2,8.0],"to":[8.631956,7.4,8.6],"rotation":{"angle":45.0,"axis":"z","origin":[6.8319564,7.4,8.3]},"faces":{"down":{"uv":[3.90625,2.53125,3.71875,2.5625],"rotation":0,"texture":"#0","tintindex":0},"east":{"uv":[3.5,2.5625,3.53125,3.375],"rotation":0,"texture":"#0","tintindex":0},"north":{"uv":[3.53125,2.5625,3.71875,3.375],"rotation":0,"texture":"#0","tintindex":0},"south":{"uv":[3.75,2.5625,3.9375,3.375],"rotation":0,"texture":"#0","tintindex":0},"up":{"uv":[3.71875,2.5625,3.53125,2.53125],"rotation":0,"texture":"#0","tintindex":0},"west":{"uv":[3.71875,2.5625,3.75,3.375],"rotation":0,"texture":"#0","tintindex":0}}},{"name":"feather","from":[2.631957,-7.5999994,8.0],"to":[6.2319565,7.4,8.6],"rotation":{"angle":22.5,"axis":"z","origin":[3.231957,7.4,8.3]},"faces":{"down":{"uv":[3.4375,4.75,3.25,4.78125],"rotation":0,"texture":"#0","tintindex":0},"east":{"uv":[3.03125,4.78125,3.0625,5.5625],"rotation":0,"texture":"#0","tintindex":0},"north":{"uv":[3.0625,4.78125,3.25,5.5625],"rotation":0,"texture":"#0","tintindex":0},"south":{"uv":[3.28125,4.78125,3.46875,5.5625],"rotation":0,"texture":"#0","tintindex":0},"up":{"uv":[3.25,4.78125,3.0625,4.75],"rotation":0,"texture":"#0","tintindex":0},"west":{"uv":[3.25,4.78125,3.28125,5.5625],"rotation":0,"texture":"#0","tintindex":0}}},{"name":"feather","from":[1.4319568,-6.999999,8.0],"to":[5.0319567,7.4,8.6],"rotation":{"angle":0.0,"axis":"x","origin":[-0.36804295,7.4,8.3]},"faces":{"down":{"uv":[6.09375,5.5625,5.90625,5.59375],"rotation":0,"texture":"#0","tintindex":0},"east":{"uv":[5.6875,5.59375,5.71875,6.34375],"rotation":0,"texture":"#0","tintindex":0},"north":{"uv":[5.71875,5.59375,5.90625,6.34375],"rotation":0,"texture":"#0","tintindex":0},"south":{"uv":[5.9375,5.59375,6.125,6.34375],"rotation":0,"texture":"#0","tintindex":0},"up":{"uv":[5.90625,5.59375,5.71875,5.5625],"rotation":0,"texture":"#0","tintindex":0},"west":{"uv":[5.90625,5.59375,5.9375,6.34375],"rotation":0,"texture":"#0","tintindex":0}}},{"name":"feather","from":[-3.3999996,-7.5999994,8.0],"to":[0.19999981,7.4,8.6],"rotation":{"angle":0.0,"axis":"x","origin":[-2.1999998,7.4,8.3]},"faces":{"down":{"uv":[3.0,4.75,2.8125,4.78125],"rotation":0,"texture":"#0","tintindex":0},"east":{"uv":[2.59375,4.78125,2.625,5.5625],"rotation":0,"texture":"#0","tintindex":0},"north":{"uv":[2.625,4.78125,2.8125,5.5625],"rotation":0,"texture":"#0","tintindex":0},"south":{"uv":[2.84375,4.78125,3.03125,5.5625],"rotation":0,"texture":"#0","tintindex":0},"up":{"uv":[2.8125,4.78125,2.625,4.75],"rotation":0,"texture":"#0","tintindex":0},"west":{"uv":[2.8125,4.78125,2.84375,5.5625],"rotation":0,"texture":"#0","tintindex":0}}},{"name":"feather","from":[-16.0,-6.249999,7.4],"to":[-12.400002,7.4,8.0],"rotation":{"angle":-45.0,"axis":"z","origin":[-14.200001,7.4,7.7]},"faces":{"down":{"uv":[3.90625,8.03125,3.71875,8.0625],"rotation":0,"texture":"#0","tintindex":0},"east":{"uv":[3.5,8.0625,3.53125,8.75],"rotation":0,"texture":"#0","tintindex":0},"north":{"uv":[3.53125,8.0625,3.71875,8.75],"rotation":0,"texture":"#0","tintindex":0},"south":{"uv":[3.75,8.0625,3.9375,8.75],"rotation":0,"texture":"#0","tintindex":0},"up":{"uv":[3.71875,8.0625,3.53125,8.03125],"rotation":0,"texture":"#0","tintindex":0},"west":{"uv":[3.71875,8.0625,3.75,8.75],"rotation":0,"texture":"#0","tintindex":0}}},{"name":"feather","from":[-13.0,-6.3999996,7.4],"to":[-9.400001,7.4,8.0],"rotation":{"angle":-22.5,"axis":"z","origin":[-11.200001,7.4,7.7]},"faces":{"down":{"uv":[7.53125,3.75,7.34375,3.78125],"rotation":0,"texture":"#0","tintindex":0},"east":{"uv":[7.125,3.78125,7.15625,4.5],"rotation":0,"texture":"#0","tintindex":0},"north":{"uv":[7.15625,3.78125,7.34375,4.5],"rotation":0,"texture":"#0","tintindex":0},"south":{"uv":[7.375,3.78125,7.5625,4.5],"rotation":0,"texture":"#0","tintindex":0},"up":{"uv":[7.34375,3.78125,7.15625,3.75],"rotation":0,"texture":"#0","tintindex":0},"west":{"uv":[7.34375,3.78125,7.375,4.5],"rotation":0,"texture":"#0","tintindex":0}}},{"name":"feather","from":[-10.599998,-6.3999996,7.4],"to":[-7.0,7.4,8.0],"rotation":{"angle":0.0,"axis":"x","origin":[-7.5999994,7.4,7.7]},"faces":{"down":{"uv":[6.5,7.09375,6.3125,7.125],"rotation":0,"texture":"#0","tintindex":0},"east":{"uv":[6.09375,7.125,6.125,7.84375],"rotation":0,"texture":"#0","tintindex":0},"north":{"uv":[6.125,7.125,6.3125,7.84375],"rotation":0,"texture":"#0","tintindex":0},"south":{"uv":[6.34375,7.125,6.53125,7.84375],"rotation":0,"texture":"#0","tintindex":0},"up":{"uv":[6.3125,7.125,6.125,7.09375],"rotation":0,"texture":"#0","tintindex":0},"west":{"uv":[6.3125,7.125,6.34375,7.84375],