{"textures":{"0":"modelengine:entity/texture"},"elements":[{"name":"cube","from":[2.5680428,7.4,6.8],"to":[31.368046,8.6,9.2],"rotation":{"angle":0.0,"axis":"x","origin":[2.5680428,8.0,8.0]},"faces":{"down":{"uv":[3.125,0.1875,1.625,0.3125],"rotation":0,"texture":"#0","tintindex":0},"east":{"uv":[0.0,0.3125,0.125,0.375],"rotation":0,"texture":"#0","tintindex":0},"north":{"uv":[0.125,0.3125,1.625,0.375],"rotation":0,"texture":"#0","tintindex":0},"south":{"uv":[1.75,0.3125,3.25,0.375],"rotation":0,"texture":"#0","tintindex":0},"up":{"uv":[1.625,0.3125,0.125,0.1875],"rotation":0,"texture":"#0","tintindex":0},"west":{"uv":[1.625,0.3125,1.75,0.375],"rotation":0,"texture":"#0","tintindex":0}}},{"name":"feather","from":[3.1680431,-6.249999,7.4],"to":[6.7680435,7.4,8.0],"rotation":{"angle":-45.0,"axis":"z","origin":[4.9680424,7.4,7.7]},"faces":{"down":{"uv":[6.5,7.84375,6.3125,7.875],"rotation":0,"texture":"#0","tintindex":0},"east":{"uv":[6.09375,7.875,6.125,8.5625],"rotation":0,"texture":"#0","tintindex":0},"north":{"uv":[6.125,7.875,6.3125,8.5625],"rotation":0,"texture":"#0","tintindex":0},"south":{"uv":[6.34375,7.875,6.53125,8.5625],"rotation":0,"texture":"#0","tintindex":0},"up":{"uv":[6.3125,7.875,6.125,7.84375],"rotation":0,"texture":"#0","tintindex":0},"west":{"uv":[6.3125,7.875,6.34375,8.5625],"rotation":0,"texture":"#0","tintindex":0}}},{"name":"feather","from":[6.168043,-6.3999996,7.4],"to":[9.768043,7.4,8.0],"rotation":{"angle":-22.5,"axis":"z","origin":[7.9680433,7.4,7.7]},"faces":{"down":{"uv":[3.03125,6.34375,2.84375,6.375],"rotation":0,"texture":"#0","tintindex":0},"east":{"uv":[2.625,6.375,2.65625,7.09375],"rotation":0,"texture":"#0","tintindex":0},"north":{"uv":[2.65625,6.375,2.84375,7.09375],"rotation":0,"texture":"#0","tintindex":0},"south":{"uv":[2.875,6.375,3.0625,7.09375],"rotation":0,"texture":"#0","tintindex":0},"up":{"uv":[2.84375,6.375,2.65625,6.34375],"rotation":0,"texture":"#0","tintindex":0},"west":{"uv":[2.84375,6.375,2.875,7.09375],"rotation":0,"texture":"#0","tintindex":0}}},{"name":"feather","from":[8.568043,-6.3999996,7.4],"to":[12.168043,7.4,8.0],"rotation":{"angle":0.0,"axis":"x","origin":[11.568043,7.4,7.7]},"faces":{"down":{"uv":[2.59375,6.34375,2.40625,6.375],"rotation":0,"texture":"#0","tintindex":0},"east":{"uv":[2.1875,6.375,2.21875,7.09375],"rotation":0,"texture":"#0","tintindex":0},"north":{"uv":[2.21875,6.375,2.40625,7.09375],"rotation":0,"texture":"#0","tintindex":0},"south":{"uv":[2.4375,6.375,2.625,7.09375],"rotation":0,"texture":"#0","tintindex":0},"up":{"uv":[2.40625,6.375,2.21875,6.34375],"rotation":0,"texture":"#0","tintindex":0},"west":{"uv":[2.40625,6.375,2.4375,7.09375],"rotation":0,"texture":"#0","tintindex":0}}},{"name":"feather","from":[13.368042,-6.3999996,7.4],"to":[16.968044,7.4,8.0],"rotation":{"angle":0.0,"axis":"x","origin":[15.168045,7.4,7.7]},"faces":{"down":{"uv":[2.15625,6.34375,1.96875,6.375],"rotation":0,"texture":"#0","tintindex":0},"east":{"uv":[1.75,6.375,1.78125,7.09375],"rotation":0,"texture":"#0","tintindex":0},"north":{"uv":[1.78125,6.375,1.96875,7.09375],"rotation":0,"texture":"#0","tintindex":0},"south":{"uv":[2.0,6.375,2.1875,7.09375],"rotation":0,"texture":"#0","tintindex":0},"up":{"uv":[1.96875,6.375,1.78125,6.34375],"rotation":0,"texture":"#0","tintindex":0},"west":{"uv":[1.96875,6.375,2.0,7.09375],"rotation":0,"texture":"#0","tintindex":0}}},{"name":"feather","from":[7.368043,-8.2,8.0],"to":[10.968044,7.4,8.6],"rotation":{"angle":-45.0,"axis":"z","origin":[9.168043,7.4,8.3]},"faces":{"down":{"uv":[3.21875,2.25,3.03125,2.28125],"rotation":0,"texture":"#0","tintindex":0},"east":{"uv":[2.8125,2.28125,2.84375,3.09375],"rotation":0,"texture":"#0","tintindex":0},"north":{"uv":[2.84375,2.28125,3.03125,3.09375],"rotation":0,"texture":"#0","tintindex":0},"south":{"uv":[3.0625,2.28125,3.25,3.09375],"rotation":0,"texture":"#0","tintindex":0},"up":{"uv":[3.03125,2.28125,2.84375,2.25],"rotation":0,"texture":"#0","tintindex":0},"west":{"uv":[3.03125,2.28125,3.0625,3.09375],"rotation":0,"texture":"#0","tintindex":0}}},{"name":"feather","from":[9.768043,-7.5999994,8.0],"to":[13.368042,7.4,8.6],"rotation":{"angle":-22.5,"axis":"z","origin":[12.7680435,7.4,8.3]},"faces":{"down":{"uv":[4.34375,3.34375,4.15625,3.375],"rotation":0,"texture":"#0","tintindex":0},"east":{"uv":[3.9375,3.375,3.96875,4.15625],"rotation":0,"texture":"#0","tintindex":0},"north":{"uv":[3.96875,3.375,4.15625,4.15625],"rotation":0,"texture":"#0","tintindex":0},"south":{"uv":[4.1875,3.375,4.375,4.15625],"rotation":0,"texture":"#0","tintindex":0},"up":{"uv":[4.15625,3.375,3.96875,3.34375],"rotation":0,"texture":"#0","tintindex":0},"west":{"uv":[4.15625,3.375,4.1875,4.15625],"rotation":0,"texture":"#0","tintindex":0}}},{"name":"feather","from":[10.968044,-6.999999,8.0],"to":[14.568043,7.4,8.6],"rotation":{"angle":0.0,"axis":"x","origin":[16.368042,7.4,8.3]},"faces":{"down":{"uv":[1.6875,5.46875,1.5,5.5],"rotation":0,"texture":"#0","tintindex":0},"east":{"uv":[1.28125,5.5,1.3125,6.25],"rotation":0,"texture":"#0","tintindex":0},"north":{"uv":[1.3125,5.5,1.5,6.25],"rotation":0,"texture":"#0","tintindex":0},"south":{"uv":[1.53125,5.5,1.71875,6.25],"rotation":0,"texture":"#0","tintindex":0},"up":{"uv":[1.5,5.5,1.3125,5.46875],"rotation":0,"texture":"#0","tintindex":0},"west":{"uv":[1.5,5.5,1.53125,6.25],"rotation":0,"texture":"#0","tintindex":0}}},{"name":"feather","from":[15.799999,-7.5999994,8.0],"to":[19.400002,7.4,8.6],"rotation":{"angle":0.0,"axis":"x","origin":[18.2,7.4,8.3]},"faces":{"down":{"uv":[3.46875,3.9375,3.28125,3.96875],"rotation":0,"texture":"#0","tintindex":0},"east":{"uv":[3.0625,3.96875,3.09375,4.75],"rotation":0,"texture":"#0","tintindex":0},"north":{"uv":[3.09375,3.96875,3.28125,4.75],"rotation":0,"texture":"#0","tintindex":0},"south":{"uv":[3.3125,3.96875,3.5,4.75],"rotation":0,"texture":"#0","tintindex":0},"up":{"uv":[3.28125,3.96875,3.09375,3.9375],"rotation":0,"texture":"#0","tintindex":0},"west":{"uv":[3.28125,3.96875,3.3125,4.75],"rotation":0,"texture":"#0","tintindex":0}}},{"name":"feather","from":[28.400002,-6.249999,7.4],"to":[32.0,7.4,8.0],"rotation":{"angle":45.0,"axis":"z","origin":[30.2,7.4,7.7]},"faces":{"down":{"uv":[6.0625,7.84375,5.875,7.875],"rotation":0,"texture":"#0","tintindex":0},"east":{"uv":[5.65625,7.875,5.6875,8.5625],"rotation":0,"texture":"#0","tintindex":0},"north":{"uv":[5.6875,7.875,5.875,8.5625],"rotation":0,"texture":"#0","tintindex":0},"south":{"uv":[5.90625,7.875,6.09375,8.5625],"rotation":0,"texture":"#0","tintindex":0},"up":{"uv":[5.875,7.875,5.6875,7.84375],"rotation":0,"texture":"#0","tintindex":0},"west":{"uv":[5.875,7.875,5.90625,8.5625],"rotation":0,"texture":"#0","tintindex":0}}},{"name":"feather","from":[25.400002,-6.3999996,7.4],"to":[29.0,7.4,8.0],"rotation":{"angle":22.5,"axis":"z","origin":[27.2,7.4,7.7]},"faces":{"down":{"uv":[6.71875,1.5,6.53125,1.53125],"rotation":0,"texture":"#0","tintindex":0},"east":{"uv":[6.3125,1.53125,6.34375,2.25],"rotation":0,"texture":"#0","tintindex":0},"north":{"uv":[6.34375,1.53125,6.53125,2.25],"rotation":0,"texture":"#0","tintindex":0},"south":{"uv":[6.5625,1.53125,6.75,2.25],"rotation":0,"texture":"#0","tintindex":0},"up":{"uv":[6.53125,1.53125,6.34375,1.5],"rotation":0,"texture":"#0","tintindex":0},"west":{"uv":[6.53125,1.53125,6.5625,2.25],"rotation":0,"texture":"#0","tintindex":0}}},{"name":"feather","from":[23.0,-6.3999996,7.4],"to":[26.599998,7.4,8.0],"rotation":{"angle":0.0,"axis":"x","origin":[23.599998,7.4,7.7]},"faces":{"down":{"uv":[1.71875,6.3125,1.53125,6.34375],"rotation":0,"texture":"#0","tintindex":0},"east":{"uv":[1.3125,6.34375,1.34375,7.0625],"rotation":0,"texture":"#0","tintindex":0},"north":{"uv":[1.34375,6.34375,1.53125,7.0625],"rotation":0,"texture":"#0","tintindex":0},"south":{"uv":[1.5625,6.34375,1.75,7.0625],"rotation":0,"texture":"#0","tintindex":0},"up":{"uv":[1.53125,6.34375,1.34375,6.3125],"rotation":0,"texture":"#0","tintindex":0},"west":{"uv":[1.53125,6.34375,1.5625,7.0625],"rotation":0,