{"textures":{"0":"modelengine:entity/texture"},"elements":[{"name":"cube","from":[-15.368042,7.4,6.8],"to":[13.431957,8.6,9.2],"rotation":{"angle":0.0,"axis":"x","origin":[13.431957,8.0,8.0]},"faces":{"down":{"uv":[3.125,1.6875,1.625,1.8125],"rotation":0,"texture":"#0","tintindex":0},"east":{"uv":[0.0,1.8125,0.125,1.875],"rotation":0,"texture":"#0","tintindex":0},"north":{"uv":[0.125,1.8125,1.625,1.875],"rotation":0,"texture":"#0","tintindex":0},"south":{"uv":[1.75,1.8125,3.25,1.875],"rotation":0,"texture":"#0","tintindex":0},"up":{"uv":[1.625,1.8125,0.125,1.6875],"rotation":0,"texture":"#0","tintindex":0},"west":{"uv":[1.625,1.8125,1.75,1.875],"rotation":0,"texture":"#0","tintindex":0}}},{"name":"feather","from":[9.2319565,-6.249999,7.4],"to":[12.831957,7.4,8.0],"rotation":{"angle":45.0,"axis":"z","origin":[11.031957,7.4,7.7]},"faces":{"down":{"uv":[8.28125,8.125,8.09375,8.15625],"rotation":0,"texture":"#0","tintindex":0},"east":{"uv":[7.875,8.15625,7.90625,8.84375],"rotation":0,"texture":"#0","tintindex":0},"north":{"uv":[7.90625,8.15625,8.09375,8.84375],"rotation":0,"texture":"#0","tintindex":0},"south":{"uv":[8.125,8.15625,8.3125,8.84375],"rotation":0,"texture":"#0","tintindex":0},"up":{"uv":[8.09375,8.15625,7.90625,8.125],"rotation":0,"texture":"#0","tintindex":0},"west":{"uv":[8.09375,8.15625,8.125,8.84375],"rotation":0,"texture":"#0","tintindex":0}}},{"name":"feather","from":[6.2319565,-6.3999996,7.4],"to":[9.831957,7.4,8.0],"rotation":{"angle":22.5,"axis":"z","origin":[8.031957,7.4,7.7]},"faces":{"down":{"uv":[7.84375,7.5,7.65625,7.53125],"rotation":0,"texture":"#0","tintindex":0},"east":{"uv":[7.4375,7.53125,7.46875,8.25],"rotation":0,"texture":"#0","tintindex":0},"north":{"uv":[7.46875,7.53125,7.65625,8.25],"rotation":0,"texture":"#0","tintindex":0},"south":{"uv":[7.6875,7.53125,7.875,8.25],"rotation":0,"texture":"#0","tintindex":0},"up":{"uv":[7.65625,7.53125,7.46875,7.5],"rotation":0,"texture":"#0","tintindex":0},"west":{"uv":[7.65625,7.53125,7.6875,8.25],"rotation":0,"texture":"#0","tintindex":0}}},{"name":"feather","from":[3.8319569,-6.3999996,7.4],"to":[7.4319563,7.4,8.0],"rotation":{"angle":0.0,"axis":"x","origin":[4.4319563,7.4,7.7]},"faces":{"down":{"uv":[7.40625,7.5,7.21875,7.53125],"rotation":0,"texture":"#0","tintindex":0},"east":{"uv":[7.0,7.53125,7.03125,8.25],"rotation":0,"texture":"#0","tintindex":0},"north":{"uv":[7.03125,7.53125,7.21875,8.25],"rotation":0,"texture":"#0","tintindex":0},"south":{"uv":[7.25,7.53125,7.4375,8.25],"rotation":0,"texture":"#0","tintindex":0},"up":{"uv":[7.21875,7.53125,7.03125,7.5],"rotation":0,"texture":"#0","tintindex":0},"west":{"uv":[7.21875,7.53125,7.25,8.25],"rotation":0,"texture":"#0","tintindex":0}}},{"name":"feather","from":[-0.9680433,-6.3999996,7.4],"to":[2.631957,7.4,8.0],"rotation":{"angle":0.0,"axis":"x","origin":[0.83195686,7.4,7.7]},"faces":{"down":{"uv":[7.84375,6.75,7.65625,6.78125],"rotation":0,"texture":"#0","tintindex":0},"east":{"uv":[7.4375,6.78125,7.46875,7.5],"rotation":0,"texture":"#0","tintindex":0},"north":{"uv":[7.46875,6.78125,7.65625,7.5],"rotation":0,"texture":"#0","tintindex":0},"south":{"uv":[7.6875,6.78125,7.875,7.5],"rotation":0,"texture":"#0","tintindex":0},"up":{"uv":[7.65625,6.78125,7.46875,6.75],"rotation":0,"texture":"#0","tintindex":0},"west":{"uv":[7.65625,6.78125,7.6875,7.5],"rotation":0,"texture":"#0","tintindex":0}}},{"name":"feather","from":[5.0319567,-8.2,8.0],"to":[8.631956,7.4,8.6],"rotation":{"angle":45.0,"axis":"z","origin":[6.8319564,7.4,8.3]},"faces":{"down":{"uv":[4.09375,1.6875,3.90625,1.71875],"rotation":0,"texture":"#0","tintindex":0},"east":{"uv":[3.6875,1.71875,3.71875,2.53125],"rotation":0,"texture":"#0","tintindex":0},"north":{"uv":[3.71875,1.71875,3.90625,2.53125],"rotation":0,"texture":"#0","tintindex":0},"south":{"uv":[3.9375,1.71875,4.125,2.53125],"rotation":0,"texture":"#0","tintindex":0},"up":{"uv":[3.90625,1.71875,3.71875,1.6875],"rotation":0,"texture":"#0","tintindex":0},"west":{"uv":[3.90625,1.71875,3.9375,2.53125],"rotation":0,"texture":"#0","tintindex":0}}},{"name":"feather","from":[2.631957,-7.5999994,8.0],"to":[6.2319565,7.4,8.6],"rotation":{"angle":22.5,"axis":"z","origin":[3.231957,7.4,8.3]},"faces":{"down":{"uv":[4.34375,4.96875,4.15625,5.0],"rotation":0,"texture":"#0","tintindex":0},"east":{"uv":[3.9375,5.0,3.96875,5.78125],"rotation":0,"texture":"#0","tintindex":0},"north":{"uv":[3.96875,5.0,4.15625,5.78125],"rotation":0,"texture":"#0","tintindex":0},"south":{"uv":[4.1875,5.0,4.375,5.78125],"rotation":0,"texture":"#0","tintindex":0},"up":{"uv":[4.15625,5.0,3.96875,4.96875],"rotation":0,"texture":"#0","tintindex":0},"west":{"uv":[4.15625,5.0,4.1875,5.78125],"rotation":0,"texture":"#0","tintindex":0}}},{"name":"feather","from":[1.4319568,-6.999999,8.0],"to":[5.0319567,7.4,8.6],"rotation":{"angle":0.0,"axis":"x","origin":[-0.36804295,7.4,8.3]},"faces":{"down":{"uv":[6.28125,0.78125,6.09375,0.8125],"rotation":0,"texture":"#0","tintindex":0},"east":{"uv":[5.875,0.8125,5.90625,1.5625],"rotation":0,"texture":"#0","tintindex":0},"north":{"uv":[5.90625,0.8125,6.09375,1.5625],"rotation":0,"texture":"#0","tintindex":0},"south":{"uv":[6.125,0.8125,6.3125,1.5625],"rotation":0,"texture":"#0","tintindex":0},"up":{"uv":[6.09375,0.8125,5.90625,0.78125],"rotation":0,"texture":"#0","tintindex":0},"west":{"uv":[6.09375,0.8125,6.125,1.5625],"rotation":0,"texture":"#0","tintindex":0}}},{"name":"feather","from":[-3.3999996,-7.5999994,8.0],"to":[0.19999981,7.4,8.6],"rotation":{"angle":0.0,"axis":"x","origin":[-2.1999998,7.4,8.3]},"faces":{"down":{"uv":[5.21875,4.875,5.03125,4.90625],"rotation":0,"texture":"#0","tintindex":0},"east":{"uv":[4.8125,4.90625,4.84375,5.6875],"rotation":0,"texture":"#0","tintindex":0},"north":{"uv":[4.84375,4.90625,5.03125,5.6875],"rotation":0,"texture":"#0","tintindex":0},"south":{"uv":[5.0625,4.90625,5.25,5.6875],"rotation":0,"texture":"#0","tintindex":0},"up":{"uv":[5.03125,4.90625,4.84375,4.875],"rotation":0,"texture":"#0","tintindex":0},"west":{"uv":[5.03125,4.90625,5.0625,5.6875],"rotation":0,"texture":"#0","tintindex":0}}},{"name":"feather","from":[-16.0,-6.249999,7.4],"to":[-12.400002,7.4,8.0],"rotation":{"angle":-45.0,"axis":"z","origin":[-14.200001,7.4,7.7]},"faces":{"down":{"uv":[3.46875,8.09375,3.28125,8.125],"rotation":0,"texture":"#0","tintindex":0},"east":{"uv":[3.0625,8.125,3.09375,8.8125],"rotation":0,"texture":"#0","tintindex":0},"north":{"uv":[3.09375,8.125,3.28125,8.8125],"rotation":0,"texture":"#0","tintindex":0},"south":{"uv":[3.3125,8.125,3.5,8.8125],"rotation":0,"texture":"#0","tintindex":0},"up":{"uv":[3.28125,8.125,3.09375,8.09375],"rotation":0,"texture":"#0","tintindex":0},"west":{"uv":[3.28125,8.125,3.3125,8.8125],"rotation":0,"texture":"#0","tintindex":0}}},{"name":"feather","from":[-13.0,-6.3999996,7.4],"to":[-9.400001,7.4,8.0],"rotation":{"angle":-22.5,"axis":"z","origin":[-11.200001,7.4,7.7]},"faces":{"down":{"uv":[7.84375,6.0,7.65625,6.03125],"rotation":0,"texture":"#0","tintindex":0},"east":{"uv":[7.4375,6.03125,7.46875,6.75],"rotation":0,"texture":"#0","tintindex":0},"north":{"uv":[7.46875,6.03125,7.65625,6.75],"rotation":0,"texture":"#0","tintindex":0},"south":{"uv":[7.6875,6.03125,7.875,6.75],"rotation":0,"texture":"#0","tintindex":0},"up":{"uv":[7.65625,6.03125,7.46875,6.0],"rotation":0,"texture":"#0","tintindex":0},"west":{"uv":[7.65625,6.03125,7.6875,6.75],"rotation":0,"texture":"#0","tintindex":0}}},{"name":"feather","from":[-10.599998,-6.3999996,7.4],"to":[-7.0,7.4,8.0],"rotation":{"angle":0.0,"axis":"x","origin":[-7.5999994,7.4,7.7]},"faces":{"down":{"uv":[7.84375,5.25,7.65625,5.28125],"rotation":0,"texture":"#0","tintindex":0},"east":{"uv":[7.4375,5.28125,7.46875,6.0],"rotation":0,"texture":"#0","tintindex":0},"north":{"uv":[7.46875,5.28125,7.65625,6.0],"rotation":0,"texture":"#0","tintindex":0},"south":{"uv":[7.6875,5.28125,7.875,6.0],"rotation":0,"texture":"#0","tintindex":0},"up":{"uv":[7.65625,5.28125,7.46875,5.25],"rotation":0,"texture":"#0","tintindex":0},