{"textures":{"0":"modelengine:entity/texture"},"elements":[{"name":"cube","from":[2.5680428,7.4,6.8],"to":[31.368046,8.6,9.2],"rotation":{"angle":0.0,"axis":"x","origin":[2.5680428,8.0,8.0]},"faces":{"down":{"uv":[3.125,0.5625,1.625,0.6875],"rotation":0,"texture":"#0","tintindex":0},"east":{"uv":[0.0,0.6875,0.125,0.75],"rotation":0,"texture":"#0","tintindex":0},"north":{"uv":[0.125,0.6875,1.625,0.75],"rotation":0,"texture":"#0","tintindex":0},"south":{"uv":[1.75,0.6875,3.25,0.75],"rotation":0,"texture":"#0","tintindex":0},"up":{"uv":[1.625,0.6875,0.125,0.5625],"rotation":0,"texture":"#0","tintindex":0},"west":{"uv":[1.625,0.6875,1.75,0.75],"rotation":0,"texture":"#0","tintindex":0}}},{"name":"feather","from":[3.1680431,-6.249999,7.4],"to":[6.7680435,7.4,8.0],"rotation":{"angle":-45.0,"axis":"z","origin":[4.9680433,7.4,7.7]},"faces":{"down":{"uv":[8.28125,5.96875,8.09375,6.0],"rotation":0,"texture":"#0","tintindex":0},"east":{"uv":[7.875,6.0,7.90625,6.6875],"rotation":0,"texture":"#0","tintindex":0},"north":{"uv":[7.90625,6.0,8.09375,6.6875],"rotation":0,"texture":"#0","tintindex":0},"south":{"uv":[8.125,6.0,8.3125,6.6875],"rotation":0,"texture":"#0","tintindex":0},"up":{"uv":[8.09375,6.0,7.90625,5.96875],"rotation":0,"texture":"#0","tintindex":0},"west":{"uv":[8.09375,6.0,8.125,6.6875],"rotation":0,"texture":"#0","tintindex":0}}},{"name":"feather","from":[6.168043,-6.3999996,7.4],"to":[9.768043,7.4,8.0],"rotation":{"angle":-22.5,"axis":"z","origin":[7.9680433,7.4,7.7]},"faces":{"down":{"uv":[7.09375,3.75,6.90625,3.78125],"rotation":0,"texture":"#0","tintindex":0},"east":{"uv":[6.6875,3.78125,6.71875,4.5],"rotation":0,"texture":"#0","tintindex":0},"north":{"uv":[6.71875,3.78125,6.90625,4.5],"rotation":0,"texture":"#0","tintindex":0},"south":{"uv":[6.9375,3.78125,7.125,4.5],"rotation":0,"texture":"#0","tintindex":0},"up":{"uv":[6.90625,3.78125,6.71875,3.75],"rotation":0,"texture":"#0","tintindex":0},"west":{"uv":[6.90625,3.78125,6.9375,4.5],"rotation":0,"texture":"#0","tintindex":0}}},{"name":"feather","from":[8.568043,-6.3999996,7.4],"to":[12.168043,7.4,8.0],"rotation":{"angle":0.0,"axis":"x","origin":[11.568043,7.4,7.7]},"faces":{"down":{"uv":[3.46875,6.59375,3.28125,6.625],"rotation":0,"texture":"#0","tintindex":0},"east":{"uv":[3.0625,6.625,3.09375,7.34375],"rotation":0,"texture":"#0","tintindex":0},"north":{"uv":[3.09375,6.625,3.28125,7.34375],"rotation":0,"texture":"#0","tintindex":0},"south":{"uv":[3.3125,6.625,3.5,7.34375],"rotation":0,"texture":"#0","tintindex":0},"up":{"uv":[3.28125,6.625,3.09375,6.59375],"rotation":0,"texture":"#0","tintindex":0},"west":{"uv":[3.28125,6.625,3.3125,7.34375],"rotation":0,"texture":"#0","tintindex":0}}},{"name":"feather","from":[13.368042,-6.3999996,7.4],"to":[16.968044,7.4,8.0],"rotation":{"angle":0.0,"axis":"x","origin":[15.168045,7.4,7.7]},"faces":{"down":{"uv":[6.96875,6.15625,6.78125,6.1875],"rotation":0,"texture":"#0","tintindex":0},"east":{"uv":[6.5625,6.1875,6.59375,6.90625],"rotation":0,"texture":"#0","tintindex":0},"north":{"uv":[6.59375,6.1875,6.78125,6.90625],"rotation":0,"texture":"#0","tintindex":0},"south":{"uv":[6.8125,6.1875,7.0,6.90625],"rotation":0,"texture":"#0","tintindex":0},"up":{"uv":[6.78125,6.1875,6.59375,6.15625],"rotation":0,"texture":"#0","tintindex":0},"west":{"uv":[6.78125,6.1875,6.8125,6.90625],"rotation":0,"texture":"#0","tintindex":0}}},{"name":"feather","from":[7.368043,-8.2,8.0],"to":[10.968044,7.4,8.6],"rotation":{"angle":-45.0,"axis":"z","origin":[9.168043,7.4,8.3]},"faces":{"down":{"uv":[1.71875,3.09375,1.53125,3.125],"rotation":0,"texture":"#0","tintindex":0},"east":{"uv":[1.3125,3.125,1.34375,3.9375],"rotation":0,"texture":"#0","tintindex":0},"north":{"uv":[1.34375,3.125,1.53125,3.9375],"rotation":0,"texture":"#0","tintindex":0},"south":{"uv":[1.5625,3.125,1.75,3.9375],"rotation":0,"texture":"#0","tintindex":0},"up":{"uv":[1.53125,3.125,1.34375,3.09375],"rotation":0,"texture":"#0","tintindex":0},"west":{"uv":[1.53125,3.125,1.5625,3.9375],"rotation":0,"texture":"#0","tintindex":0}}},{"name":"feather","from":[9.768043,-7.5999994,8.0],"to":[13.368042,7.4,8.6],"rotation":{"angle":-22.5,"axis":"z","origin":[12.7680435,7.4,8.3]},"faces":{"down":{"uv":[4.78125,2.4375,4.59375,2.46875],"rotation":0,"texture":"#0","tintindex":0},"east":{"uv":[4.375,2.46875,4.40625,3.25],"rotation":0,"texture":"#0","tintindex":0},"north":{"uv":[4.40625,2.46875,4.59375,3.25],"rotation":0,"texture":"#0","tintindex":0},"south":{"uv":[4.625,2.46875,4.8125,3.25],"rotation":0,"texture":"#0","tintindex":0},"up":{"uv":[4.59375,2.46875,4.40625,2.4375],"rotation":0,"texture":"#0","tintindex":0},"west":{"uv":[4.59375,2.46875,4.625,3.25],"rotation":0,"texture":"#0","tintindex":0}}},{"name":"feather","from":[10.968044,-6.999999,8.0],"to":[14.568043,7.4,8.6],"rotation":{"angle":0.0,"axis":"x","origin":[16.368042,7.4,8.3]},"faces":{"down":{"uv":[2.5625,5.5625,2.375,5.59375],"rotation":0,"texture":"#0","tintindex":0},"east":{"uv":[2.15625,5.59375,2.1875,6.34375],"rotation":0,"texture":"#0","tintindex":0},"north":{"uv":[2.1875,5.59375,2.375,6.34375],"rotation":0,"texture":"#0","tintindex":0},"south":{"uv":[2.40625,5.59375,2.59375,6.34375],"rotation":0,"texture":"#0","tintindex":0},"up":{"uv":[2.375,5.59375,2.1875,5.5625],"rotation":0,"texture":"#0","tintindex":0},"west":{"uv":[2.375,5.59375,2.40625,6.34375],"rotation":0,"texture":"#0","tintindex":0}}},{"name":"feather","from":[15.799999,-7.5999994,8.0],"to":[19.400002,7.4,8.6],"rotation":{"angle":0.0,"axis":"x","origin":[18.2,7.4,8.3]},"faces":{"down":{"uv":[3.90625,4.21875,3.71875,4.25],"rotation":0,"texture":"#0","tintindex":0},"east":{"uv":[3.5,4.25,3.53125,5.03125],"rotation":0,"texture":"#0","tintindex":0},"north":{"uv":[3.53125,4.25,3.71875,5.03125],"rotation":0,"texture":"#0","tintindex":0},"south":{"uv":[3.75,4.25,3.9375,5.03125],"rotation":0,"texture":"#0","tintindex":0},"up":{"uv":[3.71875,4.25,3.53125,4.21875],"rotation":0,"texture":"#0","tintindex":0},"west":{"uv":[3.71875,4.25,3.75,5.03125],"rotation":0,"texture":"#0","tintindex":0}}},{"name":"feather","from":[28.400002,-6.249999,7.4],"to":[32.0,7.4,8.0],"rotation":{"angle":45.0,"axis":"z","origin":[30.2,7.4,7.7]},"faces":{"down":{"uv":[8.28125,5.25,8.09375,5.28125],"rotation":0,"texture":"#0","tintindex":0},"east":{"uv":[7.875,5.28125,7.90625,5.96875],"rotation":0,"texture":"#0","tintindex":0},"north":{"uv":[7.90625,5.28125,8.09375,5.96875],"rotation":0,"texture":"#0","tintindex":0},"south":{"uv":[8.125,5.28125,8.3125,5.96875],"rotation":0,"texture":"#0","tintindex":0},"up":{"uv":[8.09375,5.28125,7.90625,5.25],"rotation":0,"texture":"#0","tintindex":0},"west":{"uv":[8.09375,5.28125,8.125,5.96875],"rotation":0,"texture":"#0","tintindex":0}}},{"name":"feather","from":[25.400002,-6.3999996,7.4],"to":[29.0,7.4,8.0],"rotation":{"angle":22.5,"axis":"z","origin":[27.2,7.4,7.7]},"faces":{"down":{"uv":[6.96875,5.40625,6.78125,5.4375],"rotation":0,"texture":"#0","tintindex":0},"east":{"uv":[6.5625,5.4375,6.59375,6.15625],"rotation":0,"texture":"#0","tintindex":0},"north":{"uv":[6.59375,5.4375,6.78125,6.15625],"rotation":0,"texture":"#0","tintindex":0},"south":{"uv":[6.8125,5.4375,7.0,6.15625],"rotation":0,"texture":"#0","tintindex":0},"up":{"uv":[6.78125,5.4375,6.59375,5.40625],"rotation":0,"texture":"#0","tintindex":0},"west":{"uv":[6.78125,5.4375,6.8125,6.15625],"rotation":0,"texture":"#0","tintindex":0}}},{"name":"feather","from":[23.0,-6.3999996,7.4],"to":[26.599998,7.4,8.0],"rotation":{"angle":0.0,"axis":"x","origin":[23.599998,7.4,7.7]},"faces":{"down":{"uv":[4.3125,6.5625,4.125,6.59375],"rotation":0,"texture":"#0","tintindex":0},"east":{"uv":[3.90625,6.59375,3.9375,7.3125],"rotation":0,"texture":"#0","tintindex":0},"north":{"uv":[3.9375,6.59375,4.125,7.3125],"rotation":0,"texture":"#0","tintindex":0},"south":{"uv":[4.15625,6.59375,4.34375,7.3125],"rotation":0,"texture":"#0","tintindex":0},"up":{"uv":[4.125,6.59375,3.9375,6.5625],"rotation":0,"texture":"#0","tintindex":0},