{"textures":{"0":"modelengine:entity/texture"},"elements":[{"name":"cube","from":[-15.368038,7.4,6.8],"to":[13.431961,8.6,9.2],"rotation":{"angle":0.0,"axis":"x","origin":[13.431961,8.0,8.0]},"faces":{"down":{"uv":[3.125,1.5,1.625,1.625],"rotation":0,"texture":"#0","tintindex":0},"east":{"uv":[0.0,1.625,0.125,1.6875],"rotation":0,"texture":"#0","tintindex":0},"north":{"uv":[0.125,1.625,1.625,1.6875],"rotation":0,"texture":"#0","tintindex":0},"south":{"uv":[1.75,1.625,3.25,1.6875],"rotation":0,"texture":"#0","tintindex":0},"up":{"uv":[1.625,1.625,0.125,1.5],"rotation":0,"texture":"#0","tintindex":0},"west":{"uv":[1.625,1.625,1.75,1.6875],"rotation":0,"texture":"#0","tintindex":0}}},{"name":"feather","from":[9.231963,-6.249999,7.4],"to":[12.831961,7.4,8.0],"rotation":{"angle":45.0,"axis":"z","origin":[11.031963,7.4,7.7]},"faces":{"down":{"uv":[8.46875,1.4375,8.28125,1.46875],"rotation":0,"texture":"#0","tintindex":0},"east":{"uv":[8.0625,1.46875,8.09375,2.15625],"rotation":0,"texture":"#0","tintindex":0},"north":{"uv":[8.09375,1.46875,8.28125,2.15625],"rotation":0,"texture":"#0","tintindex":0},"south":{"uv":[8.3125,1.46875,8.5,2.15625],"rotation":0,"texture":"#0","tintindex":0},"up":{"uv":[8.28125,1.46875,8.09375,1.4375],"rotation":0,"texture":"#0","tintindex":0},"west":{"uv":[8.28125,1.46875,8.3125,2.15625],"rotation":0,"texture":"#0","tintindex":0}}},{"name":"feather","from":[6.231963,-6.3999996,7.4],"to":[9.831963,7.4,8.0],"rotation":{"angle":22.5,"axis":"z","origin":[8.031963,7.4,7.7]},"faces":{"down":{"uv":[7.84375,2.25,7.65625,2.28125],"rotation":0,"texture":"#0","tintindex":0},"east":{"uv":[7.4375,2.28125,7.46875,3.0],"rotation":0,"texture":"#0","tintindex":0},"north":{"uv":[7.46875,2.28125,7.65625,3.0],"rotation":0,"texture":"#0","tintindex":0},"south":{"uv":[7.6875,2.28125,7.875,3.0],"rotation":0,"texture":"#0","tintindex":0},"up":{"uv":[7.65625,2.28125,7.46875,2.25],"rotation":0,"texture":"#0","tintindex":0},"west":{"uv":[7.65625,2.28125,7.6875,3.0],"rotation":0,"texture":"#0","tintindex":0}}},{"name":"feather","from":[3.831963,-6.3999996,7.4],"to":[7.431963,7.4,8.0],"rotation":{"angle":0.0,"axis":"x","origin":[4.431963,7.4,7.7]},"faces":{"down":{"uv":[3.46875,7.34375,3.28125,7.375],"rotation":0,"texture":"#0","tintindex":0},"east":{"uv":[3.0625,7.375,3.09375,8.09375],"rotation":0,"texture":"#0","tintindex":0},"north":{"uv":[3.09375,7.375,3.28125,8.09375],"rotation":0,"texture":"#0","tintindex":0},"south":{"uv":[3.3125,7.375,3.5,8.09375],"rotation":0,"texture":"#0","tintindex":0},"up":{"uv":[3.28125,7.375,3.09375,7.34375],"rotation":0,"texture":"#0","tintindex":0},"west":{"uv":[3.28125,7.375,3.3125,8.09375],"rotation":0,"texture":"#0","tintindex":0}}},{"name":"feather","from":[-0.9680376,-6.3999996,7.4],"to":[2.6319628,7.4,8.0],"rotation":{"angle":0.0,"axis":"x","origin":[0.83196306,7.4,7.7]},"faces":{"down":{"uv":[3.90625,7.28125,3.71875,7.3125],"rotation":0,"texture":"#0","tintindex":0},"east":{"uv":[3.5,7.3125,3.53125,8.03125],"rotation":0,"texture":"#0","tintindex":0},"north":{"uv":[3.53125,7.3125,3.71875,8.03125],"rotation":0,"texture":"#0","tintindex":0},"south":{"uv":[3.75,7.3125,3.9375,8.03125],"rotation":0,"texture":"#0","tintindex":0},"up":{"uv":[3.71875,7.3125,3.53125,7.28125],"rotation":0,"texture":"#0","tintindex":0},"west":{"uv":[3.71875,7.3125,3.75,8.03125],"rotation":0,"texture":"#0","tintindex":0}}},{"name":"feather","from":[5.0319633,-8.2,8.0],"to":[8.631964,7.4,8.6],"rotation":{"angle":45.0,"axis":"z","origin":[6.831963,7.4,8.3]},"faces":{"down":{"uv":[4.09375,0.0,3.90625,0.03125],"rotation":0,"texture":"#0","tintindex":0},"east":{"uv":[3.6875,0.03125,3.71875,0.84375],"rotation":0,"texture":"#0","tintindex":0},"north":{"uv":[3.71875,0.03125,3.90625,0.84375],"rotation":0,"texture":"#0","tintindex":0},"south":{"uv":[3.9375,0.03125,4.125,0.84375],"rotation":0,"texture":"#0","tintindex":0},"up":{"uv":[3.90625,0.03125,3.71875,0.0],"rotation":0,"texture":"#0","tintindex":0},"west":{"uv":[3.90625,0.03125,3.9375,0.84375],"rotation":0,"texture":"#0","tintindex":0}}},{"name":"feather","from":[2.6319628,-7.5999994,8.0],"to":[6.231963,7.4,8.6],"rotation":{"angle":22.5,"axis":"z","origin":[3.2319632,7.4,8.3]},"faces":{"down":{"uv":[5.21875,4.0625,5.03125,4.09375],"rotation":0,"texture":"#0","tintindex":0},"east":{"uv":[4.8125,4.09375,4.84375,4.875],"rotation":0,"texture":"#0","tintindex":0},"north":{"uv":[4.84375,4.09375,5.03125,4.875],"rotation":0,"texture":"#0","tintindex":0},"south":{"uv":[5.0625,4.09375,5.25,4.875],"rotation":0,"texture":"#0","tintindex":0},"up":{"uv":[5.03125,4.09375,4.84375,4.0625],"rotation":0,"texture":"#0","tintindex":0},"west":{"uv":[5.03125,4.09375,5.0625,4.875],"rotation":0,"texture":"#0","tintindex":0}}},{"name":"feather","from":[1.431963,-6.999999,8.0],"to":[5.0319633,7.4,8.6],"rotation":{"angle":0.0,"axis":"x","origin":[-0.36803722,7.4,8.3]},"faces":{"down":{"uv":[3.875,5.84375,3.6875,5.875],"rotation":0,"texture":"#0","tintindex":0},"east":{"uv":[3.46875,5.875,3.5,6.625],"rotation":0,"texture":"#0","tintindex":0},"north":{"uv":[3.5,5.875,3.6875,6.625],"rotation":0,"texture":"#0","tintindex":0},"south":{"uv":[3.71875,5.875,3.90625,6.625],"rotation":0,"texture":"#0","tintindex":0},"up":{"uv":[3.6875,5.875,3.5,5.84375],"rotation":0,"texture":"#0","tintindex":0},"west":{"uv":[3.6875,5.875,3.71875,6.625],"rotation":0,"texture":"#0","tintindex":0}}},{"name":"feather","from":[-3.3999987,-7.5999994,8.0],"to":[0.20000172,7.4,8.6],"rotation":{"angle":0.0,"axis":"x","origin":[-2.199998,7.4,8.3]},"faces":{"down":{"uv":[5.21875,3.25,5.03125,3.28125],"rotation":0,"texture":"#0","tintindex":0},"east":{"uv":[4.8125,3.28125,4.84375,4.0625],"rotation":0,"texture":"#0","tintindex":0},"north":{"uv":[4.84375,3.28125,5.03125,4.0625],"rotation":0,"texture":"#0","tintindex":0},"south":{"uv":[5.0625,3.28125,5.25,4.0625],"rotation":0,"texture":"#0","tintindex":0},"up":{"uv":[5.03125,3.28125,4.84375,3.25],"rotation":0,"texture":"#0","tintindex":0},"west":{"uv":[5.03125,3.28125,5.0625,4.0625],"rotation":0,"texture":"#0","tintindex":0}}},{"name":"feather","from":[-16.0,-6.249999,7.4],"to":[-12.399998,7.4,8.0],"rotation":{"angle":-45.0,"axis":"z","origin":[-14.199997,7.4,7.7]},"faces":{"down":{"uv":[8.46875,0.71875,8.28125,0.75],"rotation":0,"texture":"#0","tintindex":0},"east":{"uv":[8.0625,0.75,8.09375,1.4375],"rotation":0,"texture":"#0","tintindex":0},"north":{"uv":[8.09375,0.75,8.28125,1.4375],"rotation":0,"texture":"#0","tintindex":0},"south":{"uv":[8.3125,0.75,8.5,1.4375],"rotation":0,"texture":"#0","tintindex":0},"up":{"uv":[8.28125,0.75,8.09375,0.71875],"rotation":0,"texture":"#0","tintindex":0},"west":{"uv":[8.28125,0.75,8.3125,1.4375],"rotation":0,"texture":"#0","tintindex":0}}},{"name":"feather","from":[-13.0,-6.3999996,7.4],"to":[-9.399999,7.4,8.0],"rotation":{"angle":-22.5,"axis":"z","origin":[-11.199997,7.4,7.7]},"faces":{"down":{"uv":[5.1875,7.21875,5.0,7.25],"rotation":0,"texture":"#0","tintindex":0},"east":{"uv":[4.78125,7.25,4.8125,7.96875],"rotation":0,"texture":"#0","tintindex":0},"north":{"uv":[4.8125,7.25,5.0,7.96875],"rotation":0,"texture":"#0","tintindex":0},"south":{"uv":[5.03125,7.25,5.21875,7.96875],"rotation":0,"texture":"#0","tintindex":0},"up":{"uv":[5.0,7.25,4.8125,7.21875],"rotation":0,"texture":"#0","tintindex":0},"west":{"uv":[5.0,7.25,5.03125,7.96875],"rotation":0,"texture":"#0","tintindex":0}}},{"name":"feather","from":[-10.599998,-6.3999996,7.4],"to":[-6.999998,7.4,8.0],"rotation":{"angle":0.0,"axis":"x","origin":[-7.5999994,7.4,7.7]},"faces":{"down":{"uv":[4.75,7.21875,4.5625,7.25],"rotation":0,"texture":"#0","tintindex":0},"east":{"uv":[4.34375,7.25,4.375,7.96875],"rotation":0,"texture":"#0","tintindex":0},"north":{"uv":[4.375,7.25,4.5625,7.96875],"rotation":0,"texture":"#0","tintindex":0},"south":{"uv":[4.59375,7.25,4.78125,7.96875],"rotation":0,"texture":"#0","tintindex":0},"up":{"uv":[4.5625,7.25,4.375,7.21875],"rotation":0,"texture":"#0","tintindex":0},