{"textures":{"0":"modelengine:entity/texture"},"elements":[{"name":"cube","from":[2.5680428,7.4,6.8],"to":[31.368046,8.6,9.2],"rotation":{"angle":0.0,"axis":"x","origin":[2.5680428,8.0,8.0]},"faces":{"down":{"uv":[3.125,0.9375,1.625,1.0625],"rotation":0,"texture":"#0","tintindex":0},"east":{"uv":[0.0,1.0625,0.125,1.125],"rotation":0,"texture":"#0","tintindex":0},"north":{"uv":[0.125,1.0625,1.625,1.125],"rotation":0,"texture":"#0","tintindex":0},"south":{"uv":[1.75,1.0625,3.25,1.125],"rotation":0,"texture":"#0","tintindex":0},"up":{"uv":[1.625,1.0625,0.125,0.9375],"rotation":0,"texture":"#0","tintindex":0},"west":{"uv":[1.625,1.0625,1.75,1.125],"rotation":0,"texture":"#0","tintindex":0}}},{"name":"feather","from":[3.1680431,-6.249999,7.4],"to":[6.7680435,7.4,8.0],"rotation":{"angle":-45.0,"axis":"z","origin":[4.9680424,7.4,7.7]},"faces":{"down":{"uv":[4.78125,7.96875,4.59375,8.0],"rotation":0,"texture":"#0","tintindex":0},"east":{"uv":[4.375,8.0,4.40625,8.6875],"rotation":0,"texture":"#0","tintindex":0},"north":{"uv":[4.40625,8.0,4.59375,8.6875],"rotation":0,"texture":"#0","tintindex":0},"south":{"uv":[4.625,8.0,4.8125,8.6875],"rotation":0,"texture":"#0","tintindex":0},"up":{"uv":[4.59375,8.0,4.40625,7.96875],"rotation":0,"texture":"#0","tintindex":0},"west":{"uv":[4.59375,8.0,4.625,8.6875],"rotation":0,"texture":"#0","tintindex":0}}},{"name":"feather","from":[6.168043,-6.3999996,7.4],"to":[9.768043,7.4,8.0],"rotation":{"angle":-22.5,"axis":"z","origin":[7.9680433,7.4,7.7]},"faces":{"down":{"uv":[0.40625,7.03125,0.21875,7.0625],"rotation":0,"texture":"#0","tintindex":0},"east":{"uv":[0.0,7.0625,0.03125,7.78125],"rotation":0,"texture":"#0","tintindex":0},"north":{"uv":[0.03125,7.0625,0.21875,7.78125],"rotation":0,"texture":"#0","tintindex":0},"south":{"uv":[0.25,7.0625,0.4375,7.78125],"rotation":0,"texture":"#0","tintindex":0},"up":{"uv":[0.21875,7.0625,0.03125,7.03125],"rotation":0,"texture":"#0","tintindex":0},"west":{"uv":[0.21875,7.0625,0.25,7.78125],"rotation":0,"texture":"#0","tintindex":0}}},{"name":"feather","from":[8.568043,-6.3999996,7.4],"to":[12.168043,7.4,8.0],"rotation":{"angle":0.0,"axis":"x","origin":[11.568043,7.4,7.7]},"faces":{"down":{"uv":[7.40625,6.75,7.21875,6.78125],"rotation":0,"texture":"#0","tintindex":0},"east":{"uv":[7.0,6.78125,7.03125,7.5],"rotation":0,"texture":"#0","tintindex":0},"north":{"uv":[7.03125,6.78125,7.21875,7.5],"rotation":0,"texture":"#0","tintindex":0},"south":{"uv":[7.25,6.78125,7.4375,7.5],"rotation":0,"texture":"#0","tintindex":0},"up":{"uv":[7.21875,6.78125,7.03125,6.75],"rotation":0,"texture":"#0","tintindex":0},"west":{"uv":[7.21875,6.78125,7.25,7.5],"rotation":0,"texture":"#0","tintindex":0}}},{"name":"feather","from":[13.368042,-6.3999996,7.4],"to":[16.968044,7.4,8.0],"rotation":{"angle":0.0,"axis":"x","origin":[15.168045,7.4,7.7]},"faces":{"down":{"uv":[7.40625,6.0,7.21875,6.03125],"rotation":0,"texture":"#0","tintindex":0},"east":{"uv":[7.0,6.03125,7.03125,6.75],"rotation":0,"texture":"#0","tintindex":0},"north":{"uv":[7.03125,6.03125,7.21875,6.75],"rotation":0,"texture":"#0","tintindex":0},"south":{"uv":[7.25,6.03125,7.4375,6.75],"rotation":0,"texture":"#0","tintindex":0},"up":{"uv":[7.21875,6.03125,7.03125,6.0],"rotation":0,"texture":"#0","tintindex":0},"west":{"uv":[7.21875,6.03125,7.25,6.75],"rotation":0,"texture":"#0","tintindex":0}}},{"name":"feather","from":[7.368043,-8.2,8.0],"to":[10.968044,7.4,8.6],"rotation":{"angle":-45.0,"axis":"z","origin":[9.168043,7.4,8.3]},"faces":{"down":{"uv":[3.46875,3.09375,3.28125,3.125],"rotation":0,"texture":"#0","tintindex":0},"east":{"uv":[3.0625,3.125,3.09375,3.9375],"rotation":0,"texture":"#0","tintindex":0},"north":{"uv":[3.09375,3.125,3.28125,3.9375],"rotation":0,"texture":"#0","tintindex":0},"south":{"uv":[3.3125,3.125,3.5,3.9375],"rotation":0,"texture":"#0","tintindex":0},"up":{"uv":[3.28125,3.125,3.09375,3.09375],"rotation":0,"texture":"#0","tintindex":0},"west":{"uv":[3.28125,3.125,3.3125,3.9375],"rotation":0,"texture":"#0","tintindex":0}}},{"name":"feather","from":[9.768043,-7.5999994,8.0],"to":[13.368042,7.4,8.6],"rotation":{"angle":-22.5,"axis":"z","origin":[12.7680435,7.4,8.3]},"faces":{"down":{"uv":[0.40625,4.6875,0.21875,4.71875],"rotation":0,"texture":"#0","tintindex":0},"east":{"uv":[0.0,4.71875,0.03125,5.5],"rotation":0,"texture":"#0","tintindex":0},"north":{"uv":[0.03125,4.71875,0.21875,5.5],"rotation":0,"texture":"#0","tintindex":0},"south":{"uv":[0.25,4.71875,0.4375,5.5],"rotation":0,"texture":"#0","tintindex":0},"up":{"uv":[0.21875,4.71875,0.03125,4.6875],"rotation":0,"texture":"#0","tintindex":0},"west":{"uv":[0.21875,4.71875,0.25,5.5],"rotation":0,"texture":"#0","tintindex":0}}},{"name":"feather","from":[10.968044,-6.999999,8.0],"to":[14.568043,7.4,8.6],"rotation":{"angle":0.0,"axis":"x","origin":[16.368042,7.4,8.3]},"faces":{"down":{"uv":[6.09375,2.34375,5.90625,2.375],"rotation":0,"texture":"#0","tintindex":0},"east":{"uv":[5.6875,2.375,5.71875,3.125],"rotation":0,"texture":"#0","tintindex":0},"north":{"uv":[5.71875,2.375,5.90625,3.125],"rotation":0,"texture":"#0","tintindex":0},"south":{"uv":[5.9375,2.375,6.125,3.125],"rotation":0,"texture":"#0","tintindex":0},"up":{"uv":[5.90625,2.375,5.71875,2.34375],"rotation":0,"texture":"#0","tintindex":0},"west":{"uv":[5.90625,2.375,5.9375,3.125],"rotation":0,"texture":"#0","tintindex":0}}},{"name":"feather","from":[15.799999,-7.5999994,8.0],"to":[19.400002,7.4,8.6],"rotation":{"angle":0.0,"axis":"x","origin":[18.2,7.4,8.3]},"faces":{"down":{"uv":[4.96875,1.625,4.78125,1.65625],"rotation":0,"texture":"#0","tintindex":0},"east":{"uv":[4.5625,1.65625,4.59375,2.4375],"rotation":0,"texture":"#0","tintindex":0},"north":{"uv":[4.59375,1.65625,4.78125,2.4375],"rotation":0,"texture":"#0","tintindex":0},"south":{"uv":[4.8125,1.65625,5.0,2.4375],"rotation":0,"texture":"#0","tintindex":0},"up":{"uv":[4.78125,1.65625,4.59375,1.625],"rotation":0,"texture":"#0","tintindex":0},"west":{"uv":[4.78125,1.65625,4.8125,2.4375],"rotation":0,"texture":"#0","tintindex":0}}},{"name":"feather","from":[28.400002,-6.249999,7.4],"to":[32.0,7.4,8.0],"rotation":{"angle":45.0,"axis":"z","origin":[30.2,7.4,7.7]},"faces":{"down":{"uv":[4.34375,7.9375,4.15625,7.96875],"rotation":0,"texture":"#0","tintindex":0},"east":{"uv":[3.9375,7.96875,3.96875,8.65625],"rotation":0,"texture":"#0","tintindex":0},"north":{"uv":[3.96875,7.96875,4.15625,8.65625],"rotation":0,"texture":"#0","tintindex":0},"south":{"uv":[4.1875,7.96875,4.375,8.65625],"rotation":0,"texture":"#0","tintindex":0},"up":{"uv":[4.15625,7.96875,3.96875,7.9375],"rotation":0,"texture":"#0","tintindex":0},"west":{"uv":[4.15625,7.96875,4.1875,8.65625],"rotation":0,"texture":"#0","tintindex":0}}},{"name":"feather","from":[25.400002,-6.3999996,7.4],"to":[29.0,7.4,8.0],"rotation":{"angle":22.5,"axis":"z","origin":[27.2,7.4,7.7]},"faces":{"down":{"uv":[7.40625,5.25,7.21875,5.28125],"rotation":0,"texture":"#0","tintindex":0},"east":{"uv":[7.0,5.28125,7.03125,6.0],"rotation":0,"texture":"#0","tintindex":0},"north":{"uv":[7.03125,5.28125,7.21875,6.0],"rotation":0,"texture":"#0","tintindex":0},"south":{"uv":[7.25,5.28125,7.4375,6.0],"rotation":0,"texture":"#0","tintindex":0},"up":{"uv":[7.21875,5.28125,7.03125,5.25],"rotation":0,"texture":"#0","tintindex":0},"west":{"uv":[7.21875,5.28125,7.25,6.0],"rotation":0,"texture":"#0","tintindex":0}}},{"name":"feather","from":[23.0,-6.3999996,7.4],"to":[26.599998,7.4,8.0],"rotation":{"angle":0.0,"axis":"x","origin":[23.599998,7.4,7.7]},"faces":{"down":{"uv":[7.40625,3.0,7.21875,3.03125],"rotation":0,"texture":"#0","tintindex":0},"east":{"uv":[7.0,3.03125,7.03125,3.75],"rotation":0,"texture":"#0","tintindex":0},"north":{"uv":[7.03125,3.03125,7.21875,3.75],"rotation":0,"texture":"#0","tintindex":0},"south":{"uv":[7.25,3.03125,7.4375,3.75],"rotation":0,"texture":"#0","tintindex":0},"up":{"uv":[7.21875,3.03125,7.03125,3.0],"rotation":0,"texture":"#0","tintindex":0},"west":{"uv":[7.21875,3.03125,7.25,3.75],"rotation":0,"texture":"#0",