{"textures":{"0":"modelengine:entity/texture"},"elements":[{"name":"cube","from":[-15.368042,7.4,6.8],"to":[13.431957,8.6,9.2],"rotation":{"angle":0.0,"axis":"x","origin":[13.431957,8.0,8.0]},"faces":{"down":{"uv":[3.125,2.0625,1.625,2.1875],"rotation":0,"texture":"#0","tintindex":0},"east":{"uv":[0.0,2.1875,0.125,2.25],"rotation":0,"texture":"#0","tintindex":0},"north":{"uv":[0.125,2.1875,1.625,2.25],"rotation":0,"texture":"#0","tintindex":0},"south":{"uv":[1.75,2.1875,3.25,2.25],"rotation":0,"texture":"#0","tintindex":0},"up":{"uv":[1.625,2.1875,0.125,2.0625],"rotation":0,"texture":"#0","tintindex":0},"west":{"uv":[1.625,2.1875,1.75,2.25],"rotation":0,"texture":"#0","tintindex":0}}},{"name":"feather","from":[9.2319565,-6.249999,7.4],"to":[12.831957,7.4,8.0],"rotation":{"angle":45.0,"axis":"z","origin":[11.031958,7.4,7.7]},"faces":{"down":{"uv":[8.71875,2.875,8.53125,2.90625],"rotation":0,"texture":"#0","tintindex":0},"east":{"uv":[8.3125,2.90625,8.34375,3.59375],"rotation":0,"texture":"#0","tintindex":0},"north":{"uv":[8.34375,2.90625,8.53125,3.59375],"rotation":0,"texture":"#0","tintindex":0},"south":{"uv":[8.5625,2.90625,8.75,3.59375],"rotation":0,"texture":"#0","tintindex":0},"up":{"uv":[8.53125,2.90625,8.34375,2.875],"rotation":0,"texture":"#0","tintindex":0},"west":{"uv":[8.53125,2.90625,8.5625,3.59375],"rotation":0,"texture":"#0","tintindex":0}}},{"name":"feather","from":[6.2319565,-6.3999996,7.4],"to":[9.831957,7.4,8.0],"rotation":{"angle":22.5,"axis":"z","origin":[8.031957,7.4,7.7]},"faces":{"down":{"uv":[2.59375,7.84375,2.40625,7.875],"rotation":0,"texture":"#0","tintindex":0},"east":{"uv":[2.1875,7.875,2.21875,8.59375],"rotation":0,"texture":"#0","tintindex":0},"north":{"uv":[2.21875,7.875,2.40625,8.59375],"rotation":0,"texture":"#0","tintindex":0},"south":{"uv":[2.4375,7.875,2.625,8.59375],"rotation":0,"texture":"#0","tintindex":0},"up":{"uv":[2.40625,7.875,2.21875,7.84375],"rotation":0,"texture":"#0","tintindex":0},"west":{"uv":[2.40625,7.875,2.4375,8.59375],"rotation":0,"texture":"#0","tintindex":0}}},{"name":"feather","from":[3.8319569,-6.3999996,7.4],"to":[7.4319563,7.4,8.0],"rotation":{"angle":0.0,"axis":"x","origin":[4.4319563,7.4,7.7]},"faces":{"down":{"uv":[2.15625,7.84375,1.96875,7.875],"rotation":0,"texture":"#0","tintindex":0},"east":{"uv":[1.75,7.875,1.78125,8.59375],"rotation":0,"texture":"#0","tintindex":0},"north":{"uv":[1.78125,7.875,1.96875,8.59375],"rotation":0,"texture":"#0","tintindex":0},"south":{"uv":[2.0,7.875,2.1875,8.59375],"rotation":0,"texture":"#0","tintindex":0},"up":{"uv":[1.96875,7.875,1.78125,7.84375],"rotation":0,"texture":"#0","tintindex":0},"west":{"uv":[1.96875,7.875,2.0,8.59375],"rotation":0,"texture":"#0","tintindex":0}}},{"name":"feather","from":[-0.9680433,-6.3999996,7.4],"to":[2.631957,7.4,8.0],"rotation":{"angle":0.0,"axis":"x","origin":[0.83195686,7.4,7.7]},"faces":{"down":{"uv":[1.71875,7.8125,1.53125,7.84375],"rotation":0,"texture":"#0","tintindex":0},"east":{"uv":[1.3125,7.84375,1.34375,8.5625],"rotation":0,"texture":"#0","tintindex":0},"north":{"uv":[1.34375,7.84375,1.53125,8.5625],"rotation":0,"texture":"#0","tintindex":0},"south":{"uv":[1.5625,7.84375,1.75,8.5625],"rotation":0,"texture":"#0","tintindex":0},"up":{"uv":[1.53125,7.84375,1.34375,7.8125],"rotation":0,"texture":"#0","tintindex":0},"west":{"uv":[1.53125,7.84375,1.5625,8.5625],"rotation":0,"texture":"#0","tintindex":0}}},{"name":"feather","from":[5.0319567,-8.2,8.0],"to":[8.631956,7.4,8.6],"rotation":{"angle":45.0,"axis":"z","origin":[6.8319564,7.4,8.3]},"faces":{"down":{"uv":[1.71875,3.9375,1.53125,3.96875],"rotation":0,"texture":"#0","tintindex":0},"east":{"uv":[1.3125,3.96875,1.34375,4.78125],"rotation":0,"texture":"#0","tintindex":0},"north":{"uv":[1.34375,3.96875,1.53125,4.78125],"rotation":0,"texture":"#0","tintindex":0},"south":{"uv":[1.5625,3.96875,1.75,4.78125],"rotation":0,"texture":"#0","tintindex":0},"up":{"uv":[1.53125,3.96875,1.34375,3.9375],"rotation":0,"texture":"#0","tintindex":0},"west":{"uv":[1.53125,3.96875,1.5625,4.78125],"rotation":0,"texture":"#0","tintindex":0}}},{"name":"feather","from":[2.631957,-7.5999994,8.0],"to":[6.2319565,7.4,8.6],"rotation":{"angle":22.5,"axis":"z","origin":[3.231957,7.4,8.3]},"faces":{"down":{"uv":[5.65625,3.25,5.46875,3.28125],"rotation":0,"texture":"#0","tintindex":0},"east":{"uv":[5.25,3.28125,5.28125,4.0625],"rotation":0,"texture":"#0","tintindex":0},"north":{"uv":[5.28125,3.28125,5.46875,4.0625],"rotation":0,"texture":"#0","tintindex":0},"south":{"uv":[5.5,3.28125,5.6875,4.0625],"rotation":0,"texture":"#0","tintindex":0},"up":{"uv":[5.46875,3.28125,5.28125,3.25],"rotation":0,"texture":"#0","tintindex":0},"west":{"uv":[5.46875,3.28125,5.5,4.0625],"rotation":0,"texture":"#0","tintindex":0}}},{"name":"feather","from":[1.4319568,-6.999999,8.0],"to":[5.0319567,7.4,8.6],"rotation":{"angle":0.0,"axis":"x","origin":[-0.36804295,7.4,8.3]},"faces":{"down":{"uv":[6.53125,5.5625,6.34375,5.59375],"rotation":0,"texture":"#0","tintindex":0},"east":{"uv":[6.125,5.59375,6.15625,6.34375],"rotation":0,"texture":"#0","tintindex":0},"north":{"uv":[6.15625,5.59375,6.34375,6.34375],"rotation":0,"texture":"#0","tintindex":0},"south":{"uv":[6.375,5.59375,6.5625,6.34375],"rotation":0,"texture":"#0","tintindex":0},"up":{"uv":[6.34375,5.59375,6.15625,5.5625],"rotation":0,"texture":"#0","tintindex":0},"west":{"uv":[6.34375,5.59375,6.375,6.34375],"rotation":0,"texture":"#0","tintindex":0}}},{"name":"feather","from":[-3.3999996,-7.5999994,8.0],"to":[0.19999981,7.4,8.6],"rotation":{"angle":0.0,"axis":"x","origin":[-2.1999998,7.4,8.3]},"faces":{"down":{"uv":[5.65625,2.4375,5.46875,2.46875],"rotation":0,"texture":"#0","tintindex":0},"east":{"uv":[5.25,2.46875,5.28125,3.25],"rotation":0,"texture":"#0","tintindex":0},"north":{"uv":[5.28125,2.46875,5.46875,3.25],"rotation":0,"texture":"#0","tintindex":0},"south":{"uv":[5.5,2.46875,5.6875,3.25],"rotation":0,"texture":"#0","tintindex":0},"up":{"uv":[5.46875,2.46875,5.28125,2.4375],"rotation":0,"texture":"#0","tintindex":0},"west":{"uv":[5.46875,2.46875,5.5,3.25],"rotation":0,"texture":"#0","tintindex":0}}},{"name":"feather","from":[-16.0,-6.249999,7.4],"to":[-12.400002,7.4,8.0],"rotation":{"angle":-45.0,"axis":"z","origin":[-14.200001,7.4,7.7]},"faces":{"down":{"uv":[8.71875,2.15625,8.53125,2.1875],"rotation":0,"texture":"#0","tintindex":0},"east":{"uv":[8.3125,2.1875,8.34375,2.875],"rotation":0,"texture":"#0","tintindex":0},"north":{"uv":[8.34375,2.1875,8.53125,2.875],"rotation":0,"texture":"#0","tintindex":0},"south":{"uv":[8.5625,2.1875,8.75,2.875],"rotation":0,"texture":"#0","tintindex":0},"up":{"uv":[8.53125,2.1875,8.34375,2.15625],"rotation":0,"texture":"#0","tintindex":0},"west":{"uv":[8.53125,2.1875,8.5625,2.875],"rotation":0,"texture":"#0","tintindex":0}}},{"name":"feather","from":[-13.0,-6.3999996,7.4],"to":[-9.400001,7.4,8.0],"rotation":{"angle":-22.5,"axis":"z","origin":[-11.200001,7.4,7.7]},"faces":{"down":{"uv":[0.84375,7.78125,0.65625,7.8125],"rotation":0,"texture":"#0","tintindex":0},"east":{"uv":[0.4375,7.8125,0.46875,8.53125],"rotation":0,"texture":"#0","tintindex":0},"north":{"uv":[0.46875,7.8125,0.65625,8.53125],"rotation":0,"texture":"#0","tintindex":0},"south":{"uv":[0.6875,7.8125,0.875,8.53125],"rotation":0,"texture":"#0","tintindex":0},"up":{"uv":[0.65625,7.8125,0.46875,7.78125],"rotation":0,"texture":"#0","tintindex":0},"west":{"uv":[0.65625,7.8125,0.6875,8.53125],"rotation":0,"texture":"#0","tintindex":0}}},{"name":"feather","from":[-10.599998,-6.3999996,7.4],"to":[-7.0,7.4,8.0],"rotation":{"angle":0.0,"axis":"x","origin":[-7.5999994,7.4,7.7]},"faces":{"down":{"uv":[0.40625,7.78125,0.21875,7.8125],"rotation":0,"texture":"#0","tintindex":0},"east":{"uv":[0.0,7.8125,0.03125,8.53125],"rotation":0,"texture":"#0","tintindex":0},"north":{"uv":[0.03125,7.8125,0.21875,8.53125],"rotation":0,"texture":"#0","tintindex":0},"south":{"uv":[0.25,7.8125,0.4375,8.53125],"rotation":0,"texture":"#0","tintindex":0},