{"textures":{"0":"modelengine:entity/texture"},"elements":[{"name":"cube","from":[2.568039,7.4,6.8],"to":[31.368038,8.6,9.2],"rotation":{"angle":0.0,"axis":"x","origin":[2.568039,8.0,8.0]},"faces":{"down":{"uv":[3.125,0.75,1.625,0.875],"rotation":0,"texture":"#0","tintindex":0},"east":{"uv":[0.0,0.875,0.125,0.9375],"rotation":0,"texture":"#0","tintindex":0},"north":{"uv":[0.125,0.875,1.625,0.9375],"rotation":0,"texture":"#0","tintindex":0},"south":{"uv":[1.75,0.875,3.25,0.9375],"rotation":0,"texture":"#0","tintindex":0},"up":{"uv":[1.625,0.875,0.125,0.75],"rotation":0,"texture":"#0","tintindex":0},"west":{"uv":[1.625,0.875,1.75,0.9375],"rotation":0,"texture":"#0","tintindex":0}}},{"name":"feather","from":[3.1680393,-6.249999,7.4],"to":[6.768037,7.4,8.0],"rotation":{"angle":-45.0,"axis":"z","origin":[4.9680386,7.4,7.7]},"faces":{"down":{"uv":[8.28125,7.40625,8.09375,7.4375],"rotation":0,"texture":"#0","tintindex":0},"east":{"uv":[7.875,7.4375,7.90625,8.125],"rotation":0,"texture":"#0","tintindex":0},"north":{"uv":[7.90625,7.4375,8.09375,8.125],"rotation":0,"texture":"#0","tintindex":0},"south":{"uv":[8.125,7.4375,8.3125,8.125],"rotation":0,"texture":"#0","tintindex":0},"up":{"uv":[8.09375,7.4375,7.90625,7.40625],"rotation":0,"texture":"#0","tintindex":0},"west":{"uv":[8.09375,7.4375,8.125,8.125],"rotation":0,"texture":"#0","tintindex":0}}},{"name":"feather","from":[6.1680393,-6.3999996,7.4],"to":[9.768037,7.4,8.0],"rotation":{"angle":-22.5,"axis":"z","origin":[7.9680367,7.4,7.7]},"faces":{"down":{"uv":[1.28125,6.96875,1.09375,7.0],"rotation":0,"texture":"#0","tintindex":0},"east":{"uv":[0.875,7.0,0.90625,7.71875],"rotation":0,"texture":"#0","tintindex":0},"north":{"uv":[0.90625,7.0,1.09375,7.71875],"rotation":0,"texture":"#0","tintindex":0},"south":{"uv":[1.125,7.0,1.3125,7.71875],"rotation":0,"texture":"#0","tintindex":0},"up":{"uv":[1.09375,7.0,0.90625,6.96875],"rotation":0,"texture":"#0","tintindex":0},"west":{"uv":[1.09375,7.0,1.125,7.71875],"rotation":0,"texture":"#0","tintindex":0}}},{"name":"feather","from":[8.568037,-6.3999996,7.4],"to":[12.168037,7.4,8.0],"rotation":{"angle":0.0,"axis":"x","origin":[11.568037,7.4,7.7]},"faces":{"down":{"uv":[6.96875,6.90625,6.78125,6.9375],"rotation":0,"texture":"#0","tintindex":0},"east":{"uv":[6.5625,6.9375,6.59375,7.65625],"rotation":0,"texture":"#0","tintindex":0},"north":{"uv":[6.59375,6.9375,6.78125,7.65625],"rotation":0,"texture":"#0","tintindex":0},"south":{"uv":[6.8125,6.9375,7.0,7.65625],"rotation":0,"texture":"#0","tintindex":0},"up":{"uv":[6.78125,6.9375,6.59375,6.90625],"rotation":0,"texture":"#0","tintindex":0},"west":{"uv":[6.78125,6.9375,6.8125,7.65625],"rotation":0,"texture":"#0","tintindex":0}}},{"name":"feather","from":[13.368038,-6.3999996,7.4],"to":[16.968037,7.4,8.0],"rotation":{"angle":0.0,"axis":"x","origin":[15.168037,7.4,7.7]},"faces":{"down":{"uv":[7.15625,1.5,6.96875,1.53125],"rotation":0,"texture":"#0","tintindex":0},"east":{"uv":[6.75,1.53125,6.78125,2.25],"rotation":0,"texture":"#0","tintindex":0},"north":{"uv":[6.78125,1.53125,6.96875,2.25],"rotation":0,"texture":"#0","tintindex":0},"south":{"uv":[7.0,1.53125,7.1875,2.25],"rotation":0,"texture":"#0","tintindex":0},"up":{"uv":[6.96875,1.53125,6.78125,1.5],"rotation":0,"texture":"#0","tintindex":0},"west":{"uv":[6.96875,1.53125,7.0,2.25],"rotation":0,"texture":"#0","tintindex":0}}},{"name":"feather","from":[7.368037,-8.2,8.0],"to":[10.968037,7.4,8.6],"rotation":{"angle":-45.0,"axis":"z","origin":[9.168036,7.4,8.3]},"faces":{"down":{"uv":[2.59375,3.09375,2.40625,3.125],"rotation":0,"texture":"#0","tintindex":0},"east":{"uv":[2.1875,3.125,2.21875,3.9375],"rotation":0,"texture":"#0","tintindex":0},"north":{"uv":[2.21875,3.125,2.40625,3.9375],"rotation":0,"texture":"#0","tintindex":0},"south":{"uv":[2.4375,3.125,2.625,3.9375],"rotation":0,"texture":"#0","tintindex":0},"up":{"uv":[2.40625,3.125,2.21875,3.09375],"rotation":0,"texture":"#0","tintindex":0},"west":{"uv":[2.40625,3.125,2.4375,3.9375],"rotation":0,"texture":"#0","tintindex":0}}},{"name":"feather","from":[9.768037,-7.5999994,8.0],"to":[13.368038,7.4,8.6],"rotation":{"angle":-22.5,"axis":"z","origin":[12.768036,7.4,8.3]},"faces":{"down":{"uv":[4.96875,0.0,4.78125,0.03125],"rotation":0,"texture":"#0","tintindex":0},"east":{"uv":[4.5625,0.03125,4.59375,0.8125],"rotation":0,"texture":"#0","tintindex":0},"north":{"uv":[4.59375,0.03125,4.78125,0.8125],"rotation":0,"texture":"#0","tintindex":0},"south":{"uv":[4.8125,0.03125,5.0,0.8125],"rotation":0,"texture":"#0","tintindex":0},"up":{"uv":[4.78125,0.03125,4.59375,0.0],"rotation":0,"texture":"#0","tintindex":0},"west":{"uv":[4.78125,0.03125,4.8125,0.8125],"rotation":0,"texture":"#0","tintindex":0}}},{"name":"feather","from":[10.968037,-6.999999,8.0],"to":[14.568039,7.4,8.6],"rotation":{"angle":0.0,"axis":"x","origin":[16.368038,7.4,8.3]},"faces":{"down":{"uv":[3.4375,5.5625,3.25,5.59375],"rotation":0,"texture":"#0","tintindex":0},"east":{"uv":[3.03125,5.59375,3.0625,6.34375],"rotation":0,"texture":"#0","tintindex":0},"north":{"uv":[3.0625,5.59375,3.25,6.34375],"rotation":0,"texture":"#0","tintindex":0},"south":{"uv":[3.28125,5.59375,3.46875,6.34375],"rotation":0,"texture":"#0","tintindex":0},"up":{"uv":[3.25,5.59375,3.0625,5.5625],"rotation":0,"texture":"#0","tintindex":0},"west":{"uv":[3.25,5.59375,3.28125,6.34375],"rotation":0,"texture":"#0","tintindex":0}}},{"name":"feather","from":[15.799999,-7.5999994,8.0],"to":[19.399998,7.4,8.6],"rotation":{"angle":0.0,"axis":"x","origin":[18.199997,7.4,8.3]},"faces":{"down":{"uv":[4.78125,4.0625,4.59375,4.09375],"rotation":0,"texture":"#0","tintindex":0},"east":{"uv":[4.375,4.09375,4.40625,4.875],"rotation":0,"texture":"#0","tintindex":0},"north":{"uv":[4.40625,4.09375,4.59375,4.875],"rotation":0,"texture":"#0","tintindex":0},"south":{"uv":[4.625,4.09375,4.8125,4.875],"rotation":0,"texture":"#0","tintindex":0},"up":{"uv":[4.59375,4.09375,4.40625,4.0625],"rotation":0,"texture":"#0","tintindex":0},"west":{"uv":[4.59375,4.09375,4.625,4.875],"rotation":0,"texture":"#0","tintindex":0}}},{"name":"feather","from":[28.399998,-6.249999,7.4],"to":[32.0,7.4,8.0],"rotation":{"angle":45.0,"axis":"z","origin":[30.2,7.4,7.7]},"faces":{"down":{"uv":[8.28125,6.6875,8.09375,6.71875],"rotation":0,"texture":"#0","tintindex":0},"east":{"uv":[7.875,6.71875,7.90625,7.40625],"rotation":0,"texture":"#0","tintindex":0},"north":{"uv":[7.90625,6.71875,8.09375,7.40625],"rotation":0,"texture":"#0","tintindex":0},"south":{"uv":[8.125,6.71875,8.3125,7.40625],"rotation":0,"texture":"#0","tintindex":0},"up":{"uv":[8.09375,6.71875,7.90625,6.6875],"rotation":0,"texture":"#0","tintindex":0},"west":{"uv":[8.09375,6.71875,8.125,7.40625],"rotation":0,"texture":"#0","tintindex":0}}},{"name":"feather","from":[25.399998,-6.3999996,7.4],"to":[29.0,7.4,8.0],"rotation":{"angle":22.5,"axis":"z","origin":[27.199997,7.4,7.7]},"faces":{"down":{"uv":[7.15625,0.75,6.96875,0.78125],"rotation":0,"texture":"#0","tintindex":0},"east":{"uv":[6.75,0.78125,6.78125,1.5],"rotation":0,"texture":"#0","tintindex":0},"north":{"uv":[6.78125,0.78125,6.96875,1.5],"rotation":0,"texture":"#0","tintindex":0},"south":{"uv":[7.0,0.78125,7.1875,1.5],"rotation":0,"texture":"#0","tintindex":0},"up":{"uv":[6.96875,0.78125,6.78125,0.75],"rotation":0,"texture":"#0","tintindex":0},"west":{"uv":[6.96875,0.78125,7.0,1.5],"rotation":0,"texture":"#0","tintindex":0}}},{"name":"feather","from":[23.0,-6.3999996,7.4],"to":[26.599998,7.4,8.0],"rotation":{"angle":0.0,"axis":"x","origin":[23.599998,7.4,7.7]},"faces":{"down":{"uv":[7.15625,0.0,6.96875,0.03125],"rotation":0,"texture":"#0","tintindex":0},"east":{"uv":[6.75,0.03125,6.78125,0.75],"rotation":0,"texture":"#0","tintindex":0},"north":{"uv":[6.78125,0.03125,6.96875,0.75],"rotation":0,"texture":"#0","tintindex":0},"south":{"uv":[7.0,0.03125,7.1875,0.75],"rotation":0,"texture":"#0","tintindex":0},"up":{"uv":[6.96875,0.03125,6.78125,0.0],"rotation":0,"texture":"#0","tintindex":0},"west":{"uv":[6.96875,0.03125,7.0,0.75],