{"textures":{"0":"modelengine:entity/texture"},"elements":[{"name":"cube","from":[-15.368038,7.4,6.8],"to":[13.431961,8.6,9.2],"rotation":{"angle":0.0,"axis":"x","origin":[13.431961,8.0,8.0]},"faces":{"down":{"uv":[3.125,1.875,1.625,2.0],"rotation":0,"texture":"#0","tintindex":0},"east":{"uv":[0.0,2.0,0.125,2.0625],"rotation":0,"texture":"#0","tintindex":0},"north":{"uv":[0.125,2.0,1.625,2.0625],"rotation":0,"texture":"#0","tintindex":0},"south":{"uv":[1.75,2.0,3.25,2.0625],"rotation":0,"texture":"#0","tintindex":0},"up":{"uv":[1.625,2.0,0.125,1.875],"rotation":0,"texture":"#0","tintindex":0},"west":{"uv":[1.625,2.0,1.75,2.0625],"rotation":0,"texture":"#0","tintindex":0}}},{"name":"feather","from":[9.231963,-6.249999,7.4],"to":[12.831961,7.4,8.0],"rotation":{"angle":45.0,"axis":"z","origin":[11.031961,7.4,7.7]},"faces":{"down":{"uv":[7.8125,8.25,7.625,8.28125],"rotation":0,"texture":"#0","tintindex":0},"east":{"uv":[7.40625,8.28125,7.4375,8.96875],"rotation":0,"texture":"#0","tintindex":0},"north":{"uv":[7.4375,8.28125,7.625,8.96875],"rotation":0,"texture":"#0","tintindex":0},"south":{"uv":[7.65625,8.28125,7.84375,8.96875],"rotation":0,"texture":"#0","tintindex":0},"up":{"uv":[7.625,8.28125,7.4375,8.25],"rotation":0,"texture":"#0","tintindex":0},"west":{"uv":[7.625,8.28125,7.65625,8.96875],"rotation":0,"texture":"#0","tintindex":0}}},{"name":"feather","from":[6.231963,-6.3999996,7.4],"to":[9.831961,7.4,8.0],"rotation":{"angle":22.5,"axis":"z","origin":[8.031963,7.4,7.7]},"faces":{"down":{"uv":[6.9375,7.65625,6.75,7.6875],"rotation":0,"texture":"#0","tintindex":0},"east":{"uv":[6.53125,7.6875,6.5625,8.40625],"rotation":0,"texture":"#0","tintindex":0},"north":{"uv":[6.5625,7.6875,6.75,8.40625],"rotation":0,"texture":"#0","tintindex":0},"south":{"uv":[6.78125,7.6875,6.96875,8.40625],"rotation":0,"texture":"#0","tintindex":0},"up":{"uv":[6.75,7.6875,6.5625,7.65625],"rotation":0,"texture":"#0","tintindex":0},"west":{"uv":[6.75,7.6875,6.78125,8.40625],"rotation":0,"texture":"#0","tintindex":0}}},{"name":"feather","from":[3.831963,-6.3999996,7.4],"to":[7.431963,7.4,8.0],"rotation":{"angle":0.0,"axis":"x","origin":[4.431963,7.4,7.7]},"faces":{"down":{"uv":[8.03125,1.5,7.84375,1.53125],"rotation":0,"texture":"#0","tintindex":0},"east":{"uv":[7.625,1.53125,7.65625,2.25],"rotation":0,"texture":"#0","tintindex":0},"north":{"uv":[7.65625,1.53125,7.84375,2.25],"rotation":0,"texture":"#0","tintindex":0},"south":{"uv":[7.875,1.53125,8.0625,2.25],"rotation":0,"texture":"#0","tintindex":0},"up":{"uv":[7.84375,1.53125,7.65625,1.5],"rotation":0,"texture":"#0","tintindex":0},"west":{"uv":[7.84375,1.53125,7.875,2.25],"rotation":0,"texture":"#0","tintindex":0}}},{"name":"feather","from":[-0.9680376,-6.3999996,7.4],"to":[2.6319628,7.4,8.0],"rotation":{"angle":0.0,"axis":"x","origin":[0.83196306,7.4,7.7]},"faces":{"down":{"uv":[8.03125,0.75,7.84375,0.78125],"rotation":0,"texture":"#0","tintindex":0},"east":{"uv":[7.625,0.78125,7.65625,1.5],"rotation":0,"texture":"#0","tintindex":0},"north":{"uv":[7.65625,0.78125,7.84375,1.5],"rotation":0,"texture":"#0","tintindex":0},"south":{"uv":[7.875,0.78125,8.0625,1.5],"rotation":0,"texture":"#0","tintindex":0},"up":{"uv":[7.84375,0.78125,7.65625,0.75],"rotation":0,"texture":"#0","tintindex":0},"west":{"uv":[7.84375,0.78125,7.875,1.5],"rotation":0,"texture":"#0","tintindex":0}}},{"name":"feather","from":[5.0319633,-8.2,8.0],"to":[8.631964,7.4,8.6],"rotation":{"angle":45.0,"axis":"z","origin":[6.831963,7.4,8.3]},"faces":{"down":{"uv":[0.84375,3.84375,0.65625,3.875],"rotation":0,"texture":"#0","tintindex":0},"east":{"uv":[0.4375,3.875,0.46875,4.6875],"rotation":0,"texture":"#0","tintindex":0},"north":{"uv":[0.46875,3.875,0.65625,4.6875],"rotation":0,"texture":"#0","tintindex":0},"south":{"uv":[0.6875,3.875,0.875,4.6875],"rotation":0,"texture":"#0","tintindex":0},"up":{"uv":[0.65625,3.875,0.46875,3.84375],"rotation":0,"texture":"#0","tintindex":0},"west":{"uv":[0.65625,3.875,0.6875,4.6875],"rotation":0,"texture":"#0","tintindex":0}}},{"name":"feather","from":[2.6319628,-7.5999994,8.0],"to":[6.231963,7.4,8.6],"rotation":{"angle":22.5,"axis":"z","origin":[3.2319632,7.4,8.3]},"faces":{"down":{"uv":[5.40625,1.625,5.21875,1.65625],"rotation":0,"texture":"#0","tintindex":0},"east":{"uv":[5.0,1.65625,5.03125,2.4375],"rotation":0,"texture":"#0","tintindex":0},"north":{"uv":[5.03125,1.65625,5.21875,2.4375],"rotation":0,"texture":"#0","tintindex":0},"south":{"uv":[5.25,1.65625,5.4375,2.4375],"rotation":0,"texture":"#0","tintindex":0},"up":{"uv":[5.21875,1.65625,5.03125,1.625],"rotation":0,"texture":"#0","tintindex":0},"west":{"uv":[5.21875,1.65625,5.25,2.4375],"rotation":0,"texture":"#0","tintindex":0}}},{"name":"feather","from":[1.431963,-6.999999,8.0],"to":[5.0319633,7.4,8.6],"rotation":{"angle":0.0,"axis":"x","origin":[-0.36803722,7.4,8.3]},"faces":{"down":{"uv":[6.53125,2.34375,6.34375,2.375],"rotation":0,"texture":"#0","tintindex":0},"east":{"uv":[6.125,2.375,6.15625,3.125],"rotation":0,"texture":"#0","tintindex":0},"north":{"uv":[6.15625,2.375,6.34375,3.125],"rotation":0,"texture":"#0","tintindex":0},"south":{"uv":[6.375,2.375,6.5625,3.125],"rotation":0,"texture":"#0","tintindex":0},"up":{"uv":[6.34375,2.375,6.15625,2.34375],"rotation":0,"texture":"#0","tintindex":0},"west":{"uv":[6.34375,2.375,6.375,3.125],"rotation":0,"texture":"#0","tintindex":0}}},{"name":"feather","from":[-3.3999987,-7.5999994,8.0],"to":[0.20000172,7.4,8.6],"rotation":{"angle":0.0,"axis":"x","origin":[-2.199998,7.4,8.3]},"faces":{"down":{"uv":[5.40625,0.8125,5.21875,0.84375],"rotation":0,"texture":"#0","tintindex":0},"east":{"uv":[5.0,0.84375,5.03125,1.625],"rotation":0,"texture":"#0","tintindex":0},"north":{"uv":[5.03125,0.84375,5.21875,1.625],"rotation":0,"texture":"#0","tintindex":0},"south":{"uv":[5.25,0.84375,5.4375,1.625],"rotation":0,"texture":"#0","tintindex":0},"up":{"uv":[5.21875,0.84375,5.03125,0.8125],"rotation":0,"texture":"#0","tintindex":0},"west":{"uv":[5.21875,0.84375,5.25,1.625],"rotation":0,"texture":"#0","tintindex":0}}},{"name":"feather","from":[-16.0,-6.249999,7.4],"to":[-12.399998,7.4,8.0],"rotation":{"angle":-45.0,"axis":"z","origin":[-14.199997,7.4,7.7]},"faces":{"down":{"uv":[7.375,8.25,7.1875,8.28125],"rotation":0,"texture":"#0","tintindex":0},"east":{"uv":[6.96875,8.28125,7.0,8.96875],"rotation":0,"texture":"#0","tintindex":0},"north":{"uv":[7.0,8.28125,7.1875,8.96875],"rotation":0,"texture":"#0","tintindex":0},"south":{"uv":[7.21875,8.28125,7.40625,8.96875],"rotation":0,"texture":"#0","tintindex":0},"up":{"uv":[7.1875,8.28125,7.0,8.25],"rotation":0,"texture":"#0","tintindex":0},"west":{"uv":[7.1875,8.28125,7.21875,8.96875],"rotation":0,"texture":"#0","tintindex":0}}},{"name":"feather","from":[-13.0,-6.3999996,7.4],"to":[-9.399999,7.4,8.0],"rotation":{"angle":-22.5,"axis":"z","origin":[-11.199997,7.4,7.7]},"faces":{"down":{"uv":[8.03125,0.0,7.84375,0.03125],"rotation":0,"texture":"#0","tintindex":0},"east":{"uv":[7.625,0.03125,7.65625,0.75],"rotation":0,"texture":"#0","tintindex":0},"north":{"uv":[7.65625,0.03125,7.84375,0.75],"rotation":0,"texture":"#0","tintindex":0},"south":{"uv":[7.875,0.03125,8.0625,0.75],"rotation":0,"texture":"#0","tintindex":0},"up":{"uv":[7.84375,0.03125,7.65625,0.0],"rotation":0,"texture":"#0","tintindex":0},"west":{"uv":[7.84375,0.03125,7.875,0.75],"rotation":0,"texture":"#0","tintindex":0}}},{"name":"feather","from":[-10.599998,-6.3999996,7.4],"to":[-6.999998,7.4,8.0],"rotation":{"angle":0.0,"axis":"x","origin":[-7.5999994,7.4,7.7]},"faces":{"down":{"uv":[7.96875,4.5,7.78125,4.53125],"rotation":0,"texture":"#0","tintindex":0},"east":{"uv":[7.5625,4.53125,7.59375,5.25],"rotation":0,"texture":"#0","tintindex":0},"north":{"uv":[7.59375,4.53125,7.78125,5.25],"rotation":0,"texture":"#0","tintindex":0},"south":{"uv":[7.8125,4.53125,8.0,5.25],"rotation":0,"texture":"#0","tintindex":0},"up":{"uv":[7.78125,4.53125,7.59375,4.5],"rotation":0,"texture":"#0","tintindex":0},"west":{"uv":[7.78125,4.53125,7.8125,5.25],