{"textures":{"0":"modelengine:entity/cop_car"},"elements":[{"name":"b0","from":[7.9850006,6.7489996,7.984999],"to":[14.651001,8.014999,10.451],"rotation":{"angle":0.0,"axis":"x","origin":[20.918,4.982,31.237999]},"faces":{"down":{"uv":[6.1578946,12.894737,5.5789475,13.105264],"rotation":0,"texture":"#0","tintindex":0},"east":{"uv":[4.7894735,13.105264,5.0,13.210526],"rotation":0,"texture":"#0","tintindex":0},"north":{"uv":[5.0,13.105264,5.5789475,13.210526],"rotation":0,"texture":"#0","tintindex":0},"south":{"uv":[5.7894735,13.105264,6.368421,13.210526],"rotation":0,"texture":"#0","tintindex":0},"up":{"uv":[5.5789475,13.105264,5.0,12.894737],"rotation":0,"texture":"#0","tintindex":0},"west":{"uv":[5.5789475,13.105264,5.7894735,13.210526],"rotation":0,"texture":"#0","tintindex":0}}},{"name":"b0","from":[12.818001,7.982,8.197999],"to":[14.018001,10.982,10.598],"rotation":{"angle":-22.5,"axis":"z","origin":[12.8,8.0,8.0]},"faces":{"down":{"uv":[5.684211,2.5263157,5.5789475,2.7368422],"rotation":0,"texture":"#0","tintindex":0},"east":{"uv":[5.263158,2.7368422,5.4736843,3.0],"rotation":0,"texture":"#0","tintindex":0},"north":{"uv":[5.4736843,2.7368422,5.5789475,3.0],"rotation":0,"texture":"#0","tintindex":0},"south":{"uv":[5.7894735,2.7368422,5.894737,3.0],"rotation":0,"texture":"#0","tintindex":0},"up":{"uv":[5.5789475,2.7368422,5.4736843,2.5263157],"rotation":0,"texture":"#0","tintindex":0},"west":{"uv":[5.5789475,2.7368422,5.7894735,3.0],"rotation":0,"texture":"#0","tintindex":0}}},{"name":"b0","from":[9.200001,10.364,7.999999],"to":[14.636001,12.8,10.436],"rotation":{"angle":0.0,"axis":"x","origin":[20.918,4.982,31.237999]},"faces":{"down":{"uv":[14.842105,13.0,14.368422,13.210526],"rotation":0,"texture":"#0","tintindex":0},"east":{"uv":[13.684211,13.210526,13.894737,13.421053],"rotation":0,"texture":"#0","tintindex":0},"north":{"uv":[13.894737,13.210526,14.368422,13.421053],"rotation":0,"texture":"#0","tintindex":0},"south":{"uv":[14.578947,13.210526,15.052631,13.421053],"rotation":0,"texture":"#0","tintindex":0},"up":{"uv":[14.368422,13.210526,13.894737,13.0],"rotation":0,"texture":"#0","tintindex":0},"west":{"uv":[14.368422,13.210526,14.578947,13.421053],"rotation":0,"texture":"#0","tintindex":0}}},{"name":"b0","from":[8.0,9.164,7.999999],"to":[9.236,12.8,10.436],"rotation":{"angle":0.0,"axis":"x","origin":[20.918,4.982,31.237999]},"faces":{"down":{"uv":[0.42105263,1.2631578,0.31578946,1.4736842],"rotation":0,"texture":"#0","tintindex":0},"east":{"uv":[0.0,1.4736842,0.21052632,1.7894737],"rotation":0,"texture":"#0","tintindex":0},"north":{"uv":[0.21052632,1.4736842,0.31578946,1.7894737],"rotation":0,"texture":"#0","tintindex":0},"south":{"uv":[0.5263158,1.4736842,0.6315789,1.7894737],"rotation":0,"texture":"#0","tintindex":0},"up":{"uv":[0.31578946,1.4736842,0.21052632,1.2631578],"rotation":0,"texture":"#0","tintindex":0},"west":{"uv":[0.31578946,1.4736842,0.5263158,1.7894737],"rotation":0,"texture":"#0","tintindex":0}}},{"name":"b0","from":[8.633,9.1970005,8.032999],"to":[14.603001,10.967,10.403],"rotation":{"angle":0.0,"axis":"x","origin":[8.6,9.2,8.0]},"faces":{"down":{"uv":[12.684211,13.210526,12.157895,13.421053],"rotation":0,"texture":"#0","tintindex":0},"east":{"uv":[11.421053,13.421053,11.631579,13.578947],"rotation":0,"texture":"#0","tintindex":0},"north":{"uv":[11.631579,13.421053,12.157895,13.578947],"rotation":0,"texture":"#0","tintindex":0},"south":{"uv":[12.368422,13.421053,12.894737,13.578947],"rotation":0,"texture":"#0","tintindex":0},"up":{"uv":[12.157895,13.421053,11.631579,13.210526],"rotation":0,"texture":"#0","tintindex":0},"west":{"uv":[12.157895,13.421053,12.368422,13.578947],"rotation":0,"texture":"#0","tintindex":0}}}],"display":{"head":{"translation":[0.0,-6.4,0.0],"rotation":[0.0,0.0,0.0],"scale":[3.8095,3.8095,3.8095]}}}