{"textures":{"0":"modelengine:entity/cop_car"},"elements":[{"name":"b1","from":[0.19999981,9.8,21.2],"to":[1.3999997,17.6,23.0],"rotation":{"angle":0.0,"axis":"x","origin":[6.2,7.4,48.800003]},"faces":{"down":{"uv":[2.9473684,14.315789,2.8421054,14.473684],"rotation":0,"texture":"#0","tintindex":0},"east":{"uv":[2.5789473,14.473684,2.7368422,15.157895],"rotation":0,"texture":"#0","tintindex":0},"north":{"uv":[2.7368422,14.473684,2.8421054,15.157895],"rotation":0,"texture":"#0","tintindex":0},"south":{"uv":[3.0,14.473684,3.1052632,15.157895],"rotation":0,"texture":"#0","tintindex":0},"up":{"uv":[2.8421054,14.473684,2.7368422,14.315789],"rotation":0,"texture":"#0","tintindex":0},"west":{"uv":[2.8421054,14.473684,3.0,15.157895],"rotation":0,"texture":"#0","tintindex":0}}},{"name":"b1","from":[1.4059999,16.406,21.806],"to":[10.9939995,17.594,22.994],"rotation":{"angle":0.0,"axis":"x","origin":[6.2,7.4,48.800003]},"faces":{"down":{"uv":[8.473684,10.842105,7.631579,10.947369],"rotation":0,"texture":"#0","tintindex":0},"east":{"uv":[6.684211,10.947369,6.7894735,11.052631],"rotation":0,"texture":"#0","tintindex":0},"north":{"uv":[6.7894735,10.947369,7.631579,11.052631],"rotation":0,"texture":"#0","tintindex":0},"south":{"uv":[7.736842,10.947369,8.578947,11.052631],"rotation":0,"texture":"#0","tintindex":0},"up":{"uv":[7.631579,10.947369,6.7894735,10.842105],"rotation":0,"texture":"#0","tintindex":0},"west":{"uv":[7.631579,10.947369,7.736842,11.052631],"rotation":0,"texture":"#0","tintindex":0}}},{"name":"b1","from":[1.4059999,12.806001,21.806],"to":[10.9939995,13.994,22.994],"rotation":{"angle":0.0,"axis":"x","origin":[6.2,7.4,48.800003]},"faces":{"down":{"uv":[8.473684,10.631579,7.631579,10.736842],"rotation":0,"texture":"#0","tintindex":0},"east":{"uv":[6.684211,10.736842,6.7894735,10.842105],"rotation":0,"texture":"#0","tintindex":0},"north":{"uv":[6.7894735,10.736842,7.631579,10.842105],"rotation":0,"texture":"#0","tintindex":0},"south":{"uv":[7.736842,10.736842,8.578947,10.842105],"rotation":0,"texture":"#0","tintindex":0},"up":{"uv":[7.631579,10.736842,6.7894735,10.631579],"rotation":0,"texture":"#0","tintindex":0},"west":{"uv":[7.631579,10.736842,7.736842,10.842105],"rotation":0,"texture":"#0","tintindex":0}}},{"name":"b1","from":[1.3999997,9.8,21.2],"to":[2.6,10.4,23.600002],"rotation":{"angle":0.0,"axis":"x","origin":[6.2,7.4,48.800003]},"faces":{"down":{"uv":[5.5263157,4.5263157,5.4210525,4.736842],"rotation":0,"texture":"#0","tintindex":0},"east":{"uv":[5.105263,4.736842,5.3157897,4.7894735],"rotation":0,"texture":"#0","tintindex":0},"north":{"uv":[5.3157897,4.736842,5.4210525,4.7894735],"rotation":0,"texture":"#0","tintindex":0},"south":{"uv":[5.631579,4.736842,5.736842,4.7894735],"rotation":0,"texture":"#0","tintindex":0},"up":{"uv":[5.4210525,4.736842,5.3157897,4.5263157],"rotation":0,"texture":"#0","tintindex":0},"west":{"uv":[5.4210525,4.736842,5.631579,4.7894735],"rotation":0,"texture":"#0","tintindex":0}}},{"name":"b1","from":[11.0,9.8,21.2],"to":[12.2,17.6,23.0],"rotation":{"angle":0.0,"axis":"x","origin":[6.2,7.4,48.800003]},"faces":{"down":{"uv":[2.8421054,14.315789,2.9473684,14.473684],"rotation":0,"texture":"#0","tintindex":0},"east":{"uv":[3.0,14.473684,2.8421054,15.157895],"rotation":0,"texture":"#0","tintindex":0},"north":{"uv":[2.8421054,14.473684,2.7368422,15.157895],"rotation":0,"texture":"#0","tintindex":0},"south":{"uv":[3.1052632,14.473684,3.0,15.157895],"rotation":0,"texture":"#0","tintindex":0},"up":{"uv":[2.7368422,14.473684,2.8421054,14.315789],"rotation":0,"texture":"#0","tintindex":0},"west":{"uv":[2.7368422,14.473684,2.5789473,15.157895],"rotation":0,"texture":"#0","tintindex":0}}},{"name":"b1","from":[9.8,9.8,21.2],"to":[11.0,10.4,23.600002],"rotation":{"angle":0.0,"axis":"x","origin":[6.2,7.4,48.800003]},"faces":{"down":{"uv":[5.4210525,4.5263157,5.5263157,4.736842],"rotation":0,"texture":"#0","tintindex":0},"east":{"uv":[5.631579,4.736842,5.4210525,4.7894735],"rotation":0,"texture":"#0","tintindex":0},"north":{"uv":[5.4210525,4.736842,5.3157897,4.7894735],"rotation":0,"texture":"#0","tintindex":0},"south":{"uv":[5.736842,4.736842,5.631579,4.7894735],"rotation":0,"texture":"#0","tintindex":0},"up":{"uv":[5.3157897,4.736842,5.4210525,4.5263157],"rotation":0,"texture":"#0","tintindex":0},"west":{"uv":[5.3157897,4.736842,5.105263,4.7894735],"rotation":0,"texture":"#0","tintindex":0}}}],"display":{"head":{"translation":[0.0,-6.4,0.0],"rotation":[0.0,0.0,0.0],"scale":[3.8095,3.8095,3.8095]}}}