{"textures":{"0":"modelengine:entity/cop_car"},"elements":[{"name":"b5","from":[1.3489991,6.7489996,7.984999],"to":[8.014999,8.014999,10.451],"rotation":{"angle":0.0,"axis":"x","origin":[-4.918001,4.982,31.237999]},"faces":{"down":{"uv":[5.5789475,12.894737,6.1578946,13.105264],"rotation":0,"texture":"#0","tintindex":0},"east":{"uv":[5.7894735,13.105264,5.5789475,13.210526],"rotation":0,"texture":"#0","tintindex":0},"north":{"uv":[5.5789475,13.105264,5.0,13.210526],"rotation":0,"texture":"#0","tintindex":0},"south":{"uv":[6.368421,13.105264,5.7894735,13.210526],"rotation":0,"texture":"#0","tintindex":0},"up":{"uv":[5.0,13.105264,5.5789475,12.894737],"rotation":0,"texture":"#0","tintindex":0},"west":{"uv":[5.0,13.105264,4.7894735,13.210526],"rotation":0,"texture":"#0","tintindex":0}}},{"name":"b5","from":[1.9819994,7.982,8.138],"to":[3.1819994,10.982,10.538],"rotation":{"angle":22.5,"axis":"z","origin":[3.1999993,8.0,8.0]},"faces":{"down":{"uv":[5.5789475,2.5263157,5.684211,2.7368422],"rotation":0,"texture":"#0","tintindex":0},"east":{"uv":[5.7894735,2.7368422,5.5789475,3.0],"rotation":0,"texture":"#0","tintindex":0},"north":{"uv":[5.5789475,2.7368422,5.4736843,3.0],"rotation":0,"texture":"#0","tintindex":0},"south":{"uv":[5.894737,2.7368422,5.7894735,3.0],"rotation":0,"texture":"#0","tintindex":0},"up":{"uv":[5.4736843,2.7368422,5.5789475,2.5263157],"rotation":0,"texture":"#0","tintindex":0},"west":{"uv":[5.4736843,2.7368422,5.263158,3.0],"rotation":0,"texture":"#0","tintindex":0}}},{"name":"b5","from":[1.3639995,10.364,7.999999],"to":[6.799999,12.8,10.436],"rotation":{"angle":0.0,"axis":"x","origin":[-4.918001,4.982,31.237999]},"faces":{"down":{"uv":[14.368422,13.0,14.842105,13.210526],"rotation":0,"texture":"#0","tintindex":0},"east":{"uv":[14.578947,13.210526,14.368422,13.421053],"rotation":0,"texture":"#0","tintindex":0},"north":{"uv":[14.368422,13.210526,13.894737,13.421053],"rotation":0,"texture":"#0","tintindex":0},"south":{"uv":[15.052631,13.210526,14.578947,13.421053],"rotation":0,"texture":"#0","tintindex":0},"up":{"uv":[13.894737,13.210526,14.368422,13.0],"rotation":0,"texture":"#0","tintindex":0},"west":{"uv":[13.894737,13.210526,13.684211,13.421053],"rotation":0,"texture":"#0","tintindex":0}}},{"name":"b5","from":[6.764,9.164,7.999999],"to":[7.9999995,12.8,10.436],"rotation":{"angle":0.0,"axis":"x","origin":[-4.918001,4.982,31.237999]},"faces":{"down":{"uv":[0.31578946,1.2631578,0.42105263,1.4736842],"rotation":0,"texture":"#0","tintindex":0},"east":{"uv":[0.5263158,1.4736842,0.31578946,1.7894737],"rotation":0,"texture":"#0","tintindex":0},"north":{"uv":[0.31578946,1.4736842,0.21052632,1.7894737],"rotation":0,"texture":"#0","tintindex":0},"south":{"uv":[0.6315789,1.4736842,0.5263158,1.7894737],"rotation":0,"texture":"#0","tintindex":0},"up":{"uv":[0.21052632,1.4736842,0.31578946,1.2631578],"rotation":0,"texture":"#0","tintindex":0},"west":{"uv":[0.21052632,1.4736842,0.0,1.7894737],"rotation":0,"texture":"#0","tintindex":0}}},{"name":"b5","from":[1.3969991,9.1970005,8.032999],"to":[7.3669996,10.967,10.403],"rotation":{"angle":0.0,"axis":"x","origin":[7.4,9.2,8.0]},"faces":{"down":{"uv":[12.157895,13.210526,12.684211,13.421053],"rotation":0,"texture":"#0","tintindex":0},"east":{"uv":[12.368422,13.421053,12.157895,13.578947],"rotation":0,"texture":"#0","tintindex":0},"north":{"uv":[12.157895,13.421053,11.631579,13.578947],"rotation":0,"texture":"#0","tintindex":0},"south":{"uv":[12.894737,13.421053,12.368422,13.578947],"rotation":0,"texture":"#0","tintindex":0},"up":{"uv":[11.631579,13.421053,12.157895,13.210526],"rotation":0,"texture":"#0","tintindex":0},"west":{"uv":[11.631579,13.421053,11.421053,13.578947],"rotation":0,"texture":"#0","tintindex":0}}}],"display":{"head":{"translation":[0.0,-6.4,0.0],"rotation":[0.0,0.0,0.0],"scale":[3.8095,3.8095,3.8095]}}}