{"textures":{"0":"modelengine:entity/cop_car"},"elements":[{"name":"b6","from":[7.4,8.0,8.0],"to":[8.0,16.400002,8.6],"rotation":{"angle":0.0,"axis":"x","origin":[-4.2400002,-4.6000004,14.24]},"faces":{"down":{"uv":[1.8421053,10.631579,1.8947369,10.684211],"rotation":0,"texture":"#0","tintindex":0},"east":{"uv":[1.8947369,10.684211,1.8421053,11.421053],"rotation":0,"texture":"#0","tintindex":0},"north":{"uv":[1.8421053,10.684211,1.7894737,11.421053],"rotation":0,"texture":"#0","tintindex":0},"south":{"uv":[1.9473684,10.684211,1.8947369,11.421053],"rotation":0,"texture":"#0","tintindex":0},"up":{"uv":[1.7894737,10.684211,1.8421053,10.631579],"rotation":0,"texture":"#0","tintindex":0},"west":{"uv":[1.7894737,10.684211,1.7368422,11.421053],"rotation":0,"texture":"#0","tintindex":0}}},{"name":"b6","from":[8.0,8.0,8.6],"to":[8.0,16.400002,9.2],"rotation":{"angle":0.0,"axis":"x","origin":[-4.2400002,-4.6000004,14.24]},"faces":{"down":{"uv":[6.052632,2.4736843,6.052632,2.5263157],"rotation":0,"texture":"#0","tintindex":0},"east":{"uv":[6.0,2.5263157,6.052632,3.2631578],"rotation":0,"texture":"#0","tintindex":0},"north":{"uv":[6.052632,2.5263157,6.052632,3.2631578],"rotation":0,"texture":"#0","tintindex":0},"south":{"uv":[6.105263,2.5263157,6.105263,3.2631578],"rotation":0,"texture":"#0","tintindex":0},"up":{"uv":[6.052632,2.5263157,6.052632,2.4736843],"rotation":0,"texture":"#0","tintindex":0},"west":{"uv":[6.052632,2.5263157,6.105263,3.2631578],"rotation":0,"texture":"#0","tintindex":0}}}],"display":{"head":{"translation":[0.0,-6.4,0.0],"rotation":[0.0,0.0,0.0],"scale":[3.8095,3.8095,3.8095]}}}