{"textures":{"0":"modelengine:entity/cop_car"},"elements":[{"name":"bb0","from":[1.3999997,7.4,6.8],"to":[14.6,8.6,9.2],"rotation":{"angle":0.0,"axis":"x","origin":[8.0,5.6,32.0]},"faces":{"down":{"uv":[2.5263157,12.842105,1.3684211,13.052631],"rotation":0,"texture":"#0","tintindex":0},"east":{"uv":[0.0,13.052631,0.21052632,13.157895],"rotation":0,"texture":"#0","tintindex":0},"north":{"uv":[0.21052632,13.052631,1.3684211,13.157895],"rotation":0,"texture":"#0","tintindex":0},"south":{"uv":[1.5789474,13.052631,2.7368422,13.157895],"rotation":0,"texture":"#0","tintindex":0},"up":{"uv":[1.3684211,13.052631,0.21052632,12.842105],"rotation":0,"texture":"#0","tintindex":0},"west":{"uv":[1.3684211,13.052631,1.5789474,13.157895],"rotation":0,"texture":"#0","tintindex":0}}},{"name":"bb0","from":[1.3669995,10.367001,6.7669997],"to":[14.633,13.433001,9.233],"rotation":{"angle":0.0,"axis":"x","origin":[8.0,5.6,32.0]},"faces":{"down":{"uv":[15.157895,9.842105,14.0,10.052631],"rotation":0,"texture":"#0","tintindex":0},"east":{"uv":[12.631579,10.052631,12.842105,10.315789],"rotation":0,"texture":"#0","tintindex":0},"north":{"uv":[12.842105,10.052631,14.0,10.315789],"rotation":0,"texture":"#0","tintindex":0},"south":{"uv":[14.210526,10.052631,15.368422,10.315789],"rotation":0,"texture":"#0","tintindex":0},"up":{"uv":[14.0,10.052631,12.842105,9.842105],"rotation":0,"texture":"#0","tintindex":0},"west":{"uv":[14.0,10.052631,14.210526,10.315789],"rotation":0,"texture":"#0","tintindex":0}}},{"name":"bb0","from":[-4.918001,8.582001,8.761999],"to":[-3.6820002,16.418,11.798],"rotation":{"angle":0.0,"axis":"x","origin":[8.0,5.6,32.0]},"faces":{"down":{"uv":[4.8421054,10.368422,4.736842,10.631579],"rotation":0,"texture":"#0","tintindex":0},"east":{"uv":[4.368421,10.631579,4.631579,11.315789],"rotation":0,"texture":"#0","tintindex":0},"north":{"uv":[4.631579,10.631579,4.736842,11.315789],"rotation":0,"texture":"#0","tintindex":0},"south":{"uv":[5.0,10.631579,5.105263,11.315789],"rotation":0,"texture":"#0","tintindex":0},"up":{"uv":[4.736842,10.631579,4.631579,10.368422],"rotation":0,"texture":"#0","tintindex":0},"west":{"uv":[4.736842,10.631579,5.0,11.315789],"rotation":0,"texture":"#0","tintindex":0}}},{"name":"bb0","from":[19.682,8.582001,8.761999],"to":[20.918,16.418,11.798],"rotation":{"angle":0.0,"axis":"x","origin":[8.0,5.6,32.0]},"faces":{"down":{"uv":[4.736842,10.368422,4.8421054,10.631579],"rotation":0,"texture":"#0","tintindex":0},"east":{"uv":[5.0,10.631579,4.736842,11.315789],"rotation":0,"texture":"#0","tintindex":0},"north":{"uv":[4.736842,10.631579,4.631579,11.315789],"rotation":0,"texture":"#0","tintindex":0},"south":{"uv":[5.105263,10.631579,5.0,11.315789],"rotation":0,"texture":"#0","tintindex":0},"up":{"uv":[4.631579,10.631579,4.736842,10.368422],"rotation":0,"texture":"#0","tintindex":0},"west":{"uv":[4.631579,10.631579,4.368421,11.315789],"rotation":0,"texture":"#0","tintindex":0}}},{"name":"bb0","from":[-4.948001,7.352,8.731999],"to":[20.948002,8.648,11.828],"rotation":{"angle":0.0,"axis":"x","origin":[8.0,5.6,32.0]},"faces":{"down":{"uv":[4.7894735,7.7894735,2.5263157,8.052631],"rotation":0,"texture":"#0","tintindex":0},"east":{"uv":[0.0,8.052631,0.2631579,8.157895],"rotation":0,"texture":"#0","tintindex":0},"north":{"uv":[0.2631579,8.052631,2.5263157,8.157895],"rotation":0,"texture":"#0","tintindex":0},"south":{"uv":[2.7894738,8.052631,5.0526314,8.157895],"rotation":0,"texture":"#0","tintindex":0},"up":{"uv":[2.5263157,8.052631,0.2631579,7.7894735],"rotation":0,"texture":"#0","tintindex":0},"west":{"uv":[2.5263157,8.052631,2.7894738,8.157895],"rotation":0,"texture":"#0","tintindex":0}}}],"display":{"head":{"translation":[0.0,-6.4,0.0],"rotation":[0.0,0.0,0.0],"scale":[3.8095,3.8095,3.8095]}}}