{"textures":{"0":"modelengine:entity/cop_car"},"elements":[{"name":"bb2","from":[7.4,4.3999996,8.0],"to":[8.6,8.0,9.8],"rotation":{"angle":0.0,"axis":"x","origin":[8.0,-4.6000004,33.2]},"faces":{"down":{"uv":[2.0526316,0.68421054,1.9473684,0.84210527],"rotation":0,"texture":"#0","tintindex":0},"east":{"uv":[1.6842105,0.84210527,1.8421053,1.1578947],"rotation":0,"texture":"#0","tintindex":0},"north":{"uv":[1.8421053,0.84210527,1.9473684,1.1578947],"rotation":0,"texture":"#0","tintindex":0},"south":{"uv":[2.1052632,0.84210527,2.2105262,1.1578947],"rotation":0,"texture":"#0","tintindex":0},"up":{"uv":[1.9473684,0.84210527,1.8421053,0.68421054],"rotation":0,"texture":"#0","tintindex":0},"west":{"uv":[1.9473684,0.84210527,2.1052632,1.1578947],"rotation":0,"texture":"#0","tintindex":0}}},{"name":"bb2","from":[1.9999998,5.7200003,8.0],"to":[7.4,6.3200006,9.8],"rotation":{"angle":0.0,"axis":"x","origin":[7.4,6.3200006,8.0]},"faces":{"down":{"uv":[14.368422,0.7894737,13.894737,0.94736844],"rotation":0,"texture":"#0","tintindex":0},"east":{"uv":[13.263158,0.94736844,13.421053,1.0],"rotation":0,"texture":"#0","tintindex":0},"north":{"uv":[13.421053,0.94736844,13.894737,1.0],"rotation":0,"texture":"#0","tintindex":0},"south":{"uv":[14.052631,0.94736844,14.526316,1.0],"rotation":0,"texture":"#0","tintindex":0},"up":{"uv":[13.894737,0.94736844,13.421053,0.7894737],"rotation":0,"texture":"#0","tintindex":0},"west":{"uv":[13.894737,0.94736844,14.052631,1.0],"rotation":0,"texture":"#0","tintindex":0}}},{"name":"bb2","from":[8.6,5.7200003,8.0],"to":[14.0,6.3200006,9.8],"rotation":{"angle":0.0,"axis":"x","origin":[8.6,6.3200006,8.0]},"faces":{"down":{"uv":[2.2105262,13.157895,1.7368422,13.315789],"rotation":0,"texture":"#0","tintindex":0},"east":{"uv":[1.1052631,13.315789,1.2631578,13.368422],"rotation":0,"texture":"#0","tintindex":0},"north":{"uv":[1.2631578,13.315789,1.7368422,13.368422],"rotation":0,"texture":"#0","tintindex":0},"south":{"uv":[1.8947369,13.315789,2.368421,13.368422],"rotation":0,"texture":"#0","tintindex":0},"up":{"uv":[1.7368422,13.315789,1.2631578,13.157895],"rotation":0,"texture":"#0","tintindex":0},"west":{"uv":[1.7368422,13.315789,1.8947369,13.368422],"rotation":0,"texture":"#0","tintindex":0}}}],"display":{"head":{"translation":[0.0,-6.4,0.0],"rotation":[0.0,0.0,0.0],"scale":[3.8095,3.8095,3.8095]}}}