{"textures":{"0":"modelengine:entity/cop_car"},"elements":[{"name":"body15","from":[6.1759996,6.1879997,4.988],"to":[32.0,8.012,8.012],"rotation":{"angle":0.0,"axis":"x","origin":[19.088001,-4.6000004,16.400002]},"faces":{"down":{"uv":[4.7894735,7.368421,2.5263157,7.631579],"rotation":0,"texture":"#0","tintindex":0},"east":{"uv":[0.0,7.631579,0.2631579,7.7894735],"rotation":0,"texture":"#0","tintindex":0},"north":{"uv":[0.2631579,7.631579,2.5263157,7.7894735],"rotation":0,"texture":"#0","tintindex":0},"south":{"uv":[2.7894738,7.631579,5.0526314,7.7894735],"rotation":0,"texture":"#0","tintindex":0},"up":{"uv":[2.5263157,7.631579,0.2631579,7.368421],"rotation":0,"texture":"#0","tintindex":0},"west":{"uv":[2.5263157,7.631579,2.7894738,7.7894735],"rotation":0,"texture":"#0","tintindex":0}}},{"name":"body15","from":[6.1759996,6.1879997,-0.41200066],"to":[32.0,8.012,5.012],"rotation":{"angle":0.0,"axis":"x","origin":[19.088001,-4.6000004,16.400002]},"faces":{"down":{"uv":[10.526316,4.0526314,8.263158,4.5263157],"rotation":0,"texture":"#0","tintindex":0},"east":{"uv":[5.5263157,4.5263157,6.0,4.684211],"rotation":0,"texture":"#0","tintindex":0},"north":{"uv":[6.0,4.5263157,8.263158,4.684211],"rotation":0,"texture":"#0","tintindex":0},"south":{"uv":[8.736842,4.5263157,11.0,4.684211],"rotation":0,"texture":"#0","tintindex":0},"up":{"uv":[8.263158,4.5263157,6.0,4.0526314],"rotation":0,"texture":"#0","tintindex":0},"west":{"uv":[8.263158,4.5263157,8.736842,4.684211],"rotation":0,"texture":"#0","tintindex":0}}},{"name":"body15","from":[10.988,5.7293596,-3.3794513],"to":[27.188,7.5293593,-0.37945008],"rotation":{"angle":-22.5,"axis":"x","origin":[27.188,7.5293593,-0.37945008]},"faces":{"down":{"uv":[13.789474,12.578947,12.368422,12.842105],"rotation":0,"texture":"#0","tintindex":0},"east":{"uv":[10.684211,12.842105,10.947369,13.0],"rotation":0,"texture":"#0","tintindex":0},"north":{"uv":[10.947369,12.842105,12.368422,13.0],"rotation":0,"texture":"#0","tintindex":0},"south":{"uv":[12.631579,12.842105,14.052631,13.0],"rotation":0,"texture":"#0","tintindex":0},"up":{"uv":[12.368422,12.842105,10.947369,12.578947],"rotation":0,"texture":"#0","tintindex":0},"west":{"uv":[12.368422,12.842105,12.631579,13.0],"rotation":0,"texture":"#0","tintindex":0}}}],"display":{"head":{"translation":[1.164801,-6.4,0.0],"rotation":[0.0,0.0,0.0],"scale":[3.8095,3.8095,3.8095]}}}