{"textures":{"0":"modelengine:entity/cop_car"},"elements":[{"name":"body3","from":[-5.200001,8.0,8.0],"to":[21.2,14.6,9.2],"rotation":{"angle":0.0,"axis":"x","origin":[8.0,-3.4000006,28.400002]},"faces":{"down":{"uv":[9.789474,7.263158,7.4736843,7.368421],"rotation":0,"texture":"#0","tintindex":0},"east":{"uv":[5.0526314,7.368421,5.1578946,7.9473686],"rotation":0,"texture":"#0","tintindex":0},"north":{"uv":[5.1578946,7.368421,7.4736843,7.9473686],"rotation":0,"texture":"#0","tintindex":0},"south":{"uv":[7.5789475,7.368421,9.894737,7.9473686],"rotation":0,"texture":"#0","tintindex":0},"up":{"uv":[7.4736843,7.368421,5.1578946,7.263158],"rotation":0,"texture":"#0","tintindex":0},"west":{"uv":[7.4736843,7.368421,7.5789475,7.9473686],"rotation":0,"texture":"#0","tintindex":0}}},{"name":"body3","from":[-4.8880005,12.212001,7.412],"to":[20.888,15.188,8.587999],"rotation":{"angle":0.0,"axis":"x","origin":[8.0,-3.4000006,28.400002]},"faces":{"down":{"uv":[4.631579,9.736842,2.368421,9.842105],"rotation":0,"texture":"#0","tintindex":0},"east":{"uv":[0.0,9.842105,0.10526316,10.105263],"rotation":0,"texture":"#0","tintindex":0},"north":{"uv":[0.10526316,9.842105,2.368421,10.105263],"rotation":0,"texture":"#0","tintindex":0},"south":{"uv":[2.4736843,9.842105,4.736842,10.105263],"rotation":0,"texture":"#0","tintindex":0},"up":{"uv":[2.368421,9.842105,0.10526316,9.736842],"rotation":0,"texture":"#0","tintindex":0},"west":{"uv":[2.368421,9.842105,2.4736843,10.105263],"rotation":0,"texture":"#0","tintindex":0}}}],"display":{"head":{"translation":[0.0,-6.4,0.0],"rotation":[0.0,0.0,0.0],"scale":[3.8095,3.8095,3.8095]}}}