{"textures":{"0":"modelengine:entity/cop_car"},"elements":[{"name":"body6","from":[-5.212001,7.988,7.988],"to":[21.212002,12.812,9.212],"rotation":{"angle":0.0,"axis":"x","origin":[8.0,6.2,-8.8]},"faces":{"down":{"uv":[4.736842,8.684211,2.4210527,8.789474],"rotation":0,"texture":"#0","tintindex":0},"east":{"uv":[0.0,8.789474,0.10526316,9.210526],"rotation":0,"texture":"#0","tintindex":0},"north":{"uv":[0.10526316,8.789474,2.4210527,9.210526],"rotation":0,"texture":"#0","tintindex":0},"south":{"uv":[2.5263157,8.789474,4.8421054,9.210526],"rotation":0,"texture":"#0","tintindex":0},"up":{"uv":[2.4210527,8.789474,0.10526316,8.684211],"rotation":0,"texture":"#0","tintindex":0},"west":{"uv":[2.4210527,8.789474,2.5263157,9.210526],"rotation":0,"texture":"#0","tintindex":0}}}],"display":{"head":{"translation":[0.0,-6.4,0.0],"rotation":[0.0,0.0,0.0],"scale":[3.8095,3.8095,3.8095]}}}