{"textures":{"0":"modelengine:entity/cop_car"},"elements":[{"name":"body10","from":[-5.200001,8.0,8.0],"to":[21.2,12.8,9.2],"rotation":{"angle":0.0,"axis":"x","origin":[8.0,-14.8,-8.8]},"faces":{"down":{"uv":[9.789474,7.9473686,7.4736843,8.052631],"rotation":0,"texture":"#0","tintindex":0},"east":{"uv":[5.0526314,8.052631,5.1578946,8.473684],"rotation":0,"texture":"#0","tintindex":0},"north":{"uv":[5.1578946,8.052631,7.4736843,8.473684],"rotation":0,"texture":"#0","tintindex":0},"south":{"uv":[7.5789475,8.052631,9.894737,8.473684],"rotation":0,"texture":"#0","tintindex":0},"up":{"uv":[7.4736843,8.052631,5.1578946,7.9473686],"rotation":0,"texture":"#0","tintindex":0},"west":{"uv":[7.4736843,8.052631,7.5789475,8.473684],"rotation":0,"texture":"#0","tintindex":0}}}],"display":{"head":{"translation":[0.0,-6.4,0.0],"rotation":[0.0,0.0,0.0],"scale":[3.8095,3.8095,3.8095]}}}