{"textures":{"0":"modelengine:entity/cop_car"},"elements":[{"name":"body2","from":[-5.236,7.964,7.964],"to":[21.236,12.836001,9.236],"rotation":{"angle":0.0,"axis":"x","origin":[8.0,1.3999997,28.400002]},"faces":{"down":{"uv":[4.736842,9.210526,2.4210527,9.315789],"rotation":0,"texture":"#0","tintindex":0},"east":{"uv":[0.0,9.315789,0.10526316,9.736842],"rotation":0,"texture":"#0","tintindex":0},"north":{"uv":[0.10526316,9.315789,2.4210527,9.736842],"rotation":0,"texture":"#0","tintindex":0},"south":{"uv":[2.5263157,9.315789,4.8421054,9.736842],"rotation":0,"texture":"#0","tintindex":0},"up":{"uv":[2.4210527,9.315789,0.10526316,9.210526],"rotation":0,"texture":"#0","tintindex":0},"west":{"uv":[2.4210527,9.315789,2.5263157,9.736842],"rotation":0,"texture":"#0","tintindex":0}}}],"display":{"head":{"translation":[0.0,-6.4,0.0],"rotation":[0.0,0.0,0.0],"scale":[3.8095,3.8095,3.8095]}}}