{"textures":{"0":"modelengine:entity/cop_car"},"elements":[{"name":"body19","from":[13.088,6.1879997,1.3879994],"to":[25.712002,8.012,8.012],"rotation":{"angle":0.0,"axis":"x","origin":[19.400002,-4.6000004,24.8]},"faces":{"down":{"uv":[14.473684,1.3684211,13.368422,1.9473684],"rotation":0,"texture":"#0","tintindex":0},"east":{"uv":[11.684211,1.9473684,12.263158,2.1052632],"rotation":0,"texture":"#0","tintindex":0},"north":{"uv":[12.263158,1.9473684,13.368422,2.1052632],"rotation":0,"texture":"#0","tintindex":0},"south":{"uv":[13.947369,1.9473684,15.052631,2.1052632],"rotation":0,"texture":"#0","tintindex":0},"up":{"uv":[13.368422,1.9473684,12.263158,1.3684211],"rotation":0,"texture":"#0","tintindex":0},"west":{"uv":[13.368422,1.9473684,13.947369,2.1052632],"rotation":0,"texture":"#0","tintindex":0}}},{"name":"body19","from":[13.088,7.388,-0.41200066],"to":[25.712002,8.012,1.4120001],"rotation":{"angle":0.0,"axis":"x","origin":[19.400002,-4.6000004,24.8]},"faces":{"down":{"uv":[13.0,13.0,11.894737,13.157895],"rotation":0,"texture":"#0","tintindex":0},"east":{"uv":[10.631579,13.157895,10.789474,13.210526],"rotation":0,"texture":"#0","tintindex":0},"north":{"uv":[10.789474,13.157895,11.894737,13.210526],"rotation":0,"texture":"#0","tintindex":0},"south":{"uv":[12.052631,13.157895,13.157895,13.210526],"rotation":0,"texture":"#0","tintindex":0},"up":{"uv":[11.894737,13.157895,10.789474,13.0],"rotation":0,"texture":"#0","tintindex":0},"west":{"uv":[11.894737,13.157895,12.052631,13.210526],"rotation":0,"texture":"#0","tintindex":0}}},{"name":"body19","from":[13.117999,7.4179997,-0.2770009],"to":[14.882001,7.982,8.087],"rotation":{"angle":0.0,"axis":"x","origin":[13.088,8.012,-0.3070011]},"faces":{"down":{"uv":[1.0526316,0.0,0.8947368,0.7368421],"rotation":0,"texture":"#0","tintindex":0},"east":{"uv":[0.0,0.7368421,0.7368421,0.7894737],"rotation":0,"texture":"#0","tintindex":0},"north":{"uv":[0.7368421,0.7368421,0.8947368,0.7894737],"rotation":0,"texture":"#0","tintindex":0},"south":{"uv":[1.6315789,0.7368421,1.7894737,0.7894737],"rotation":0,"texture":"#0","tintindex":0},"up":{"uv":[0.8947368,0.7368421,0.7368421,0.0],"rotation":0,"texture":"#0","tintindex":0},"west":{"uv":[0.8947368,0.7368421,1.6315789,0.7894737],"rotation":0,"texture":"#0","tintindex":0}}},{"name":"body19","from":[23.918,7.4179997,-0.2770009],"to":[25.682003,7.982,8.087],"rotation":{"angle":0.0,"axis":"x","origin":[25.712002,8.012,-0.3070011]},"faces":{"down":{"uv":[0.8947368,0.0,1.0526316,0.7368421],"rotation":0,"texture":"#0","tintindex":0},"east":{"uv":[1.6315789,0.7368421,0.8947368,0.7894737],"rotation":0,"texture":"#0","tintindex":0},"north":{"uv":[0.8947368,0.7368421,0.7368421,0.7894737],"rotation":0,"texture":"#0","tintindex":0},"south":{"uv":[1.7894737,0.7368421,1.6315789,0.7894737],"rotation":0,"texture":"#0","tintindex":0},"up":{"uv":[0.7368421,0.7368421,0.8947368,0.0],"rotation":0,"texture":"#0","tintindex":0},"west":{"uv":[0.7368421,0.7368421,0.0,0.7894737],"rotation":0,"texture":"#0","tintindex":0}}},{"name":"body19","from":[13.1,4.3999996,-0.40000033],"to":[14.3,8.0,1.3999997],"rotation":{"angle":-22.5,"axis":"z","origin":[13.1,8.0,0.49999976]},"faces":{"down":{"uv":[0.36842105,4.9473686,0.2631579,5.105263],"rotation":0,"texture":"#0","tintindex":0},"east":{"uv":[0.0,5.105263,0.15789473,5.4210525],"rotation":0,"texture":"#0","tintindex":0},"north":{"uv":[0.15789473,5.105263,0.2631579,5.4210525],"rotation":0,"texture":"#0","tintindex":0},"south":{"uv":[0.42105263,5.105263,0.5263158,5.4210525],"rotation":0,"texture":"#0","tintindex":0},"up":{"uv":[0.2631579,5.105263,0.15789473,4.9473686],"rotation":0,"texture":"#0","tintindex":0},"west":{"uv":[0.2631579,5.105263,0.42105263,5.4210525],"rotation":0,"texture":"#0","tintindex":0}}},{"name":"body19","from":[24.5,4.3999996,-0.40000033],"to":[25.7,8.0,1.3999997],"rotation":{"angle":22.5,"axis":"z","origin":[25.7,8.0,0.49999976]},"faces":{"down":{"uv":[0.36842105,4.2105265,0.2631579,4.368421],"rotation":0,"texture":"#0","tintindex":0},"east":{"uv":[0.0,4.368421,0.15789473,4.684211],"rotation":0,"texture":"#0","tintindex":0},"north":{"uv":[0.15789473,4.368421,0.2631579,4.684211],"rotation":0,"texture":"#0","tintindex":0},"south":{"uv":[0.42105263,4.368421,0.5263158,4.684211],"rotation":0,"texture":"#0","tintindex":0},"up":{"uv":[0.2631579,4.368421,0.15789473,4.2105265],"rotation":0,"texture":"#0","tintindex":0},"west":{"uv":[0.2631579,4.368421,0.42105263,4.684211],"rotation":0,"texture":"#0","tintindex":0}}}],"display":{"head":{"translation":[0.0,-6.4,0.0],"rotation":[0.0,0.0,0.0],"scale":[3.8095,3.8095,3.8095]}}}