{"textures":{"0":"modelengine:entity/cop_car"},"elements":[{"name":"body24","from":[7.7,6.8,8.0],"to":[31.100002,8.0,9.2],"rotation":{"angle":0.0,"axis":"x","origin":[19.400002,-1.0000005,-26.2]},"faces":{"down":{"uv":[14.315789,7.052632,12.263158,7.1578946],"rotation":0,"texture":"#0","tintindex":0},"east":{"uv":[10.105263,7.1578946,10.210526,7.263158],"rotation":0,"texture":"#0","tintindex":0},"north":{"uv":[10.210526,7.1578946,12.263158,7.263158],"rotation":0,"texture":"#0","tintindex":0},"south":{"uv":[12.368422,7.1578946,14.421053,7.263158],"rotation":0,"texture":"#0","tintindex":0},"up":{"uv":[12.263158,7.1578946,10.210526,7.052632],"rotation":0,"texture":"#0","tintindex":0},"west":{"uv":[12.263158,7.1578946,12.368422,7.263158],"rotation":0,"texture":"#0","tintindex":0}}}],"display":{"head":{"translation":[0.0,-6.4,0.0],"rotation":[0.0,0.0,0.0],"scale":[3.8095,3.8095,3.8095]}}}