{"textures":{"0":"modelengine:entity/cop_car"},"elements":[{"name":"body25","from":[6.169997,1.385,4.9849997],"to":[32.0,8.014999,8.014999],"rotation":{"angle":0.0,"axis":"x","origin":[19.085,-1.0000005,-27.400002]},"faces":{"down":{"uv":[11.631579,0.0,9.368422,0.2631579],"rotation":0,"texture":"#0","tintindex":0},"east":{"uv":[6.8421054,0.2631579,7.105263,0.84210527],"rotation":0,"texture":"#0","tintindex":0},"north":{"uv":[7.105263,0.2631579,9.368422,0.84210527],"rotation":0,"texture":"#0","tintindex":0},"south":{"uv":[9.631579,0.2631579,11.894737,0.84210527],"rotation":0,"texture":"#0","tintindex":0},"up":{"uv":[9.368422,0.2631579,7.105263,0.0],"rotation":0,"texture":"#0","tintindex":0},"west":{"uv":[9.368422,0.2631579,9.631579,0.84210527],"rotation":0,"texture":"#0","tintindex":0}}}],"display":{"head":{"translation":[1.1760092,-6.4,0.0],"rotation":[0.0,0.0,0.0],"scale":[3.8095,3.8095,3.8095]}}}