{"textures":{"0":"modelengine:entity/cop_car"},"elements":[{"name":"body11","from":[-1.9060006,16.394001,7.994],"to":[18.506,17.606,8.606],"rotation":{"angle":0.0,"axis":"x","origin":[8.3,-4.6000004,15.8]},"faces":{"down":{"uv":[8.894737,2.368421,7.105263,2.4210527],"rotation":0,"texture":"#0","tintindex":0},"east":{"uv":[5.263158,2.4210527,5.3157897,2.5263157],"rotation":0,"texture":"#0","tintindex":0},"north":{"uv":[5.3157897,2.4210527,7.105263,2.5263157],"rotation":0,"texture":"#0","tintindex":0},"south":{"uv":[7.1578946,2.4210527,8.947369,2.5263157],"rotation":0,"texture":"#0","tintindex":0},"up":{"uv":[7.105263,2.4210527,5.3157897,2.368421],"rotation":0,"texture":"#0","tintindex":0},"west":{"uv":[7.105263,2.4210527,7.1578946,2.5263157],"rotation":0,"texture":"#0","tintindex":0}}},{"name":"body11","from":[-3.1000004,8.0,8.06],"to":[19.7,16.400002,8.06],"rotation":{"angle":0.0,"axis":"x","origin":[8.3,-4.6000004,15.8]},"faces":{"down":{"uv":[14.105264,3.2105262,12.105264,3.2105262],"rotation":0,"texture":"#0","tintindex":0},"east":{"uv":[10.105263,3.2105262,10.105263,3.9473684],"rotation":0,"texture":"#0","tintindex":0},"north":{"uv":[10.105263,3.2105262,12.105264,3.9473684],"rotation":0,"texture":"#0","tintindex":0},"south":{"uv":[12.105264,3.2105262,14.105264,3.9473684],"rotation":0,"texture":"#0","tintindex":0},"up":{"uv":[12.105264,3.2105262,10.105263,3.2105262],"rotation":0,"texture":"#0","tintindex":0},"west":{"uv":[12.105264,3.2105262,12.105264,3.9473684],"rotation":0,"texture":"#0","tintindex":0}}}],"display":{"head":{"translation":[0.0,-6.4,0.0],"rotation":[0.0,0.0,0.0],"scale":[3.8095,3.8095,3.8095]}}}