{"textures":{"0":"modelengine:entity/cop_car"},"elements":[{"name":"body26","from":[6.200001,8.0,1.3999997],"to":[32.0,9.8,8.0],"rotation":{"angle":0.0,"axis":"x","origin":[19.100002,5.6,-27.400002]},"faces":{"down":{"uv":[5.105263,4.2105265,2.8421054,4.7894735],"rotation":0,"texture":"#0","tintindex":0},"east":{"uv":[0.0,4.7894735,0.57894737,4.9473686],"rotation":0,"texture":"#0","tintindex":0},"north":{"uv":[0.57894737,4.7894735,2.8421054,4.9473686],"rotation":0,"texture":"#0","tintindex":0},"south":{"uv":[3.4210527,4.7894735,5.684211,4.9473686],"rotation":0,"texture":"#0","tintindex":0},"up":{"uv":[2.8421054,4.7894735,0.57894737,4.2105265],"rotation":0,"texture":"#0","tintindex":0},"west":{"uv":[2.8421054,4.7894735,3.4210527,4.9473686],"rotation":0,"texture":"#0","tintindex":0}}}],"display":{"head":{"translation":[1.1199971,-6.4,0.0],"rotation":[0.0,0.0,0.0],"scale":[3.8095,3.8095,3.8095]}}}