{"textures":{"0":"modelengine:entity/cop_car"},"elements":[{"name":"body1","from":[-5.212001,7.988,7.988],"to":[21.212002,12.812,9.212],"rotation":{"angle":0.0,"axis":"x","origin":[8.0,6.2,28.400002]},"faces":{"down":{"uv":[13.947369,2.1578948,11.631579,2.2631578],"rotation":0,"texture":"#0","tintindex":0},"east":{"uv":[9.210526,2.2631578,9.315789,2.6842105],"rotation":0,"texture":"#0","tintindex":0},"north":{"uv":[9.315789,2.2631578,11.631579,2.6842105],"rotation":0,"texture":"#0","tintindex":0},"south":{"uv":[11.736842,2.2631578,14.052631,2.6842105],"rotation":0,"texture":"#0","tintindex":0},"up":{"uv":[11.631579,2.2631578,9.315789,2.1578948],"rotation":0,"texture":"#0","tintindex":0},"west":{"uv":[11.631579,2.2631578,11.736842,2.6842105],"rotation":0,"texture":"#0","tintindex":0}}}],"display":{"head":{"translation":[0.0,-6.4,0.0],"rotation":[0.0,0.0,0.0],"scale":[3.8095,3.8095,3.8095]}}}