{"textures":{"0":"modelengine:entity/cop_car"},"elements":[{"name":"body18","from":[11.288,6.1879997,4.988],"to":[27.512001,8.012,8.012],"rotation":{"angle":0.0,"axis":"x","origin":[19.400002,-4.6000004,16.400002]},"faces":{"down":{"uv":[6.4736843,12.473684,5.0526314,12.736842],"rotation":0,"texture":"#0","tintindex":0},"east":{"uv":[3.368421,12.736842,3.631579,12.894737],"rotation":0,"texture":"#0","tintindex":0},"north":{"uv":[3.631579,12.736842,5.0526314,12.894737],"rotation":0,"texture":"#0","tintindex":0},"south":{"uv":[5.3157897,12.736842,6.736842,12.894737],"rotation":0,"texture":"#0","tintindex":0},"up":{"uv":[5.0526314,12.736842,3.631579,12.473684],"rotation":0,"texture":"#0","tintindex":0},"west":{"uv":[5.0526314,12.736842,5.3157897,12.894737],"rotation":0,"texture":"#0","tintindex":0}}},{"name":"body18","from":[11.888,6.1879997,-0.41200066],"to":[26.912003,8.012,5.012],"rotation":{"angle":0.0,"axis":"x","origin":[19.400002,-4.6000004,16.400002]},"faces":{"down":{"uv":[14.368422,11.210526,13.052631,11.684211],"rotation":0,"texture":"#0","tintindex":0},"east":{"uv":[11.263158,11.684211,11.736842,11.842105],"rotation":0,"texture":"#0","tintindex":0},"north":{"uv":[11.736842,11.684211,13.052631,11.842105],"rotation":0,"texture":"#0","tintindex":0},"south":{"uv":[13.526316,11.684211,14.842105,11.842105],"rotation":0,"texture":"#0","tintindex":0},"up":{"uv":[13.052631,11.684211,11.736842,11.210526],"rotation":0,"texture":"#0","tintindex":0},"west":{"uv":[13.052631,11.684211,13.526316,11.842105],"rotation":0,"texture":"#0","tintindex":0}}},{"name":"body18","from":[11.903,6.203,-0.35199976],"to":[13.096999,7.9969997,5.0420003],"rotation":{"angle":0.0,"axis":"x","origin":[11.888,8.012,-0.3670001]},"faces":{"down":{"uv":[1.7368422,0.0,1.6315789,0.47368422],"rotation":0,"texture":"#0","tintindex":0},"east":{"uv":[1.0526316,0.47368422,1.5263158,0.6315789],"rotation":0,"texture":"#0","tintindex":0},"north":{"uv":[1.5263158,0.47368422,1.6315789,0.6315789],"rotation":0,"texture":"#0","tintindex":0},"south":{"uv":[2.1052632,0.47368422,2.2105262,0.6315789],"rotation":0,"texture":"#0","tintindex":0},"up":{"uv":[1.6315789,0.47368422,1.5263158,0.0],"rotation":0,"texture":"#0","tintindex":0},"west":{"uv":[1.6315789,0.47368422,2.1052632,0.6315789],"rotation":0,"texture":"#0","tintindex":0}}},{"name":"body18","from":[25.703,6.203,-0.35199976],"to":[26.897003,7.9969997,5.0420003],"rotation":{"angle":0.0,"axis":"x","origin":[26.912003,8.012,-0.3670001]},"faces":{"down":{"uv":[1.6315789,0.0,1.7368422,0.47368422],"rotation":0,"texture":"#0","tintindex":0},"east":{"uv":[2.1052632,0.47368422,1.6315789,0.6315789],"rotation":0,"texture":"#0","tintindex":0},"north":{"uv":[1.6315789,0.47368422,1.5263158,0.6315789],"rotation":0,"texture":"#0","tintindex":0},"south":{"uv":[2.2105262,0.47368422,2.1052632,0.6315789],"rotation":0,"texture":"#0","tintindex":0},"up":{"uv":[1.5263158,0.47368422,1.6315789,0.0],"rotation":0,"texture":"#0","tintindex":0},"west":{"uv":[1.5263158,0.47368422,1.0526316,0.6315789],"rotation":0,"texture":"#0","tintindex":0}}},{"name":"body18","from":[11.3,5.7293596,-3.3794513],"to":[27.5,7.5293593,-0.37945008],"rotation":{"angle":-22.5,"axis":"x","origin":[27.5,7.5293593,-0.37945008]},"faces":{"down":{"uv":[3.1052632,12.421053,1.6842105,12.684211],"rotation":0,"texture":"#0","tintindex":0},"east":{"uv":[0.0,12.684211,0.2631579,12.842105],"rotation":0,"texture":"#0","tintindex":0},"north":{"uv":[0.2631579,12.684211,1.6842105,12.842105],"rotation":0,"texture":"#0","tintindex":0},"south":{"uv":[1.9473684,12.684211,3.368421,12.842105],"rotation":0,"texture":"#0","tintindex":0},"up":{"uv":[1.6842105,12.684211,0.2631579,12.421053],"rotation":0,"texture":"#0","tintindex":0},"west":{"uv":[1.6842105,12.684211,1.9473684,12.842105],"rotation":0,"texture":"#0","tintindex":0}}}],"display":{"head":{"translation":[0.0,-6.4,0.0],"rotation":[0.0,0.0,0.0],"scale":[3.8095,3.8095,3.8095]}}}