{"textures":{"0":"modelengine:entity/cop_car"},"elements":[{"name":"body17","from":[17.3,8.0,8.0],"to":[18.5,19.400002,8.6],"rotation":{"angle":0.0,"axis":"x","origin":[8.3,-31.0,15.8]},"faces":{"down":{"uv":[6.894737,14.315789,6.7894735,14.368422],"rotation":0,"texture":"#0","tintindex":0},"east":{"uv":[6.631579,14.368422,6.684211,15.368422],"rotation":0,"texture":"#0","tintindex":0},"north":{"uv":[6.684211,14.368422,6.7894735,15.368422],"rotation":0,"texture":"#0","tintindex":0},"south":{"uv":[6.8421054,14.368422,6.9473686,15.368422],"rotation":0,"texture":"#0","tintindex":0},"up":{"uv":[6.7894735,14.368422,6.684211,14.315789],"rotation":0,"texture":"#0","tintindex":0},"west":{"uv":[6.7894735,14.368422,6.8421054,15.368422],"rotation":0,"texture":"#0","tintindex":0}}},{"name":"body17","from":[-1.9000006,8.0,8.0],"to":[-0.7000003,19.400002,8.6],"rotation":{"angle":0.0,"axis":"x","origin":[8.3,-31.0,15.8]},"faces":{"down":{"uv":[10.684211,14.052631,10.578947,14.105264],"rotation":0,"texture":"#0","tintindex":0},"east":{"uv":[10.421053,14.105264,10.473684,15.105264],"rotation":0,"texture":"#0","tintindex":0},"north":{"uv":[10.473684,14.105264,10.578947,15.105264],"rotation":0,"texture":"#0","tintindex":0},"south":{"uv":[10.631579,14.105264,10.736842,15.105264],"rotation":0,"texture":"#0","tintindex":0},"up":{"uv":[10.578947,14.105264,10.473684,14.052631],"rotation":0,"texture":"#0","tintindex":0},"west":{"uv":[10.578947,14.105264,10.631579,15.105264],"rotation":0,"texture":"#0","tintindex":0}}},{"name":"body17","from":[-0.7000003,9.2,8.0],"to":[17.3,17.6,8.0],"rotation":{"angle":0.0,"axis":"x","origin":[8.3,-31.0,15.8]},"faces":{"down":{"uv":[14.421053,11.842105,12.842105,11.842105],"rotation":0,"texture":"#0","tintindex":0},"east":{"uv":[11.263158,11.842105,11.263158,12.578947],"rotation":0,"texture":"#0","tintindex":0},"north":{"uv":[11.263158,11.842105,12.842105,12.578947],"rotation":0,"texture":"#0","tintindex":0},"south":{"uv":[12.842105,11.842105,14.421053,12.578947],"rotation":0,"texture":"#0","tintindex":0},"up":{"uv":[12.842105,11.842105,11.263158,11.842105],"rotation":0,"texture":"#0","tintindex":0},"west":{"uv":[12.842105,11.842105,12.842105,12.578947],"rotation":0,"texture":"#0","tintindex":0}}},{"name":"body17","from":[-0.7000003,8.0,8.0],"to":[17.3,9.2,8.6],"rotation":{"angle":0.0,"axis":"x","origin":[8.3,-31.0,15.8]},"faces":{"down":{"uv":[14.210526,4.4210525,12.631579,4.4736843],"rotation":0,"texture":"#0","tintindex":0},"east":{"uv":[11.0,4.4736843,11.052631,4.5789475],"rotation":0,"texture":"#0","tintindex":0},"north":{"uv":[11.052631,4.4736843,12.631579,4.5789475],"rotation":0,"texture":"#0","tintindex":0},"south":{"uv":[12.684211,4.4736843,14.263158,4.5789475],"rotation":0,"texture":"#0","tintindex":0},"up":{"uv":[12.631579,4.4736843,11.052631,4.4210525],"rotation":0,"texture":"#0","tintindex":0},"west":{"uv":[12.631579,4.4736843,12.684211,4.5789475],"rotation":0,"texture":"#0","tintindex":0}}},{"name":"body17","from":[-0.7000003,17.6,8.0],"to":[17.3,18.8,8.6],"rotation":{"angle":0.0,"axis":"x","origin":[8.3,-31.0,15.8]},"faces":{"down":{"uv":[15.842105,9.684211,14.263158,9.736842],"rotation":0,"texture":"#0","tintindex":0},"east":{"uv":[12.631579,9.736842,12.684211,9.842105],"rotation":0,"texture":"#0","tintindex":0},"north":{"uv":[12.684211,9.736842,14.263158,9.842105],"rotation":0,"texture":"#0","tintindex":0},"south":{"uv":[14.315789,9.736842,15.894737,9.842105],"rotation":0,"texture":"#0","tintindex":0},"up":{"uv":[14.263158,9.736842,12.684211,9.684211],"rotation":0,"texture":"#0","tintindex":0},"west":{"uv":[14.263158,9.736842,14.315789,9.842105],"rotation":0,"texture":"#0","tintindex":0}}},{"name":"body17","from":[-1.9000006,13.400001,8.0],"to":[-1.3000002,19.400002,11.6],"rotation":{"angle":-22.5,"axis":"y","origin":[-1.9000006,11.6,8.0]},"faces":{"down":{"uv":[1.6842105,0.7894737,1.6315789,1.2631578],"rotation":0,"texture":"#0","tintindex":0},"east":{"uv":[1.1052631,1.2631578,1.5789474,1.7894737],"rotation":0,"texture":"#0","tintindex":0},"north":{"uv":[1.5789474,1.2631578,1.6315789,1.7894737],"rotation":0,"texture":"#0","tintindex":0},"south":{"uv":[2.1052632,1.2631578,2.1578948,1.7894737],"rotation":0,"texture":"#0","tintindex":0},"up":{"uv":[1.6315789,1.2631578,1.5789474,0.7894737],"rotation":0,"texture":"#0","tintindex":0},"west":{"uv":[1.6315789,1.2631578,2.1052632,1.7894737],"rotation":0,"texture":"#0","tintindex":0}}},{"name":"body17","from":[-1.9000006,12.2,8.0],"to":[-1.3000002,13.400001,8.6],"rotation":{"angle":0.0,"axis":"x","origin":[-1.9000006,12.8,8.0]},"faces":{"down":{"uv":[0.68421054,0.0,0.6315789,0.05263158],"rotation":0,"texture":"#0","tintindex":0},"east":{"uv":[0.5263158,0.05263158,0.57894737,0.15789473],"rotation":0,"texture":"#0","tintindex":0},"north":{"uv":[0.57894737,0.05263158,0.6315789,0.15789473],"rotation":0,"texture":"#0","tintindex":0},"south":{"uv":[0.68421054,0.05263158,0.7368421,0.15789473],"rotation":0,"texture":"#0","tintindex":0},"up":{"uv":[0.6315789,0.05263158,0.57894737,0.0],"rotation":0,"texture":"#0","tintindex":0},"west":{"uv":[0.6315789,0.05263158,0.68421054,0.15789473],"rotation":0,"texture":"#0","tintindex":0}}},{"name":"body17","from":[-1.9000006,12.2,8.6],"to":[-1.3000002,13.400001,9.2],"rotation":{"angle":0.0,"axis":"x","origin":[-1.9000006,12.8,8.6]},"faces":{"down":{"uv":[0.15789473,0.0,0.10526316,0.05263158],"rotation":0,"texture":"#0","tintindex":0},"east":{"uv":[0.0,0.05263158,0.05263158,0.15789473],"rotation":0,"texture":"#0","tintindex":0},"north":{"uv":[0.05263158,0.05263158,0.10526316,0.15789473],"rotation":0,"texture":"#0","tintindex":0},"south":{"uv":[0.15789473,0.05263158,0.21052632,0.15789473],"rotation":0,"texture":"#0","tintindex":0},"up":{"uv":[0.10526316,0.05263158,0.05263158,0.0],"rotation":0,"texture":"#0","tintindex":0},"west":{"uv":[0.10526316,0.05263158,0.15789473,0.15789473],"rotation":0,"texture":"#0","tintindex":0}}},{"name":"body17","from":[17.900002,12.2,8.0],"to":[18.5,13.400001,8.6],"rotation":{"angle":0.0,"axis":"x","origin":[18.5,12.8,8.0]},"faces":{"down":{"uv":[0.6315789,0.0,0.68421054,0.05263158],"rotation":0,"texture":"#0","tintindex":0},"east":{"uv":[0.68421054,0.05263158,0.6315789,0.15789473],"rotation":0,"texture":"#0","tintindex":0},"north":{"uv":[0.6315789,0.05263158,0.57894737,0.15789473],"rotation":0,"texture":"#0","tintindex":0},"south":{"uv":[0.7368421,0.05263158,0.68421054,0.15789473],"rotation":0,"texture":"#0","tintindex":0},"up":{"uv":[0.57894737,0.05263158,0.6315789,0.0],"rotation":0,"texture":"#0","tintindex":0},"west":{"uv":[0.57894737,0.05263158,0.5263158,0.15789473],"rotation":0,"texture":"#0","tintindex":0}}},{"name":"body17","from":[17.900002,13.400001,8.0],"to":[18.5,19.400002,11.6],"rotation":{"angle":22.5,"axis":"y","origin":[18.5,11.6,8.0]},"faces":{"down":{"uv":[1.6315789,0.7894737,1.6842105,1.2631578],"rotation":0,"texture":"#0","tintindex":0},"east":{"uv":[2.1052632,1.2631578,1.6315789,1.7894737],"rotation":0,"texture":"#0","tintindex":0},"north":{"uv":[1.6315789,1.2631578,1.5789474,1.7894737],"rotation":0,"texture":"#0","tintindex":0},"south":{"uv":[2.1578948,1.2631578,2.1052632,1.7894737],"rotation":0,"texture":"#0","tintindex":0},"up":{"uv":[1.5789474,1.2631578,1.6315789,0.7894737],"rotation":0,"texture":"#0","tintindex":0},"west":{"uv":[1.5789474,1.2631578,1.1052631,1.7894737],"rotation":0,"texture":"#0","tintindex":0}}},{"name":"body17","from":[17.900002,12.2,8.6],"to":[18.5,13.400001,9.2],"rotation":{"angle":0.0,"axis":"x","origin":[18.5,12.8,8.6]},"faces":{"down":{"uv":[0.10526316,0.0,0.15789473,0.05263158],"rotation":0,"texture":"#0","tintindex":0},"east":{"uv":[0.15789473,0.05263158,0.10526316,0.15789473],"rotation":0,"texture":"#0","tintindex":0},"north":{"uv":[0.10526316,0.05263158,0.05263158,0.15789473],"rotation":0,"texture":"#0","tintindex":0},"south":{"uv":[0.21052632,0.05263158,0.15789473,0.15789473],"rotation":0,"texture":"#0","tintindex":0},"up":{"uv":[0.05263158,0.05263158,0.10526316,0.0],