{"textures":{"0":"modelengine:entity/cop_car"},"elements":[{"name":"body5","from":[-5.200001,8.0,8.0],"to":[21.2,12.8,9.2],"rotation":{"angle":0.0,"axis":"x","origin":[8.0,-14.8,28.400002]},"faces":{"down":{"uv":[13.473684,4.684211,11.157895,4.7894735],"rotation":0,"texture":"#0","tintindex":0},"east":{"uv":[8.736842,4.7894735,8.842105,5.2105265],"rotation":0,"texture":"#0","tintindex":0},"north":{"uv":[8.842105,4.7894735,11.157895,5.2105265],"rotation":0,"texture":"#0","tintindex":0},"south":{"uv":[11.263158,4.7894735,13.578947,5.2105265],"rotation":0,"texture":"#0","tintindex":0},"up":{"uv":[11.157895,4.7894735,8.842105,4.684211],"rotation":0,"texture":"#0","tintindex":0},"west":{"uv":[11.157895,4.7894735,11.263158,5.2105265],"rotation":0,"texture":"#0","tintindex":0}}}],"display":{"head":{"translation":[0.0,-6.4,0.0],"rotation":[0.0,0.0,0.0],"scale":[3.8095,3.8095,3.8095]}}}