{"textures":{"0":"modelengine:entity/cop_car"},"elements":[{"name":"body13","from":[6.146,6.173,1.3729997],"to":[32.0,8.027,8.027],"rotation":{"angle":0.0,"axis":"x","origin":[19.073002,-4.6000004,24.8]},"faces":{"down":{"uv":[5.105263,4.9473686,2.8421054,5.5263157],"rotation":0,"texture":"#0","tintindex":0},"east":{"uv":[0.0,5.5263157,0.57894737,5.684211],"rotation":0,"texture":"#0","tintindex":0},"north":{"uv":[0.57894737,5.5263157,2.8421054,5.684211],"rotation":0,"texture":"#0","tintindex":0},"south":{"uv":[3.4210527,5.5263157,5.684211,5.684211],"rotation":0,"texture":"#0","tintindex":0},"up":{"uv":[2.8421054,5.5263157,0.57894737,4.9473686],"rotation":0,"texture":"#0","tintindex":0},"west":{"uv":[2.8421054,5.5263157,3.4210527,5.684211],"rotation":0,"texture":"#0","tintindex":0}}},{"name":"body13","from":[6.1730003,7.4,0.2599988],"to":[12.773001,8.0,6.86],"rotation":{"angle":0.0,"axis":"x","origin":[6.1730003,8.0,1.3999997]},"faces":{"down":{"uv":[3.8947368,12.894737,3.3157895,13.473684],"rotation":0,"texture":"#0","tintindex":0},"east":{"uv":[2.1578948,13.473684,2.7368422,13.526316],"rotation":0,"texture":"#0","tintindex":0},"north":{"uv":[2.7368422,13.473684,3.3157895,13.526316],"rotation":0,"texture":"#0","tintindex":0},"south":{"uv":[3.8947368,13.473684,4.4736843,13.526316],"rotation":0,"texture":"#0","tintindex":0},"up":{"uv":[3.3157895,13.473684,2.7368422,12.894737],"rotation":0,"texture":"#0","tintindex":0},"west":{"uv":[3.3157895,13.473684,3.8947368,13.526316],"rotation":0,"texture":"#0","tintindex":0}}},{"name":"body13","from":[25.373001,7.4,0.19999981],"to":[31.973,8.0,6.8],"rotation":{"angle":0.0,"axis":"x","origin":[31.973,8.0,1.3999997]},"faces":{"down":{"uv":[3.3157895,12.894737,3.8947368,13.473684],"rotation":0,"texture":"#0","tintindex":0},"east":{"uv":[3.8947368,13.473684,3.3157895,13.526316],"rotation":0,"texture":"#0","tintindex":0},"north":{"uv":[3.3157895,13.473684,2.7368422,13.526316],"rotation":0,"texture":"#0","tintindex":0},"south":{"uv":[4.4736843,13.473684,3.8947368,13.526316],"rotation":0,"texture":"#0","tintindex":0},"up":{"uv":[2.7368422,13.473684,3.3157895,12.894737],"rotation":0,"texture":"#0","tintindex":0},"west":{"uv":[2.7368422,13.473684,2.1578948,13.526316],"rotation":0,"texture":"#0","tintindex":0}}}],"display":{"head":{"translation":[1.2207987,-6.4,0.0],"rotation":[0.0,0.0,0.0],"scale":[3.8095,3.8095,3.8095]}}}