{"textures":{"0":"modelengine:entity/cop_car"},"elements":[{"name":"body4","from":[-5.224001,7.976,7.976],"to":[21.224003,12.824,9.224],"rotation":{"angle":0.0,"axis":"x","origin":[8.0,-10.000001,28.400002]},"faces":{"down":{"uv":[9.578947,9.0,7.263158,9.105263],"rotation":0,"texture":"#0","tintindex":0},"east":{"uv":[4.8421054,9.105263,4.9473686,9.526316],"rotation":0,"texture":"#0","tintindex":0},"north":{"uv":[4.9473686,9.105263,7.263158,9.526316],"rotation":0,"texture":"#0","tintindex":0},"south":{"uv":[7.368421,9.105263,9.684211,9.526316],"rotation":0,"texture":"#0","tintindex":0},"up":{"uv":[7.263158,9.105263,4.9473686,9.0],"rotation":0,"texture":"#0","tintindex":0},"west":{"uv":[7.263158,9.105263,7.368421,9.526316],"rotation":0,"texture":"#0","tintindex":0}}}],"display":{"head":{"translation":[0.0,-6.4,0.0],"rotation":[0.0,0.0,0.0],"scale":[3.8095,3.8095,3.8095]}}}