{"textures":{"0":"modelengine:entity/cop_car"},"elements":[{"name":"body22","from":[12.200001,4.3999996,3.7999997],"to":[26.0,7.4,8.0],"rotation":{"angle":0.0,"axis":"x","origin":[19.100002,-4.6000004,-26.2]},"faces":{"down":{"uv":[10.578947,12.0,9.368422,12.368422],"rotation":0,"texture":"#0","tintindex":0},"east":{"uv":[7.7894735,12.368422,8.157895,12.631579],"rotation":0,"texture":"#0","tintindex":0},"north":{"uv":[8.157895,12.368422,9.368422,12.631579],"rotation":0,"texture":"#0","tintindex":0},"south":{"uv":[9.736842,12.368422,10.947369,12.631579],"rotation":0,"texture":"#0","tintindex":0},"up":{"uv":[9.368422,12.368422,8.157895,12.0],"rotation":0,"texture":"#0","tintindex":0},"west":{"uv":[9.368422,12.368422,9.736842,12.631579],"rotation":0,"texture":"#0","tintindex":0}}},{"name":"body22","from":[26.0,4.3999996,3.7999997],"to":[30.800003,7.4,8.0],"rotation":{"angle":0.0,"axis":"x","origin":[26.0,8.0,8.0]},"faces":{"down":{"uv":[8.052631,13.210526,7.631579,13.578947],"rotation":0,"texture":"#0","tintindex":0},"east":{"uv":[6.8421054,13.578947,7.2105265,13.842105],"rotation":0,"texture":"#0","tintindex":0},"north":{"uv":[7.2105265,13.578947,7.631579,13.842105],"rotation":0,"texture":"#0","tintindex":0},"south":{"uv":[8.0,13.578947,8.421053,13.842105],"rotation":0,"texture":"#0","tintindex":0},"up":{"uv":[7.631579,13.578947,7.2105265,13.210526],"rotation":0,"texture":"#0","tintindex":0},"west":{"uv":[7.631579,13.578947,8.0,13.842105],"rotation":0,"texture":"#0","tintindex":0}}},{"name":"body22","from":[7.4000006,4.3999996,3.7999997],"to":[12.200001,7.4,8.0],"rotation":{"angle":0.0,"axis":"x","origin":[12.200001,8.0,8.0]},"faces":{"down":{"uv":[14.263158,8.894737,13.842105,9.263158],"rotation":0,"texture":"#0","tintindex":0},"east":{"uv":[13.052631,9.263158,13.421053,9.526316],"rotation":0,"texture":"#0","tintindex":0},"north":{"uv":[13.421053,9.263158,13.842105,9.526316],"rotation":0,"texture":"#0","tintindex":0},"south":{"uv":[14.210526,9.263158,14.631579,9.526316],"rotation":0,"texture":"#0","tintindex":0},"up":{"uv":[13.842105,9.263158,13.421053,8.894737],"rotation":0,"texture":"#0","tintindex":0},"west":{"uv":[13.842105,9.263158,14.210526,9.526316],"rotation":0,"texture":"#0","tintindex":0}}},{"name":"body22","from":[6.200001,3.7999997,3.7999997],"to":[7.4000006,8.0,8.0],"rotation":{"angle":0.0,"axis":"x","origin":[19.100002,-4.6000004,-26.2]},"faces":{"down":{"uv":[3.631579,13.684211,3.526316,14.052631],"rotation":0,"texture":"#0","tintindex":0},"east":{"uv":[3.0526316,14.052631,3.4210527,14.421053],"rotation":0,"texture":"#0","tintindex":0},"north":{"uv":[3.4210527,14.052631,3.526316,14.421053],"rotation":0,"texture":"#0","tintindex":0},"south":{"uv":[3.8947368,14.052631,4.0,14.421053],"rotation":0,"texture":"#0","tintindex":0},"up":{"uv":[3.526316,14.052631,3.4210527,13.684211],"rotation":0,"texture":"#0","tintindex":0},"west":{"uv":[3.526316,14.052631,3.8947368,14.421053],"rotation":0,"texture":"#0","tintindex":0}}},{"name":"body22","from":[30.800003,3.7999997,3.7999997],"to":[32.0,8.0,8.0],"rotation":{"angle":0.0,"axis":"x","origin":[19.100002,-4.6000004,-26.2]},"faces":{"down":{"uv":[12.578947,13.578947,12.473684,13.947369],"rotation":0,"texture":"#0","tintindex":0},"east":{"uv":[12.0,13.947369,12.368422,14.315789],"rotation":0,"texture":"#0","tintindex":0},"north":{"uv":[12.368422,13.947369,12.473684,14.315789],"rotation":0,"texture":"#0","tintindex":0},"south":{"uv":[12.842105,13.947369,12.947369,14.315789],"rotation":0,"texture":"#0","tintindex":0},"up":{"uv":[12.473684,13.947369,12.368422,13.578947],"rotation":0,"texture":"#0","tintindex":0},"west":{"uv":[12.473684,13.947369,12.842105,14.315789],"rotation":0,"texture":"#0","tintindex":0}}}],"display":{"head":{"translation":[1.1199971,-6.4,0.0],"rotation":[0.0,0.0,0.0],"scale":[3.8095,3.8095,3.8095]}}}