{"textures":{"0":"modelengine:entity/cop_car"},"elements":[{"name":"body23","from":[7.321999,7.361,7.961],"to":[30.8,8.039,14.638999],"rotation":{"angle":0.0,"axis":"x","origin":[19.061,-4.6000004,-19.600002]},"faces":{"down":{"uv":[11.526316,0.84210527,9.473684,1.4210527],"rotation":0,"texture":"#0","tintindex":0},"east":{"uv":[6.8421054,1.4210527,7.4210525,1.4736842],"rotation":0,"texture":"#0","tintindex":0},"north":{"uv":[7.4210525,1.4210527,9.473684,1.4736842],"rotation":0,"texture":"#0","tintindex":0},"south":{"uv":[10.052631,1.4210527,12.105264,1.4736842],"rotation":0,"texture":"#0","tintindex":0},"up":{"uv":[9.473684,1.4210527,7.4210525,0.84210527],"rotation":0,"texture":"#0","tintindex":0},"west":{"uv":[9.473684,1.4210527,10.052631,1.4736842],"rotation":0,"texture":"#0","tintindex":0}}},{"name":"body23","from":[6.760999,7.4,14.0],"to":[31.361,8.6,14.6],"rotation":{"angle":22.5,"axis":"x","origin":[7.360999,7.4,14.6]},"faces":{"down":{"uv":[14.263158,8.315789,12.105264,8.368422],"rotation":0,"texture":"#0","tintindex":0},"east":{"uv":[9.894737,8.368422,9.947369,8.473684],"rotation":0,"texture":"#0","tintindex":0},"north":{"uv":[9.947369,8.368422,12.105264,8.473684],"rotation":0,"texture":"#0","tintindex":0},"south":{"uv":[12.157895,8.368422,14.315789,8.473684],"rotation":0,"texture":"#0","tintindex":0},"up":{"uv":[12.105264,8.368422,9.947369,8.315789],"rotation":0,"texture":"#0","tintindex":0},"west":{"uv":[12.105264,8.368422,12.157895,8.473684],"rotation":0,"texture":"#0","tintindex":0}}},{"name":"body23","from":[6.1219993,5.561,7.961],"to":[7.399999,8.039,14.638999],"rotation":{"angle":0.0,"axis":"x","origin":[19.061,-4.6000004,-19.600002]},"faces":{"down":{"uv":[14.052631,0.0,13.947369,0.57894737],"rotation":0,"texture":"#0","tintindex":0},"east":{"uv":[13.263158,0.57894737,13.842105,0.7894737],"rotation":0,"texture":"#0","tintindex":0},"north":{"uv":[13.842105,0.57894737,13.947369,0.7894737],"rotation":0,"texture":"#0","tintindex":0},"south":{"uv":[14.526316,0.57894737,14.631579,0.7894737],"rotation":0,"texture":"#0","tintindex":0},"up":{"uv":[13.947369,0.57894737,13.842105,0.0],"rotation":0,"texture":"#0","tintindex":0},"west":{"uv":[13.947369,0.57894737,14.526316,0.7894737],"rotation":0,"texture":"#0","tintindex":0}}},{"name":"body23","from":[30.722,5.561,7.961],"to":[32.0,8.039,14.638999],"rotation":{"angle":0.0,"axis":"x","origin":[19.061,-4.6000004,-19.600002]},"faces":{"down":{"uv":[11.421053,13.210526,11.315789,13.789474],"rotation":0,"texture":"#0","tintindex":0},"east":{"uv":[10.631579,13.789474,11.210526,14.0],"rotation":0,"texture":"#0","tintindex":0},"north":{"uv":[11.210526,13.789474,11.315789,14.0],"rotation":0,"texture":"#0","tintindex":0},"south":{"uv":[11.894737,13.789474,12.0,14.0],"rotation":0,"texture":"#0","tintindex":0},"up":{"uv":[11.315789,13.789474,11.210526,13.210526],"rotation":0,"texture":"#0","tintindex":0},"west":{"uv":[11.315789,13.789474,11.894737,14.0],"rotation":0,"texture":"#0","tintindex":0}}}],"display":{"head":{"translation":[1.2656026,-6.4,0.0],"rotation":[0.0,0.0,0.0],"scale":[3.8095,3.8095,3.8095]}}}