{"textures":{"0":"modelengine:entity/cop_car"},"elements":[{"name":"body7","from":[-5.2060003,7.994,7.994],"to":[21.206001,12.806001,9.206],"rotation":{"angle":0.0,"axis":"x","origin":[8.0,1.3999997,-8.8]},"faces":{"down":{"uv":[9.578947,8.473684,7.263158,8.578947],"rotation":0,"texture":"#0","tintindex":0},"east":{"uv":[4.8421054,8.578947,4.9473686,9.0],"rotation":0,"texture":"#0","tintindex":0},"north":{"uv":[4.9473686,8.578947,7.263158,9.0],"rotation":0,"texture":"#0","tintindex":0},"south":{"uv":[7.368421,8.578947,9.684211,9.0],"rotation":0,"texture":"#0","tintindex":0},"up":{"uv":[7.263158,8.578947,4.9473686,8.473684],"rotation":0,"texture":"#0","tintindex":0},"west":{"uv":[7.263158,8.578947,7.368421,9.0],"rotation":0,"texture":"#0","tintindex":0}}}],"display":{"head":{"translation":[0.0,-6.4,0.0],"rotation":[0.0,0.0,0.0],"scale":[3.8095,3.8095,3.8095]}}}