{"textures":{"0":"modelengine:entity/cop_car"},"elements":[{"name":"body9","from":[-5.1940002,8.0060005,8.0060005],"to":[21.194,12.794,9.194],"rotation":{"angle":0.0,"axis":"x","origin":[8.0,-10.000001,-8.8]},"faces":{"down":{"uv":[4.736842,8.157895,2.4210527,8.263158],"rotation":0,"texture":"#0","tintindex":0},"east":{"uv":[0.0,8.263158,0.10526316,8.684211],"rotation":0,"texture":"#0","tintindex":0},"north":{"uv":[0.10526316,8.263158,2.4210527,8.684211],"rotation":0,"texture":"#0","tintindex":0},"south":{"uv":[2.5263157,8.263158,4.8421054,8.684211],"rotation":0,"texture":"#0","tintindex":0},"up":{"uv":[2.4210527,8.263158,0.10526316,8.157895],"rotation":0,"texture":"#0","tintindex":0},"west":{"uv":[2.4210527,8.263158,2.5263157,8.684211],"rotation":0,"texture":"#0","tintindex":0}}}],"display":{"head":{"translation":[0.0,-6.4,0.0],"rotation":[0.0,0.0,0.0],"scale":[3.8095,3.8095,3.8095]}}}