{"textures":{"0":"modelengine:entity/cop_car"},"elements":[{"name":"body41","from":[6.6800003,8.360001,6.98],"to":[8.12,9.8,10.82],"rotation":{"angle":0.0,"axis":"x","origin":[13.7,0.55999994,12.2]},"faces":{"down":{"uv":[1.4736842,14.0,1.3157895,14.368422],"rotation":0,"texture":"#0","tintindex":0},"east":{"uv":[0.7894737,14.368422,1.1578947,14.526316],"rotation":0,"texture":"#0","tintindex":0},"north":{"uv":[1.1578947,14.368422,1.3157895,14.526316],"rotation":0,"texture":"#0","tintindex":0},"south":{"uv":[1.6842105,14.368422,1.8421053,14.526316],"rotation":0,"texture":"#0","tintindex":0},"up":{"uv":[1.3157895,14.368422,1.1578947,14.0],"rotation":0,"texture":"#0","tintindex":0},"west":{"uv":[1.3157895,14.368422,1.6842105,14.526316],"rotation":0,"texture":"#0","tintindex":0}}}],"display":{"head":{"translation":[0.0,-6.4,0.0],"rotation":[0.0,0.0,0.0],"scale":[3.8095,3.8095,3.8095]}}}