{"textures":{"0":"modelengine:entity/cop_car"},"elements":[{"name":"body12","from":[-1.9000006,8.0,8.0],"to":[18.5,24.8,8.6],"rotation":{"angle":0.0,"axis":"x","origin":[8.3,-14.200002,15.8]},"faces":{"down":{"uv":[12.578947,9.684211,10.789474,9.736842],"rotation":0,"texture":"#0","tintindex":0},"east":{"uv":[8.947369,9.736842,9.0,11.210526],"rotation":0,"texture":"#0","tintindex":0},"north":{"uv":[9.0,9.736842,10.789474,11.210526],"rotation":0,"texture":"#0","tintindex":0},"south":{"uv":[10.842105,9.736842,12.631579,11.210526],"rotation":0,"texture":"#0","tintindex":0},"up":{"uv":[10.789474,9.736842,9.0,9.684211],"rotation":0,"texture":"#0","tintindex":0},"west":{"uv":[10.789474,9.736842,10.842105,11.210526],"rotation":0,"texture":"#0","tintindex":0}}}],"display":{"head":{"translation":[0.0,-6.4,0.0],"rotation":[0.0,0.0,0.0],"scale":[3.8095,3.8095,3.8095]}}}