{"textures":{"0":"modelengine:entity/cop_car"},"elements":[{"name":"body8","from":[-5.200001,8.0,8.0],"to":[21.2,14.6,9.2],"rotation":{"angle":0.0,"axis":"x","origin":[8.0,-3.4000006,-8.8]},"faces":{"down":{"uv":[11.578947,1.4736842,9.263158,1.5789474],"rotation":0,"texture":"#0","tintindex":0},"east":{"uv":[6.8421054,1.5789474,6.9473686,2.1578948],"rotation":0,"texture":"#0","tintindex":0},"north":{"uv":[6.9473686,1.5789474,9.263158,2.1578948],"rotation":0,"texture":"#0","tintindex":0},"south":{"uv":[9.368422,1.5789474,11.684211,2.1578948],"rotation":0,"texture":"#0","tintindex":0},"up":{"uv":[9.263158,1.5789474,6.9473686,1.4736842],"rotation":0,"texture":"#0","tintindex":0},"west":{"uv":[9.263158,1.5789474,9.368422,2.1578948],"rotation":0,"texture":"#0","tintindex":0}}}],"display":{"head":{"translation":[0.0,-6.4,0.0],"rotation":[0.0,0.0,0.0],"scale":[3.8095,3.8095,3.8095]}}}