{"textures":{"0":"modelengine:entity/cop_car"},"elements":[{"name":"body16","from":[6.139998,7.37,10.37],"to":[32.0,8.030001,18.83],"rotation":{"angle":0.0,"axis":"x","origin":[19.07,-4.6000004,-8.8]},"faces":{"down":{"uv":[5.263158,3.4210527,3.0,4.1578946],"rotation":0,"texture":"#0","tintindex":0},"east":{"uv":[0.0,4.1578946,0.7368421,4.2105265],"rotation":0,"texture":"#0","tintindex":0},"north":{"uv":[0.7368421,4.1578946,3.0,4.2105265],"rotation":0,"texture":"#0","tintindex":0},"south":{"uv":[3.7368422,4.1578946,6.0,4.2105265],"rotation":0,"texture":"#0","tintindex":0},"up":{"uv":[3.0,4.1578946,0.7368421,3.4210527],"rotation":0,"texture":"#0","tintindex":0},"west":{"uv":[3.0,4.1578946,3.7368422,4.2105265],"rotation":0,"texture":"#0","tintindex":0}}},{"name":"body16","from":[7.9699984,-2.8000002,10.4],"to":[30.169998,8.0,11.6],"rotation":{"angle":22.5,"axis":"x","origin":[31.969997,8.0,10.4]},"faces":{"down":{"uv":[8.842105,9.526316,6.894737,9.631579],"rotation":0,"texture":"#0","tintindex":0},"east":{"uv":[4.8421054,9.631579,4.9473686,10.578947],"rotation":0,"texture":"#0","tintindex":0},"north":{"uv":[4.9473686,9.631579,6.894737,10.578947],"rotation":0,"texture":"#0","tintindex":0},"south":{"uv":[7.0,9.631579,8.947369,10.578947],"rotation":0,"texture":"#0","tintindex":0},"up":{"uv":[6.894737,9.631579,4.9473686,9.526316],"rotation":0,"texture":"#0","tintindex":0},"west":{"uv":[6.894737,9.631579,7.0,10.578947],"rotation":0,"texture":"#0","tintindex":0}}}],"display":{"head":{"translation":[1.2320068,-6.4,0.0],"rotation":[0.0,0.0,0.0],"scale":[3.8095,3.8095,3.8095]}}}