{"textures":{"0":"modelengine:entity/cop_car"},"elements":[{"name":"body21","from":[9.2,8.0,7.85],"to":[10.4,17.6,7.85],"rotation":{"angle":0.0,"axis":"x","origin":[20.600002,-4.6000004,15.650001]},"faces":{"down":{"uv":[12.368422,14.315789,12.263158,14.315789],"rotation":0,"texture":"#0","tintindex":0},"east":{"uv":[12.157895,14.315789,12.157895,15.157895],"rotation":0,"texture":"#0","tintindex":0},"north":{"uv":[12.157895,14.315789,12.263158,15.157895],"rotation":0,"texture":"#0","tintindex":0},"south":{"uv":[12.263158,14.315789,12.368422,15.157895],"rotation":0,"texture":"#0","tintindex":0},"up":{"uv":[12.263158,14.315789,12.157895,14.315789],"rotation":0,"texture":"#0","tintindex":0},"west":{"uv":[12.263158,14.315789,12.263158,15.157895],"rotation":0,"texture":"#0","tintindex":0}}},{"name":"body21","from":[8.0,8.0,7.85],"to":[9.2,17.6,8.45],"rotation":{"angle":0.0,"axis":"x","origin":[20.600002,-4.6000004,15.650001]},"faces":{"down":{"uv":[0.7894737,10.631579,0.68421054,10.684211],"rotation":0,"texture":"#0","tintindex":0},"east":{"uv":[0.5263158,10.684211,0.57894737,11.526316],"rotation":0,"texture":"#0","tintindex":0},"north":{"uv":[0.57894737,10.684211,0.68421054,11.526316],"rotation":0,"texture":"#0","tintindex":0},"south":{"uv":[0.7368421,10.684211,0.84210527,11.526316],"rotation":0,"texture":"#0","tintindex":0},"up":{"uv":[0.68421054,10.684211,0.57894737,10.631579],"rotation":0,"texture":"#0","tintindex":0},"west":{"uv":[0.68421054,10.684211,0.7368421,11.526316],"rotation":0,"texture":"#0","tintindex":0}}},{"name":"body21","from":[8.030001,8.030001,8.15],"to":[9.17,16.970001,8.69],"rotation":{"angle":0.0,"axis":"x","origin":[8.6,12.5,8.12]},"faces":{"down":{"uv":[12.105264,14.315789,12.0,14.368422],"rotation":0,"texture":"#0","tintindex":0},"east":{"uv":[11.842105,14.368422,11.894737,15.157895],"rotation":0,"texture":"#0","tintindex":0},"north":{"uv":[11.894737,14.368422,12.0,15.157895],"rotation":0,"texture":"#0","tintindex":0},"south":{"uv":[12.052631,14.368422,12.157895,15.157895],"rotation":0,"texture":"#0","tintindex":0},"up":{"uv":[12.0,14.368422,11.894737,14.315789],"rotation":0,"texture":"#0","tintindex":0},"west":{"uv":[12.0,14.368422,12.052631,15.157895],"rotation":0,"texture":"#0","tintindex":0}}}],"display":{"head":{"translation":[0.0,-6.4,0.0],"rotation":[0.0,0.0,0.0],"scale":[3.8095,3.8095,3.8095]}}}