{"textures":{"0":"modelengine:entity/cop_car"},"elements":[{"name":"body20","from":[5.6,8.0,7.85],"to":[6.8,17.6,7.85],"rotation":{"angle":0.0,"axis":"x","origin":[-4.6000004,-4.6000004,15.650001]},"faces":{"down":{"uv":[12.263158,14.315789,12.368422,14.315789],"rotation":0,"texture":"#0","tintindex":0},"east":{"uv":[12.263158,14.315789,12.263158,15.157895],"rotation":0,"texture":"#0","tintindex":0},"north":{"uv":[12.263158,14.315789,12.157895,15.157895],"rotation":0,"texture":"#0","tintindex":0},"south":{"uv":[12.368422,14.315789,12.263158,15.157895],"rotation":0,"texture":"#0","tintindex":0},"up":{"uv":[12.157895,14.315789,12.263158,14.315789],"rotation":0,"texture":"#0","tintindex":0},"west":{"uv":[12.157895,14.315789,12.157895,15.157895],"rotation":0,"texture":"#0","tintindex":0}}},{"name":"body20","from":[6.8,8.0,7.85],"to":[8.0,17.6,8.45],"rotation":{"angle":0.0,"axis":"x","origin":[-4.6000004,-4.6000004,15.650001]},"faces":{"down":{"uv":[0.68421054,10.631579,0.7894737,10.684211],"rotation":0,"texture":"#0","tintindex":0},"east":{"uv":[0.7368421,10.684211,0.68421054,11.526316],"rotation":0,"texture":"#0","tintindex":0},"north":{"uv":[0.68421054,10.684211,0.57894737,11.526316],"rotation":0,"texture":"#0","tintindex":0},"south":{"uv":[0.84210527,10.684211,0.7368421,11.526316],"rotation":0,"texture":"#0","tintindex":0},"up":{"uv":[0.57894737,10.684211,0.68421054,10.631579],"rotation":0,"texture":"#0","tintindex":0},"west":{"uv":[0.57894737,10.684211,0.5263158,11.526316],"rotation":0,"texture":"#0","tintindex":0}}},{"name":"body20","from":[6.83,8.030001,8.15],"to":[7.97,16.970001,8.69],"rotation":{"angle":0.0,"axis":"x","origin":[7.4,12.5,8.12]},"faces":{"down":{"uv":[12.0,14.315789,12.105264,14.368422],"rotation":0,"texture":"#0","tintindex":0},"east":{"uv":[12.052631,14.368422,12.0,15.157895],"rotation":0,"texture":"#0","tintindex":0},"north":{"uv":[12.0,14.368422,11.894737,15.157895],"rotation":0,"texture":"#0","tintindex":0},"south":{"uv":[12.157895,14.368422,12.052631,15.157895],"rotation":0,"texture":"#0","tintindex":0},"up":{"uv":[11.894737,14.368422,12.0,14.315789],"rotation":0,"texture":"#0","tintindex":0},"west":{"uv":[11.894737,14.368422,11.842105,15.157895],"rotation":0,"texture":"#0","tintindex":0}}}],"display":{"head":{"translation":[0.0,-6.4,0.0],"rotation":[0.0,0.0,0.0],"scale":[3.8095,3.8095,3.8095]}}}