{"textures":{"0":"modelengine:entity/cop_car"},"elements":[{"name":"cop0","from":[-2.2000003,8.100003,6.2],"to":[18.2,9.900003,9.8],"rotation":{"angle":0.0,"axis":"x","origin":[8.0,-11.699998,-0.40000033]},"faces":{"down":{"uv":[14.421053,3.9473684,12.631579,4.263158],"rotation":0,"texture":"#0","tintindex":0},"east":{"uv":[10.526316,4.263158,10.842105,4.4210525],"rotation":0,"texture":"#0","tintindex":0},"north":{"uv":[10.842105,4.263158,12.631579,4.4210525],"rotation":0,"texture":"#0","tintindex":0},"south":{"uv":[12.947369,4.263158,14.736842,4.4210525],"rotation":0,"texture":"#0","tintindex":0},"up":{"uv":[12.631579,4.263158,10.842105,3.9473684],"rotation":0,"texture":"#0","tintindex":0},"west":{"uv":[12.631579,4.263158,12.947369,4.4210525],"rotation":0,"texture":"#0","tintindex":0}}},{"name":"cop0","from":[0.20599985,6.906003,6.8059998],"to":[0.7939997,8.094003,9.194],"rotation":{"angle":0.0,"axis":"x","origin":[8.0,-11.699998,-0.40000033]},"faces":{"down":{"uv":[5.4210525,4.9473686,5.368421,5.1578946],"rotation":0,"texture":"#0","tintindex":0},"east":{"uv":[5.105263,5.1578946,5.3157897,5.263158],"rotation":0,"texture":"#0","tintindex":0},"north":{"uv":[5.3157897,5.1578946,5.368421,5.263158],"rotation":0,"texture":"#0","tintindex":0},"south":{"uv":[5.5789475,5.1578946,5.631579,5.263158],"rotation":0,"texture":"#0","tintindex":0},"up":{"uv":[5.368421,5.1578946,5.3157897,4.9473686],"rotation":0,"texture":"#0","tintindex":0},"west":{"uv":[5.368421,5.1578946,5.5789475,5.263158],"rotation":0,"texture":"#0","tintindex":0}}},{"name":"cop0","from":[15.206,6.906003,6.8059998],"to":[15.794001,8.094003,9.194],"rotation":{"angle":0.0,"axis":"x","origin":[8.0,-11.699998,-0.40000033]},"faces":{"down":{"uv":[2.0,1.7894737,1.9473684,2.0],"rotation":0,"texture":"#0","tintindex":0},"east":{"uv":[1.6842105,2.0,1.8947369,2.1052632],"rotation":0,"texture":"#0","tintindex":0},"north":{"uv":[1.8947369,2.0,1.9473684,2.1052632],"rotation":0,"texture":"#0","tintindex":0},"south":{"uv":[2.1578948,2.0,2.2105262,2.1052632],"rotation":0,"texture":"#0","tintindex":0},"up":{"uv":[1.9473684,2.0,1.8947369,1.7894737],"rotation":0,"texture":"#0","tintindex":0},"west":{"uv":[1.9473684,2.0,2.1578948,2.1052632],"rotation":0,"texture":"#0","tintindex":0}}}],"display":{"head":{"translation":[0.0,-6.4,0.0],"rotation":[0.0,0.0,0.0],"scale":[3.8095,3.8095,3.8095]}}}