{"textures":{"0":"modelengine:entity/cop_car"},"elements":[{"name":"d3","from":[7.4,8.0,7.4],"to":[8.0,14.0,8.0],"rotation":{"angle":0.0,"axis":"x","origin":[-4.2400002,-4.6000004,0.7999997]},"faces":{"down":{"uv":[6.9473686,0.84210527,7.0,0.8947368],"rotation":0,"texture":"#0","tintindex":0},"east":{"uv":[7.0,0.8947368,6.9473686,1.4210527],"rotation":0,"texture":"#0","tintindex":0},"north":{"uv":[6.9473686,0.8947368,6.894737,1.4210527],"rotation":0,"texture":"#0","tintindex":0},"south":{"uv":[7.052632,0.8947368,7.0,1.4210527],"rotation":0,"texture":"#0","tintindex":0},"up":{"uv":[6.894737,0.8947368,6.9473686,0.84210527],"rotation":0,"texture":"#0","tintindex":0},"west":{"uv":[6.894737,0.8947368,6.8421054,1.4210527],"rotation":0,"texture":"#0","tintindex":0}}},{"name":"d3","from":[8.0,8.0,8.0],"to":[8.0,13.400001,17.0],"rotation":{"angle":0.0,"axis":"x","origin":[-4.2400002,-4.6000004,0.7999997]},"faces":{"down":{"uv":[0.7894737,0.0,0.7894737,0.7894737],"rotation":0,"texture":"#0","tintindex":0},"east":{"uv":[0.0,0.7894737,0.7894737,1.2631578],"rotation":0,"texture":"#0","tintindex":0},"north":{"uv":[0.7894737,0.7894737,0.7894737,1.2631578],"rotation":0,"texture":"#0","tintindex":0},"south":{"uv":[1.5789474,0.7894737,1.5789474,1.2631578],"rotation":0,"texture":"#0","tintindex":0},"up":{"uv":[0.7894737,0.7894737,0.7894737,0.0],"rotation":0,"texture":"#0","tintindex":0},"west":{"uv":[0.7894737,0.7894737,1.5789474,1.2631578],"rotation":0,"texture":"#0","tintindex":0}}},{"name":"d3","from":[7.8200006,9.08,14.0],"to":[7.8200006,9.68,19.400002],"rotation":{"angle":-22.5,"axis":"x","origin":[7.8200006,9.56,19.400002]},"faces":{"down":{"uv":[1.5263158,0.15789473,1.5263158,0.6315789],"rotation":0,"texture":"#0","tintindex":0},"east":{"uv":[1.0526316,0.6315789,1.5263158,0.68421054],"rotation":0,"texture":"#0","tintindex":0},"north":{"uv":[1.5263158,0.6315789,1.5263158,0.68421054],"rotation":0,"texture":"#0","tintindex":0},"south":{"uv":[2.0,0.6315789,2.0,0.68421054],"rotation":0,"texture":"#0","tintindex":0},"up":{"uv":[1.5263158,0.6315789,1.5263158,0.15789473],"rotation":0,"texture":"#0","tintindex":0},"west":{"uv":[1.5263158,0.6315789,2.0,0.68421054],"rotation":0,"texture":"#0","tintindex":0}}},{"name":"d3","from":[7.4,13.400001,8.0],"to":[8.0,14.0,17.0],"rotation":{"angle":0.0,"axis":"x","origin":[-4.2400002,-4.6000004,0.7999997]},"faces":{"down":{"uv":[2.5789473,10.631579,2.631579,11.421053],"rotation":0,"texture":"#0","tintindex":0},"east":{"uv":[3.368421,11.421053,2.5789473,11.473684],"rotation":0,"texture":"#0","tintindex":0},"north":{"uv":[2.5789473,11.421053,2.5263157,11.473684],"rotation":0,"texture":"#0","tintindex":0},"south":{"uv":[3.4210527,11.421053,3.368421,11.473684],"rotation":0,"texture":"#0","tintindex":0},"up":{"uv":[2.5263157,11.421053,2.5789473,10.631579],"rotation":0,"texture":"#0","tintindex":0},"west":{"uv":[2.5263157,11.421053,1.7368422,11.473684],"rotation":0,"texture":"#0","tintindex":0}}}],"display":{"head":{"translation":[0.0,-6.4,0.0],"rotation":[0.0,0.0,0.0],"scale":[3.8095,3.8095,3.8095]}}}