{"textures":{"0":"modelengine:entity/cop_car"},"elements":[{"name":"d4","from":[7.4,7.4,8.0],"to":[8.0,8.0,11.6],"rotation":{"angle":0.0,"axis":"x","origin":[-4.2400002,-10.6,-8.200001]},"faces":{"down":{"uv":[0.36842105,3.4210527,0.42105263,3.7368422],"rotation":0,"texture":"#0","tintindex":0},"east":{"uv":[0.68421054,3.7368422,0.36842105,3.7894738],"rotation":0,"texture":"#0","tintindex":0},"north":{"uv":[0.36842105,3.7368422,0.31578946,3.7894738],"rotation":0,"texture":"#0","tintindex":0},"south":{"uv":[0.7368421,3.7368422,0.68421054,3.7894738],"rotation":0,"texture":"#0","tintindex":0},"up":{"uv":[0.31578946,3.7368422,0.36842105,3.4210527],"rotation":0,"texture":"#0","tintindex":0},"west":{"uv":[0.31578946,3.7368422,0.0,3.7894738],"rotation":0,"texture":"#0","tintindex":0}}},{"name":"d4","from":[7.8800006,6.8,8.0],"to":[7.8800006,7.4,11.6],"rotation":{"angle":-22.5,"axis":"z","origin":[7.8800006,7.4,8.0]},"faces":{"down":{"uv":[0.31578946,0.31578946,0.31578946,0.6315789],"rotation":0,"texture":"#0","tintindex":0},"east":{"uv":[0.0,0.6315789,0.31578946,0.68421054],"rotation":0,"texture":"#0","tintindex":0},"north":{"uv":[0.31578946,0.6315789,0.31578946,0.68421054],"rotation":0,"texture":"#0","tintindex":0},"south":{"uv":[0.6315789,0.6315789,0.6315789,0.68421054],"rotation":0,"texture":"#0","tintindex":0},"up":{"uv":[0.31578946,0.6315789,0.31578946,0.31578946],"rotation":0,"texture":"#0","tintindex":0},"west":{"uv":[0.31578946,0.6315789,0.6315789,0.68421054],"rotation":0,"texture":"#0","tintindex":0}}}],"display":{"head":{"translation":[0.0,-6.4,0.0],"rotation":[0.0,0.0,0.0],"scale":[3.8095,3.8095,3.8095]}}}