{"textures":{"0":"modelengine:entity/cop_car"},"elements":[{"name":"d5","from":[7.4,3.7999997,7.4],"to":[8.0,8.0,8.0],"rotation":{"angle":0.0,"axis":"x","origin":[-4.2400002,-10.6,-11.800001]},"faces":{"down":{"uv":[1.8421053,0.0,1.8947369,0.05263158],"rotation":0,"texture":"#0","tintindex":0},"east":{"uv":[1.8947369,0.05263158,1.8421053,0.42105263],"rotation":0,"texture":"#0","tintindex":0},"north":{"uv":[1.8421053,0.05263158,1.7894737,0.42105263],"rotation":0,"texture":"#0","tintindex":0},"south":{"uv":[1.9473684,0.05263158,1.8947369,0.42105263],"rotation":0,"texture":"#0","tintindex":0},"up":{"uv":[1.7894737,0.05263158,1.8421053,0.0],"rotation":0,"texture":"#0","tintindex":0},"west":{"uv":[1.7894737,0.05263158,1.7368422,0.42105263],"rotation":0,"texture":"#0","tintindex":0}}},{"name":"d5","from":[7.8800006,3.7999997,6.8],"to":[7.8800006,8.0,7.4],"rotation":{"angle":22.5,"axis":"y","origin":[7.8800006,5.8999996,7.1]},"faces":{"down":{"uv":[1.4210527,0.0,1.4210527,0.05263158],"rotation":0,"texture":"#0","tintindex":0},"east":{"uv":[1.3684211,0.05263158,1.4210527,0.42105263],"rotation":0,"texture":"#0","tintindex":0},"north":{"uv":[1.4210527,0.05263158,1.4210527,0.42105263],"rotation":0,"texture":"#0","tintindex":0},"south":{"uv":[1.4736842,0.05263158,1.4736842,0.42105263],"rotation":0,"texture":"#0","tintindex":0},"up":{"uv":[1.4210527,0.05263158,1.4210527,0.0],"rotation":0,"texture":"#0","tintindex":0},"west":{"uv":[1.4210527,0.05263158,1.4736842,0.42105263],"rotation":0,"texture":"#0","tintindex":0}}}],"display":{"head":{"translation":[0.0,-6.4,0.0],"rotation":[0.0,0.0,0.0],"scale":[3.8095,3.8095,3.8095]}}}