{"textures":{"0":"modelengine:entity/cop_car"},"elements":[{"name":"door3","from":[6.2,-0.40000033,10.4],"to":[8.0,5.0,18.2],"rotation":{"angle":0.0,"axis":"x","origin":[-4.9000006,-4.6000004,1.3999997]},"faces":{"down":{"uv":[4.631579,12.894737,4.7894735,13.578947],"rotation":0,"texture":"#0","tintindex":0},"east":{"uv":[5.3157897,13.578947,4.631579,14.052631],"rotation":0,"texture":"#0","tintindex":0},"north":{"uv":[4.631579,13.578947,4.4736843,14.052631],"rotation":0,"texture":"#0","tintindex":0},"south":{"uv":[5.4736843,13.578947,5.3157897,14.052631],"rotation":0,"texture":"#0","tintindex":0},"up":{"uv":[4.4736843,13.578947,4.631579,12.894737],"rotation":0,"texture":"#0","tintindex":0},"west":{"uv":[4.4736843,13.578947,3.7894738,14.052631],"rotation":0,"texture":"#0","tintindex":0}}},{"name":"door3","from":[6.1879997,7.628,15.188],"to":[8.012,8.252,18.212002],"rotation":{"angle":0.0,"axis":"x","origin":[8.012,8.012,15.188]},"faces":{"down":{"uv":[5.5263157,4.2105265,5.684211,4.4736843],"rotation":0,"texture":"#0","tintindex":0},"east":{"uv":[5.7894735,4.4736843,5.5263157,4.5263157],"rotation":0,"texture":"#0","tintindex":0},"north":{"uv":[5.5263157,4.4736843,5.368421,4.5263157],"rotation":0,"texture":"#0","tintindex":0},"south":{"uv":[5.9473686,4.4736843,5.7894735,4.5263157],"rotation":0,"texture":"#0","tintindex":0},"up":{"uv":[5.368421,4.4736843,5.5263157,4.2105265],"rotation":0,"texture":"#0","tintindex":0},"west":{"uv":[5.368421,4.4736843,5.105263,4.5263157],"rotation":0,"texture":"#0","tintindex":0}}},{"name":"door3","from":[6.158,7.9867225,18.115917],"to":[8.042,8.670722,20.599915],"rotation":{"angle":0.0,"axis":"x","origin":[8.012,8.640721,18.145916]},"faces":{"down":{"uv":[4.3157897,10.105263,4.4736843,10.315789],"rotation":0,"texture":"#0","tintindex":0},"east":{"uv":[4.5263157,10.315789,4.3157897,10.368422],"rotation":0,"texture":"#0","tintindex":0},"north":{"uv":[4.3157897,10.315789,4.1578946,10.368422],"rotation":0,"texture":"#0","tintindex":0},"south":{"uv":[4.684211,10.315789,4.5263157,10.368422],"rotation":0,"texture":"#0","tintindex":0},"up":{"uv":[4.1578946,10.315789,4.3157897,10.105263],"rotation":0,"texture":"#0","tintindex":0},"west":{"uv":[4.1578946,10.315789,3.9473684,10.368422],"rotation":0,"texture":"#0","tintindex":0}}},{"name":"door3","from":[6.2,-0.40000033,8.0],"to":[8.0,8.0,10.4],"rotation":{"angle":0.0,"axis":"x","origin":[-4.9000006,-4.6000004,1.3999997]},"faces":{"down":{"uv":[12.263158,0.0,12.421053,0.21052632],"rotation":0,"texture":"#0","tintindex":0},"east":{"uv":[12.473684,0.21052632,12.263158,0.94736844],"rotation":0,"texture":"#0","tintindex":0},"north":{"uv":[12.263158,0.21052632,12.105264,0.94736844],"rotation":0,"texture":"#0","tintindex":0},"south":{"uv":[12.631579,0.21052632,12.473684,0.94736844],"rotation":0,"texture":"#0","tintindex":0},"up":{"uv":[12.105264,0.21052632,12.263158,0.0],"rotation":0,"texture":"#0","tintindex":0},"west":{"uv":[12.105264,0.21052632,11.894737,0.94736844],"rotation":0,"texture":"#0","tintindex":0}}},{"name":"door3","from":[8.6,0.7999997,7.4],"to":[8.6,5.0,13.400001],"rotation":{"angle":0.0,"axis":"x","origin":[-4.9000006,-4.6000004,1.3999997]},"faces":{"down":{"uv":[15.315789,14.947369,15.315789,15.631579],"rotation":0,"texture":"#0","tintindex":0},"east":{"uv":[1.1578947,15.631579,1.6842105,16.0],"rotation":0,"texture":"#0","tintindex":0},"north":{"uv":[15.315789,15.631579,15.315789,16.0],"rotation":0,"texture":"#0","tintindex":0},"south":{"uv":[16.0,15.631579,16.0,16.0],"rotation":0,"texture":"#0","tintindex":0},"up":{"uv":[15.315789,15.631579,15.315789,14.947369],"rotation":0,"texture":"#0","tintindex":0},"west":{"uv":[15.315789,15.631579,14.631579,16.0],"rotation":0,"texture":"#0","tintindex":0}}},{"name":"door3","from":[6.2,5.0,10.4],"to":[8.0,8.0,18.2],"rotation":{"angle":0.0,"axis":"x","origin":[-4.9000006,-4.6000004,1.3999997]},"faces":{"down":{"uv":[0.84210527,1.2631578,1.0,1.9473684],"rotation":0,"texture":"#0","tintindex":0},"east":{"uv":[1.5263158,1.9473684,0.84210527,2.2105262],"rotation":0,"texture":"#0","tintindex":0},"north":{"uv":[0.84210527,1.9473684,0.68421054,2.2105262],"rotation":0,"texture":"#0","tintindex":0},"south":{"uv":[1.6842105,1.9473684,1.5263158,2.2105262],"rotation":0,"texture":"#0","tintindex":0},"up":{"uv":[0.68421054,1.9473684,0.84210527,1.2631578],"rotation":0,"texture":"#0","tintindex":0},"west":{"uv":[0.68421054,1.9473684,0.0,2.2105262],"rotation":0,"texture":"#0","tintindex":0}}},{"name":"door3","from":[6.2,5.0,18.2],"to":[8.0,8.6,20.600002],"rotation":{"angle":0.0,"axis":"x","origin":[-4.9000006,-4.6000004,1.3999997]},"faces":{"down":{"uv":[0.36842105,2.368421,0.5263158,2.5789473],"rotation":0,"texture":"#0","tintindex":0},"east":{"uv":[0.57894737,2.5789473,0.36842105,2.8947368],"rotation":0,"texture":"#0","tintindex":0},"north":{"uv":[0.36842105,2.5789473,0.21052632,2.8947368],"rotation":0,"texture":"#0","tintindex":0},"south":{"uv":[0.7368421,2.5789473,0.57894737,2.8947368],"rotation":0,"texture":"#0","tintindex":0},"up":{"uv":[0.21052632,2.5789473,0.36842105,2.368421],"rotation":0,"texture":"#0","tintindex":0},"west":{"uv":[0.21052632,2.5789473,0.0,2.8947368],"rotation":0,"texture":"#0","tintindex":0}}},{"name":"door3","from":[6.23,0.22999978,18.23],"to":[7.97,4.97,20.57],"rotation":{"angle":22.5,"axis":"x","origin":[8.0,5.0,20.600002]},"faces":{"down":{"uv":[0.36842105,0.0,0.5263158,0.21052632],"rotation":0,"texture":"#0","tintindex":0},"east":{"uv":[0.57894737,0.21052632,0.36842105,0.6315789],"rotation":0,"texture":"#0","tintindex":0},"north":{"uv":[0.36842105,0.21052632,0.21052632,0.6315789],"rotation":0,"texture":"#0","tintindex":0},"south":{"uv":[0.7368421,0.21052632,0.57894737,0.6315789],"rotation":0,"texture":"#0","tintindex":0},"up":{"uv":[0.21052632,0.21052632,0.36842105,0.0],"rotation":0,"texture":"#0","tintindex":0},"west":{"uv":[0.21052632,0.21052632,0.0,0.6315789],"rotation":0,"texture":"#0","tintindex":0}}}],"display":{"head":{"translation":[0.0,-6.4,0.0],"rotation":[0.0,0.0,0.0],"scale":[3.8095,3.8095,3.8095]}}}