{"textures":{"0":"modelengine:entity/cop_car"},"elements":[{"name":"door0","from":[5.6,7.4,9.2],"to":[8.0,8.0,9.8],"rotation":{"angle":-45.0,"axis":"z","origin":[8.0,7.4,9.2]},"faces":{"down":{"uv":[5.736842,4.0526314,5.5263157,4.105263],"rotation":0,"texture":"#0","tintindex":0},"east":{"uv":[5.263158,4.105263,5.3157897,4.1578946],"rotation":0,"texture":"#0","tintindex":0},"north":{"uv":[5.3157897,4.105263,5.5263157,4.1578946],"rotation":0,"texture":"#0","tintindex":0},"south":{"uv":[5.5789475,4.105263,5.7894735,4.1578946],"rotation":0,"texture":"#0","tintindex":0},"up":{"uv":[5.5263157,4.105263,5.3157897,4.0526314],"rotation":0,"texture":"#0","tintindex":0},"west":{"uv":[5.5263157,4.105263,5.5789475,4.1578946],"rotation":0,"texture":"#0","tintindex":0}}},{"name":"door0","from":[5.0,8.6,8.9],"to":[7.4,10.4,10.1],"rotation":{"angle":22.5,"axis":"y","origin":[7.4,8.6,8.9]},"faces":{"down":{"uv":[3.1578948,10.894737,2.9473684,11.0],"rotation":0,"texture":"#0","tintindex":0},"east":{"uv":[2.631579,11.0,2.7368422,11.157895],"rotation":0,"texture":"#0","tintindex":0},"north":{"uv":[2.7368422,11.0,2.9473684,11.157895],"rotation":0,"texture":"#0","tintindex":0},"south":{"uv":[3.0526316,11.0,3.2631578,11.157895],"rotation":0,"texture":"#0","tintindex":0},"up":{"uv":[2.9473684,11.0,2.7368422,10.894737],"rotation":0,"texture":"#0","tintindex":0},"west":{"uv":[2.9473684,11.0,3.0526316,11.157895],"rotation":0,"texture":"#0","tintindex":0}}},{"name":"door0","from":[7.985,-0.4150002,7.985],"to":[9.815001,8.014999,20.615002],"rotation":{"angle":0.0,"axis":"x","origin":[20.900002,-4.6000004,14.0]},"faces":{"down":{"uv":[6.684211,10.631579,6.5263157,11.736842],"rotation":0,"texture":"#0","tintindex":0},"east":{"uv":[5.263158,11.736842,6.368421,12.473684],"rotation":0,"texture":"#0","tintindex":0},"north":{"uv":[6.368421,11.736842,6.5263157,12.473684],"rotation":0,"texture":"#0","tintindex":0},"south":{"uv":[7.631579,11.736842,7.7894735,12.473684],"rotation":0,"texture":"#0","tintindex":0},"up":{"uv":[6.5263157,11.736842,6.368421,10.631579],"rotation":0,"texture":"#0","tintindex":0},"west":{"uv":[6.5263157,11.736842,7.631579,12.473684],"rotation":0,"texture":"#0","tintindex":0}}},{"name":"door0","from":[7.9399996,0.7999997,8.0],"to":[7.9399996,5.0,20.0],"rotation":{"angle":0.0,"axis":"x","origin":[20.900002,-4.6000004,14.0]},"faces":{"down":{"uv":[1.0526316,14.578947,1.0526316,15.631579],"rotation":0,"texture":"#0","tintindex":0},"east":{"uv":[0.0,15.631579,1.0526316,16.0],"rotation":0,"texture":"#0","tintindex":0},"north":{"uv":[1.0526316,15.631579,1.0526316,16.0],"rotation":0,"texture":"#0","tintindex":0},"south":{"uv":[2.1052632,15.631579,2.1052632,16.0],"rotation":0,"texture":"#0","tintindex":0},"up":{"uv":[1.0526316,15.631579,1.0526316,14.578947],"rotation":0,"texture":"#0","tintindex":0},"west":{"uv":[1.0526316,15.631579,2.1052632,16.0],"rotation":0,"texture":"#0","tintindex":0}}}],"display":{"head":{"translation":[0.0,-6.4,0.0],"rotation":[0.0,0.0,0.0],"scale":[3.8095,3.8095,3.8095]}}}