{"textures":{"0":"modelengine:entity/cop_car"},"elements":[{"name":"light0","from":[-0.82000065,16.04,0.19999981],"to":[0.49999976,17.36,1.5200002],"rotation":{"angle":0.0,"axis":"x","origin":[8.0,7.64,23.84]},"faces":{"down":{"uv":[11.578947,14.0,11.315789,14.263158],"rotation":0,"texture":"#0","tintindex":0},"east":{"uv":[10.789474,14.263158,11.052631,14.526316],"rotation":0,"texture":"#0","tintindex":0},"north":{"uv":[11.052631,14.263158,11.315789,14.526316],"rotation":0,"texture":"#0","tintindex":0},"south":{"uv":[11.578947,14.263158,11.842105,14.526316],"rotation":0,"texture":"#0","tintindex":0},"up":{"uv":[11.315789,14.263158,11.052631,14.0],"rotation":0,"texture":"#0","tintindex":0},"west":{"uv":[11.315789,14.263158,11.578947,14.526316],"rotation":0,"texture":"#0","tintindex":0}}},{"name":"light0","from":[-2.020001,10.820001,0.19999981],"to":[-0.7000003,12.14,1.5200002],"rotation":{"angle":0.0,"axis":"x","origin":[8.0,7.64,23.84]},"faces":{"down":{"uv":[7.4736843,11.052631,7.2105265,11.315789],"rotation":0,"texture":"#0","tintindex":0},"east":{"uv":[6.684211,11.315789,6.9473686,11.578947],"rotation":0,"texture":"#0","tintindex":0},"north":{"uv":[6.9473686,11.315789,7.2105265,11.578947],"rotation":0,"texture":"#0","tintindex":0},"south":{"uv":[7.4736843,11.315789,7.736842,11.578947],"rotation":0,"texture":"#0","tintindex":0},"up":{"uv":[7.2105265,11.315789,6.9473686,11.052631],"rotation":0,"texture":"#0","tintindex":0},"west":{"uv":[7.2105265,11.315789,7.4736843,11.578947],"rotation":0,"texture":"#0","tintindex":0}}},{"name":"light0","from":[-3.1000004,15.8,0.19999862],"to":[-1.3000002,17.6,1.9999986],"rotation":{"angle":0.0,"axis":"x","origin":[8.0,7.64,23.84]},"faces":{"down":{"uv":[14.842105,0.0,14.578947,0.2631579],"rotation":0,"texture":"#0","tintindex":0},"east":{"uv":[14.052631,0.2631579,14.315789,0.5263158],"rotation":0,"texture":"#0","tintindex":0},"north":{"uv":[14.315789,0.2631579,14.578947,0.5263158],"rotation":0,"texture":"#0","tintindex":0},"south":{"uv":[14.842105,0.2631579,15.105264,0.5263158],"rotation":0,"texture":"#0","tintindex":0},"up":{"uv":[14.578947,0.2631579,14.315789,0.0],"rotation":0,"texture":"#0","tintindex":0},"west":{"uv":[14.578947,0.2631579,14.842105,0.5263158],"rotation":0,"texture":"#0","tintindex":0}}},{"name":"light0","from":[16.7,10.820001,0.19999981],"to":[18.02,12.14,1.5200002],"rotation":{"angle":0.0,"axis":"x","origin":[8.0,7.64,23.84]},"faces":{"down":{"uv":[7.2105265,11.052631,7.4736843,11.315789],"rotation":0,"texture":"#0","tintindex":0},"east":{"uv":[7.4736843,11.315789,7.2105265,11.578947],"rotation":0,"texture":"#0","tintindex":0},"north":{"uv":[7.2105265,11.315789,6.9473686,11.578947],"rotation":0,"texture":"#0","tintindex":0},"south":{"uv":[7.736842,11.315789,7.4736843,11.578947],"rotation":0,"texture":"#0","tintindex":0},"up":{"uv":[6.9473686,11.315789,7.2105265,11.052631],"rotation":0,"texture":"#0","tintindex":0},"west":{"uv":[6.9473686,11.315789,6.684211,11.578947],"rotation":0,"texture":"#0","tintindex":0}}},{"name":"light0","from":[15.5,16.04,0.19999981],"to":[16.82,17.36,1.5200002],"rotation":{"angle":0.0,"axis":"x","origin":[8.0,7.64,23.84]},"faces":{"down":{"uv":[11.315789,14.0,11.578947,14.263158],"rotation":0,"texture":"#0","tintindex":0},"east":{"uv":[11.578947,14.263158,11.315789,14.526316],"rotation":0,"texture":"#0","tintindex":0},"north":{"uv":[11.315789,14.263158,11.052631,14.526316],"rotation":0,"texture":"#0","tintindex":0},"south":{"uv":[11.842105,14.263158,11.578947,14.526316],"rotation":0,"texture":"#0","tintindex":0},"up":{"uv":[11.052631,14.263158,11.315789,14.0],"rotation":0,"texture":"#0","tintindex":0},"west":{"uv":[11.052631,14.263158,10.789474,14.526316],"rotation":0,"texture":"#0","tintindex":0}}},{"name":"light0","from":[17.3,15.8,0.19999862],"to":[19.1,17.6,1.9999986],"rotation":{"angle":0.0,"axis":"x","origin":[8.0,7.64,23.84]},"faces":{"down":{"uv":[14.578947,0.0,14.842105,0.2631579],"rotation":0,"texture":"#0","tintindex":0},"east":{"uv":[14.842105,0.2631579,14.578947,0.5263158],"rotation":0,"texture":"#0","tintindex":0},"north":{"uv":[14.578947,0.2631579,14.315789,0.5263158],"rotation":0,"texture":"#0","tintindex":0},"south":{"uv":[15.105264,0.2631579,14.842105,0.5263158],"rotation":0,"texture":"#0","tintindex":0},"up":{"uv":[14.315789,0.2631579,14.578947,0.0],"rotation":0,"texture":"#0","tintindex":0},"west":{"uv":[14.315789,0.2631579,14.052631,0.5263158],"rotation":0,"texture":"#0","tintindex":0}}}],"display":{"head":{"translation":[0.0,-6.4,0.0],"rotation":[0.0,0.0,0.0],"scale":[3.8095,3.8095,3.8095]}}}