{"textures":{"0":"modelengine:entity/cop_car"},"elements":[{"name":"r0","from":[5.6,8.0,7.7],"to":[8.0,8.6,8.3],"rotation":{"angle":0.0,"axis":"x","origin":[13.1,2.32796,8.6]},"faces":{"down":{"uv":[5.736842,3.0,5.5263157,3.0526316],"rotation":0,"texture":"#0","tintindex":0},"east":{"uv":[5.263158,3.0526316,5.3157897,3.1052632],"rotation":0,"texture":"#0","tintindex":0},"north":{"uv":[5.3157897,3.0526316,5.5263157,3.1052632],"rotation":0,"texture":"#0","tintindex":0},"south":{"uv":[5.5789475,3.0526316,5.7894735,3.1052632],"rotation":0,"texture":"#0","tintindex":0},"up":{"uv":[5.5263157,3.0526316,5.3157897,3.0],"rotation":0,"texture":"#0","tintindex":0},"west":{"uv":[5.5263157,3.0526316,5.5789475,3.1052632],"rotation":0,"texture":"#0","tintindex":0}}},{"name":"r0","from":[5.6,13.194111,7.7],"to":[8.0,13.79411,8.3],"rotation":{"angle":0.0,"axis":"x","origin":[13.1,2.32796,8.6]},"faces":{"down":{"uv":[2.1578948,2.1052632,1.9473684,2.1578948],"rotation":0,"texture":"#0","tintindex":0},"east":{"uv":[1.6842105,2.1578948,1.7368422,2.2105262],"rotation":0,"texture":"#0","tintindex":0},"north":{"uv":[1.7368422,2.1578948,1.9473684,2.2105262],"rotation":0,"texture":"#0","tintindex":0},"south":{"uv":[2.0,2.1578948,2.2105262,2.2105262],"rotation":0,"texture":"#0","tintindex":0},"up":{"uv":[1.9473684,2.1578948,1.7368422,2.1052632],"rotation":0,"texture":"#0","tintindex":0},"west":{"uv":[1.9473684,2.1578948,2.0,2.2105262],"rotation":0,"texture":"#0","tintindex":0}}}],"display":{"head":{"translation":[0.0,-6.4,0.0],"rotation":[0.0,0.0,0.0],"scale":[3.8095,3.8095,3.8095]}}}