{"textures":{"0":"modelengine:entity/cop_car"},"elements":[{"name":"r1","from":[5.6449995,8.045,7.745],"to":[7.955,8.555,8.255],"rotation":{"angle":0.0,"axis":"x","origin":[15.5,2.32796,8.6]},"faces":{"down":{"uv":[0.47368422,4.684211,0.2631579,4.736842],"rotation":0,"texture":"#0","tintindex":0},"east":{"uv":[0.0,4.736842,0.05263158,4.7894735],"rotation":0,"texture":"#0","tintindex":0},"north":{"uv":[0.05263158,4.736842,0.2631579,4.7894735],"rotation":0,"texture":"#0","tintindex":0},"south":{"uv":[0.31578946,4.736842,0.5263158,4.7894735],"rotation":0,"texture":"#0","tintindex":0},"up":{"uv":[0.2631579,4.736842,0.05263158,4.684211],"rotation":0,"texture":"#0","tintindex":0},"west":{"uv":[0.2631579,4.736842,0.31578946,4.7894735],"rotation":0,"texture":"#0","tintindex":0}}},{"name":"r1","from":[5.6449995,13.23914,7.745],"to":[7.955,13.749141,8.255],"rotation":{"angle":0.0,"axis":"x","origin":[15.5,2.32796,8.6]},"faces":{"down":{"uv":[2.1578948,1.1578947,1.9473684,1.2105263],"rotation":0,"texture":"#0","tintindex":0},"east":{"uv":[1.6842105,1.2105263,1.7368422,1.2631578],"rotation":0,"texture":"#0","tintindex":0},"north":{"uv":[1.7368422,1.2105263,1.9473684,1.2631578],"rotation":0,"texture":"#0","tintindex":0},"south":{"uv":[2.0,1.2105263,2.2105262,1.2631578],"rotation":0,"texture":"#0","tintindex":0},"up":{"uv":[1.9473684,1.2105263,1.7368422,1.1578947],"rotation":0,"texture":"#0","tintindex":0},"west":{"uv":[1.9473684,1.2105263,2.0,1.2631578],"rotation":0,"texture":"#0","tintindex":0}}}],"display":{"head":{"translation":[0.0,-6.4,0.0],"rotation":[0.0,0.0,0.0],"scale":[3.8095,3.8095,3.8095]}}}