{"textures":{"0":"modelengine:entity/cop_car"},"elements":[{"name":"r2","from":[5.6,8.0,7.7],"to":[8.0,8.6,8.3],"rotation":{"angle":0.0,"axis":"x","origin":[17.900002,2.32796,8.6]},"faces":{"down":{"uv":[0.47368422,3.0,0.2631579,3.0526316],"rotation":0,"texture":"#0","tintindex":0},"east":{"uv":[0.0,3.0526316,0.05263158,3.1052632],"rotation":0,"texture":"#0","tintindex":0},"north":{"uv":[0.05263158,3.0526316,0.2631579,3.1052632],"rotation":0,"texture":"#0","tintindex":0},"south":{"uv":[0.31578946,3.0526316,0.5263158,3.1052632],"rotation":0,"texture":"#0","tintindex":0},"up":{"uv":[0.2631579,3.0526316,0.05263158,3.0],"rotation":0,"texture":"#0","tintindex":0},"west":{"uv":[0.2631579,3.0526316,0.31578946,3.1052632],"rotation":0,"texture":"#0","tintindex":0}}},{"name":"r2","from":[5.6,13.19414,7.7],"to":[8.0,13.794141,8.3],"rotation":{"angle":0.0,"axis":"x","origin":[17.900002,2.32796,8.6]},"faces":{"down":{"uv":[0.47368422,1.7894737,0.2631579,1.8421053],"rotation":0,"texture":"#0","tintindex":0},"east":{"uv":[0.0,1.8421053,0.05263158,1.8947369],"rotation":0,"texture":"#0","tintindex":0},"north":{"uv":[0.05263158,1.8421053,0.2631579,1.8947369],"rotation":0,"texture":"#0","tintindex":0},"south":{"uv":[0.31578946,1.8421053,0.5263158,1.8947369],"rotation":0,"texture":"#0","tintindex":0},"up":{"uv":[0.2631579,1.8421053,0.05263158,1.7894737],"rotation":0,"texture":"#0","tintindex":0},"west":{"uv":[0.2631579,1.8421053,0.31578946,1.8947369],"rotation":0,"texture":"#0","tintindex":0}}}],"display":{"head":{"translation":[0.0,-6.4,0.0],"rotation":[0.0,0.0,0.0],"scale":[3.8095,3.8095,3.8095]}}}