{"textures":{"0":"modelengine:entity/cop_car"},"elements":[{"name":"r3","from":[5.6449995,8.045,7.745],"to":[7.955,8.555,8.255],"rotation":{"angle":0.0,"axis":"x","origin":[20.3,2.32796,8.6]},"faces":{"down":{"uv":[0.47368422,2.8947368,0.2631579,2.9473684],"rotation":0,"texture":"#0","tintindex":0},"east":{"uv":[0.0,2.9473684,0.05263158,3.0],"rotation":0,"texture":"#0","tintindex":0},"north":{"uv":[0.05263158,2.9473684,0.2631579,3.0],"rotation":0,"texture":"#0","tintindex":0},"south":{"uv":[0.31578946,2.9473684,0.5263158,3.0],"rotation":0,"texture":"#0","tintindex":0},"up":{"uv":[0.2631579,2.9473684,0.05263158,2.8947368],"rotation":0,"texture":"#0","tintindex":0},"west":{"uv":[0.2631579,2.9473684,0.31578946,3.0],"rotation":0,"texture":"#0","tintindex":0}}},{"name":"r3","from":[5.6449995,13.23914,7.745],"to":[7.955,13.749141,8.255],"rotation":{"angle":0.0,"axis":"x","origin":[20.3,2.32796,8.6]},"faces":{"down":{"uv":[1.5263158,1.7894737,1.3157895,1.8421053],"rotation":0,"texture":"#0","tintindex":0},"east":{"uv":[1.0526316,1.8421053,1.1052631,1.8947369],"rotation":0,"texture":"#0","tintindex":0},"north":{"uv":[1.1052631,1.8421053,1.3157895,1.8947369],"rotation":0,"texture":"#0","tintindex":0},"south":{"uv":[1.3684211,1.8421053,1.5789474,1.8947369],"rotation":0,"texture":"#0","tintindex":0},"up":{"uv":[1.3157895,1.8421053,1.1052631,1.7894737],"rotation":0,"texture":"#0","tintindex":0},"west":{"uv":[1.3157895,1.8421053,1.3684211,1.8947369],"rotation":0,"texture":"#0","tintindex":0}}}],"display":{"head":{"translation":[0.0,-6.4,0.0],"rotation":[0.0,0.0,0.0],"scale":[3.8095,3.8095,3.8095]}}}