{"textures":{"0":"modelengine:entity/cop_car"},"elements":[{"name":"rudder0","from":[6.8,6.8,6.8],"to":[9.2,8.6,8.6],"rotation":{"angle":0.0,"axis":"x","origin":[14.3,-0.7920406,8.3]},"faces":{"down":{"uv":[0.57894737,3.7894738,0.36842105,3.9473684],"rotation":0,"texture":"#0","tintindex":0},"east":{"uv":[0.0,3.9473684,0.15789473,4.105263],"rotation":0,"texture":"#0","tintindex":0},"north":{"uv":[0.15789473,3.9473684,0.36842105,4.105263],"rotation":0,"texture":"#0","tintindex":0},"south":{"uv":[0.5263158,3.9473684,0.7368421,4.105263],"rotation":0,"texture":"#0","tintindex":0},"up":{"uv":[0.36842105,3.9473684,0.15789473,3.7894738],"rotation":0,"texture":"#0","tintindex":0},"west":{"uv":[0.36842105,3.9473684,0.5263158,4.105263],"rotation":0,"texture":"#0","tintindex":0}}},{"name":"rudder0","from":[5.6449995,7.4449997,7.4449997],"to":[7.355,7.955,7.955],"rotation":{"angle":0.0,"axis":"x","origin":[14.3,-0.7920406,8.3]},"faces":{"down":{"uv":[5.4736843,5.368421,5.3157897,5.4210525],"rotation":0,"texture":"#0","tintindex":0},"east":{"uv":[5.105263,5.4210525,5.1578946,5.4736843],"rotation":0,"texture":"#0","tintindex":0},"north":{"uv":[5.1578946,5.4210525,5.3157897,5.4736843],"rotation":0,"texture":"#0","tintindex":0},"south":{"uv":[5.368421,5.4210525,5.5263157,5.4736843],"rotation":0,"texture":"#0","tintindex":0},"up":{"uv":[5.3157897,5.4210525,5.1578946,5.368421],"rotation":0,"texture":"#0","tintindex":0},"west":{"uv":[5.3157897,5.4210525,5.368421,5.4736843],"rotation":0,"texture":"#0","tintindex":0}}},{"name":"rudder0","from":[8.645,7.4449997,7.4449997],"to":[10.355,7.955,7.955],"rotation":{"angle":0.0,"axis":"x","origin":[14.3,-0.7920406,8.3]},"faces":{"down":{"uv":[5.4736843,5.263158,5.3157897,5.3157897],"rotation":0,"texture":"#0","tintindex":0},"east":{"uv":[5.105263,5.3157897,5.1578946,5.368421],"rotation":0,"texture":"#0","tintindex":0},"north":{"uv":[5.1578946,5.3157897,5.3157897,5.368421],"rotation":0,"texture":"#0","tintindex":0},"south":{"uv":[5.368421,5.3157897,5.5263157,5.368421],"rotation":0,"texture":"#0","tintindex":0},"up":{"uv":[5.3157897,5.3157897,5.1578946,5.263158],"rotation":0,"texture":"#0","tintindex":0},"west":{"uv":[5.3157897,5.3157897,5.368421,5.368421],"rotation":0,"texture":"#0","tintindex":0}}}],"display":{"head":{"translation":[0.0,-6.4,0.0],"rotation":[0.0,0.0,0.0],"scale":[3.8095,3.8095,3.8095]}}}