{"textures":{"0":"modelengine:entity/cop_car"},"elements":[{"name":"seat0","from":[-1.6000004,11.6,9.2],"to":[5.6,13.400001,15.8],"rotation":{"angle":0.0,"axis":"x","origin":[8.0,7.4,8.6]},"faces":{"down":{"uv":[14.473684,10.315789,13.842105,10.894737],"rotation":0,"texture":"#0","tintindex":0},"east":{"uv":[12.631579,10.894737,13.210526,11.052631],"rotation":0,"texture":"#0","tintindex":0},"north":{"uv":[13.210526,10.894737,13.842105,11.052631],"rotation":0,"texture":"#0","tintindex":0},"south":{"uv":[14.421053,10.894737,15.052631,11.052631],"rotation":0,"texture":"#0","tintindex":0},"up":{"uv":[13.842105,10.894737,13.210526,10.315789],"rotation":0,"texture":"#0","tintindex":0},"west":{"uv":[13.842105,10.894737,14.421053,11.052631],"rotation":0,"texture":"#0","tintindex":0}}},{"name":"seat0","from":[-1.0000005,13.400001,14.0],"to":[5.0,20.600002,15.8],"rotation":{"angle":0.0,"axis":"x","origin":[1.9999998,13.400001,14.0]},"faces":{"down":{"uv":[2.8947368,13.526316,2.368421,13.684211],"rotation":0,"texture":"#0","tintindex":0},"east":{"uv":[1.6842105,13.684211,1.8421053,14.315789],"rotation":0,"texture":"#0","tintindex":0},"north":{"uv":[1.8421053,13.684211,2.368421,14.315789],"rotation":0,"texture":"#0","tintindex":0},"south":{"uv":[2.5263157,13.684211,3.0526316,14.315789],"rotation":0,"texture":"#0","tintindex":0},"up":{"uv":[2.368421,13.684211,1.8421053,13.526316],"rotation":0,"texture":"#0","tintindex":0},"west":{"uv":[2.368421,13.684211,2.5263157,14.315789],"rotation":0,"texture":"#0","tintindex":0}}},{"name":"seat0","from":[-0.40000033,20.0,14.6],"to":[4.3999996,22.400002,16.400002],"rotation":{"angle":0.0,"axis":"x","origin":[8.0,7.4,8.6]},"faces":{"down":{"uv":[5.0,14.052631,4.5789475,14.210526],"rotation":0,"texture":"#0","tintindex":0},"east":{"uv":[4.0,14.210526,4.1578946,14.421053],"rotation":0,"texture":"#0","tintindex":0},"north":{"uv":[4.1578946,14.210526,4.5789475,14.421053],"rotation":0,"texture":"#0","tintindex":0},"south":{"uv":[4.736842,14.210526,5.1578946,14.421053],"rotation":0,"texture":"#0","tintindex":0},"up":{"uv":[4.5789475,14.210526,4.1578946,14.052631],"rotation":0,"texture":"#0","tintindex":0},"west":{"uv":[4.5789475,14.210526,4.736842,14.421053],"rotation":0,"texture":"#0","tintindex":0}}},{"name":"seat0","from":[10.4,11.6,9.2],"to":[17.6,13.400001,15.8],"rotation":{"angle":0.0,"axis":"x","origin":[8.0,7.4,8.6]},"faces":{"down":{"uv":[14.473684,10.315789,13.842105,10.894737],"rotation":0,"texture":"#0","tintindex":0},"east":{"uv":[12.631579,10.894737,13.210526,11.052631],"rotation":0,"texture":"#0","tintindex":0},"north":{"uv":[13.210526,10.894737,13.842105,11.052631],"rotation":0,"texture":"#0","tintindex":0},"south":{"uv":[14.421053,10.894737,15.052631,11.052631],"rotation":0,"texture":"#0","tintindex":0},"up":{"uv":[13.842105,10.894737,13.210526,10.315789],"rotation":0,"texture":"#0","tintindex":0},"west":{"uv":[13.842105,10.894737,14.421053,11.052631],"rotation":0,"texture":"#0","tintindex":0}}},{"name":"seat0","from":[11.0,13.400001,14.0],"to":[17.0,20.600002,15.8],"rotation":{"angle":0.0,"axis":"x","origin":[14.0,13.400001,14.0]},"faces":{"down":{"uv":[2.8947368,13.526316,2.368421,13.684211],"rotation":0,"texture":"#0","tintindex":0},"east":{"uv":[1.6842105,13.684211,1.8421053,14.315789],"rotation":0,"texture":"#0","tintindex":0},"north":{"uv":[1.8421053,13.684211,2.368421,14.315789],"rotation":0,"texture":"#0","tintindex":0},"south":{"uv":[2.5263157,13.684211,3.0526316,14.315789],"rotation":0,"texture":"#0","tintindex":0},"up":{"uv":[2.368421,13.684211,1.8421053,13.526316],"rotation":0,"texture":"#0","tintindex":0},"west":{"uv":[2.368421,13.684211,2.5263157,14.315789],"rotation":0,"texture":"#0","tintindex":0}}},{"name":"seat0","from":[11.6,20.0,14.6],"to":[16.400002,22.400002,16.400002],"rotation":{"angle":0.0,"axis":"x","origin":[8.0,7.4,8.6]},"faces":{"down":{"uv":[5.0,14.052631,4.5789475,14.210526],"rotation":0,"texture":"#0","tintindex":0},"east":{"uv":[4.0,14.210526,4.1578946,14.421053],"rotation":0,"texture":"#0","tintindex":0},"north":{"uv":[4.1578946,14.210526,4.5789475,14.421053],"rotation":0,"texture":"#0","tintindex":0},"south":{"uv":[4.736842,14.210526,5.1578946,14.421053],"rotation":0,"texture":"#0","tintindex":0},"up":{"uv":[4.5789475,14.210526,4.1578946,14.052631],"rotation":0,"texture":"#0","tintindex":0},"west":{"uv":[4.5789475,14.210526,4.736842,14.421053],"rotation":0,"texture":"#0","tintindex":0}}}],"display":{"head":{"translation":[0.0,-6.4,0.0],"rotation":[0.0,0.0,0.0],"scale":[3.8095,3.8095,3.8095]}}}