{"textures":{"0":"modelengine:entity/cop_car"},"elements":[{"name":"seat1","from":[-1.6000004,11.6,9.2],"to":[17.6,13.400001,15.8],"rotation":{"angle":0.0,"axis":"x","origin":[8.0,7.4,-1.6000004]},"faces":{"down":{"uv":[13.052631,8.947369,11.368422,9.526316],"rotation":0,"texture":"#0","tintindex":0},"east":{"uv":[9.105263,9.526316,9.684211,9.684211],"rotation":0,"texture":"#0","tintindex":0},"north":{"uv":[9.684211,9.526316,11.368422,9.684211],"rotation":0,"texture":"#0","tintindex":0},"south":{"uv":[11.947369,9.526316,13.631579,9.684211],"rotation":0,"texture":"#0","tintindex":0},"up":{"uv":[11.368422,9.526316,9.684211,8.947369],"rotation":0,"texture":"#0","tintindex":0},"west":{"uv":[11.368422,9.526316,11.947369,9.684211],"rotation":0,"texture":"#0","tintindex":0}}},{"name":"seat1","from":[-1.0000005,13.400001,14.0],"to":[17.0,20.600002,15.8],"rotation":{"angle":0.0,"axis":"x","origin":[1.9999998,13.400001,14.0]},"faces":{"down":{"uv":[11.105264,11.210526,9.526316,11.368422],"rotation":0,"texture":"#0","tintindex":0},"east":{"uv":[7.7894735,11.368422,7.9473686,12.0],"rotation":0,"texture":"#0","tintindex":0},"north":{"uv":[7.9473686,11.368422,9.526316,12.0],"rotation":0,"texture":"#0","tintindex":0},"south":{"uv":[9.684211,11.368422,11.263158,12.0],"rotation":0,"texture":"#0","tintindex":0},"up":{"uv":[9.526316,11.368422,7.9473686,11.210526],"rotation":0,"texture":"#0","tintindex":0},"west":{"uv":[9.526316,11.368422,9.684211,12.0],"rotation":0,"texture":"#0","tintindex":0}}},{"name":"seat1","from":[-0.40000033,20.0,14.6],"to":[4.3999996,22.400002,16.400002],"rotation":{"angle":0.0,"axis":"x","origin":[8.0,7.4,-1.6000004]},"faces":{"down":{"uv":[5.0,14.052631,4.5789475,14.210526],"rotation":0,"texture":"#0","tintindex":0},"east":{"uv":[4.0,14.210526,4.1578946,14.421053],"rotation":0,"texture":"#0","tintindex":0},"north":{"uv":[4.1578946,14.210526,4.5789475,14.421053],"rotation":0,"texture":"#0","tintindex":0},"south":{"uv":[4.736842,14.210526,5.1578946,14.421053],"rotation":0,"texture":"#0","tintindex":0},"up":{"uv":[4.5789475,14.210526,4.1578946,14.052631],"rotation":0,"texture":"#0","tintindex":0},"west":{"uv":[4.5789475,14.210526,4.736842,14.421053],"rotation":0,"texture":"#0","tintindex":0}}}],"display":{"head":{"translation":[0.0,-6.4,0.0],"rotation":[0.0,0.0,0.0],"scale":[3.8095,3.8095,3.8095]}}}