{"textures":{"0":"modelengine:entity/cop_car"},"elements":[{"name":"wheel0","from":[-4.295266,10.55,6.2],"to":[-1.2952666,12.35,9.8],"rotation":{"angle":0.0,"axis":"x","origin":[8.0,3.0499997,-14.8]},"faces":{"down":{"uv":[8.210526,14.0,7.9473686,14.315789],"rotation":0,"texture":"#0","tintindex":0},"east":{"uv":[7.368421,14.315789,7.684211,14.473684],"rotation":0,"texture":"#0","tintindex":0},"north":{"uv":[7.684211,14.315789,7.9473686,14.473684],"rotation":0,"texture":"#0","tintindex":0},"south":{"uv":[8.263158,14.315789,8.526316,14.473684],"rotation":0,"texture":"#0","tintindex":0},"up":{"uv":[7.9473686,14.315789,7.684211,14.0],"rotation":0,"texture":"#0","tintindex":0},"west":{"uv":[7.9473686,14.315789,8.263158,14.473684],"rotation":0,"texture":"#0","tintindex":0}}},{"name":"wheel0","from":[-4.295266,3.6499999,6.2],"to":[-1.2952666,5.45,9.8],"rotation":{"angle":0.0,"axis":"x","origin":[8.0,3.0499997,-14.8]},"faces":{"down":{"uv":[14.789474,13.421053,14.526316,13.736842],"rotation":0,"texture":"#0","tintindex":0},"east":{"uv":[13.947369,13.736842,14.263158,13.894737],"rotation":0,"texture":"#0","tintindex":0},"north":{"uv":[14.263158,13.736842,14.526316,13.894737],"rotation":0,"texture":"#0","tintindex":0},"south":{"uv":[14.842105,13.736842,15.105264,13.894737],"rotation":0,"texture":"#0","tintindex":0},"up":{"uv":[14.526316,13.736842,14.263158,13.421053],"rotation":0,"texture":"#0","tintindex":0},"west":{"uv":[14.526316,13.736842,14.842105,13.894737],"rotation":0,"texture":"#0","tintindex":0}}},{"name":"wheel0","from":[-3.3400016,5.1499996,5.18],"to":[-3.1000004,10.790001,10.82],"rotation":{"angle":0.0,"axis":"x","origin":[8.0,3.0499997,-14.8]},"faces":{"down":{"uv":[4.368421,10.631579,3.9473684,11.526316],"rotation":0,"texture":"#0","tintindex":0},"east":{"uv":[2.631579,11.526316,3.526316,12.421053],"rotation":0,"texture":"#0","tintindex":0},"north":{"uv":[3.526316,11.526316,3.9473684,12.421053],"rotation":0,"texture":"#0","tintindex":0},"south":{"uv":[4.8421054,11.526316,5.263158,12.421053],"rotation":0,"texture":"#0","tintindex":0},"up":{"uv":[3.9473684,11.526316,3.526316,10.631579],"rotation":0,"texture":"#0","tintindex":0},"west":{"uv":[3.9473684,11.526316,4.8421054,12.421053],"rotation":0,"texture":"#0","tintindex":0}}},{"name":"wheel0","from":[-3.1600008,5.1499996,5.18],"to":[-2.9199996,10.790001,10.82],"rotation":{"angle":45.0,"axis":"x","origin":[-3.0400004,7.97,8.0]},"faces":{"down":{"uv":[4.368421,10.631579,3.9473684,11.526316],"rotation":0,"texture":"#0","tintindex":0},"east":{"uv":[2.631579,11.526316,3.526316,12.421053],"rotation":0,"texture":"#0","tintindex":0},"north":{"uv":[3.526316,11.526316,3.9473684,12.421053],"rotation":0,"texture":"#0","tintindex":0},"south":{"uv":[4.8421054,11.526316,5.263158,12.421053],"rotation":0,"texture":"#0","tintindex":0},"up":{"uv":[3.9473684,11.526316,3.526316,10.631579],"rotation":0,"texture":"#0","tintindex":0},"west":{"uv":[3.9473684,11.526316,4.8421054,12.421053],"rotation":0,"texture":"#0","tintindex":0}}},{"name":"wheel0","from":[-3.6952662,9.950001,6.2],"to":[-1.2952666,10.55,9.8],"rotation":{"angle":0.0,"axis":"x","origin":[8.0,3.0499997,-14.8]},"faces":{"down":{"uv":[2.2631578,14.315789,2.0526316,14.631579],"rotation":0,"texture":"#0","tintindex":0},"east":{"uv":[1.5263158,14.631579,1.8421053,14.684211],"rotation":0,"texture":"#0","tintindex":0},"north":{"uv":[1.8421053,14.631579,2.0526316,14.684211],"rotation":0,"texture":"#0","tintindex":0},"south":{"uv":[2.368421,14.631579,2.5789473,14.684211],"rotation":0,"texture":"#0","tintindex":0},"up":{"uv":[2.0526316,14.631579,1.8421053,14.315789],"rotation":0,"texture":"#0","tintindex":0},"west":{"uv":[2.0526316,14.631579,2.368421,14.684211],"rotation":0,"texture":"#0","tintindex":0}}},{"name":"wheel0","from":[-3.6952662,5.45,6.2],"to":[-1.2952666,6.05,9.8],"rotation":{"angle":0.0,"axis":"x","origin":[8.0,3.0499997,-14.8]},"faces":{"down":{"uv":[15.052631,0.68421054,14.842105,1.0],"rotation":0,"texture":"#0","tintindex":0},"east":{"uv":[14.315789,1.0,14.631579,1.0526316],"rotation":0,"texture":"#0","tintindex":0},"north":{"uv":[14.631579,1.0,14.842105,1.0526316],"rotation":0,"texture":"#0","tintindex":0},"south":{"uv":[15.157895,1.0,15.368422,1.0526316],"rotation":0,"texture":"#0","tintindex":0},"up":{"uv":[14.842105,1.0,14.631579,0.68421054],"rotation":0,"texture":"#0","tintindex":0},"west":{"uv":[14.842105,1.0,15.157895,1.0526316],"rotation":0,"texture":"#0","tintindex":0}}},{"name":"wheel0","from":[17.295267,5.45,6.2],"to":[19.695267,6.05,9.8],"rotation":{"angle":0.0,"axis":"x","origin":[8.0,3.0499997,-14.8]},"faces":{"down":{"uv":[14.842105,0.68421054,15.052631,1.0],"rotation":0,"texture":"#0","tintindex":0},"east":{"uv":[15.157895,1.0,14.842105,1.0526316],"rotation":0,"texture":"#0","tintindex":0},"north":{"uv":[14.842105,1.0,14.631579,1.0526316],"rotation":0,"texture":"#0","tintindex":0},"south":{"uv":[15.368422,1.0,15.157895,1.0526316],"rotation":0,"texture":"#0","tintindex":0},"up":{"uv":[14.631579,1.0,14.842105,0.68421054],"rotation":0,"texture":"#0","tintindex":0},"west":{"uv":[14.631579,1.0,14.315789,1.0526316],"rotation":0,"texture":"#0","tintindex":0}}},{"name":"wheel0","from":[17.295267,9.950001,6.2],"to":[19.695267,10.55,9.8],"rotation":{"angle":0.0,"axis":"x","origin":[8.0,3.0499997,-14.8]},"faces":{"down":{"uv":[2.0526316,14.315789,2.2631578,14.631579],"rotation":0,"texture":"#0","tintindex":0},"east":{"uv":[2.368421,14.631579,2.0526316,14.684211],"rotation":0,"texture":"#0","tintindex":0},"north":{"uv":[2.0526316,14.631579,1.8421053,14.684211],"rotation":0,"texture":"#0","tintindex":0},"south":{"uv":[2.5789473,14.631579,2.368421,14.684211],"rotation":0,"texture":"#0","tintindex":0},"up":{"uv":[1.8421053,14.631579,2.0526316,14.315789],"rotation":0,"texture":"#0","tintindex":0},"west":{"uv":[1.8421053,14.631579,1.5263158,14.684211],"rotation":0,"texture":"#0","tintindex":0}}},{"name":"wheel0","from":[18.92,5.1499996,5.18],"to":[19.16,10.790001,10.82],"rotation":{"angle":45.0,"axis":"x","origin":[19.04,7.97,8.0]},"faces":{"down":{"uv":[3.9473684,10.631579,4.368421,11.526316],"rotation":0,"texture":"#0","tintindex":0},"east":{"uv":[4.8421054,11.526316,3.9473684,12.421053],"rotation":0,"texture":"#0","tintindex":0},"north":{"uv":[3.9473684,11.526316,3.526316,12.421053],"rotation":0,"texture":"#0","tintindex":0},"south":{"uv":[5.263158,11.526316,4.8421054,12.421053],"rotation":0,"texture":"#0","tintindex":0},"up":{"uv":[3.526316,11.526316,3.9473684,10.631579],"rotation":0,"texture":"#0","tintindex":0},"west":{"uv":[3.526316,11.526316,2.631579,12.421053],"rotation":0,"texture":"#0","tintindex":0}}},{"name":"wheel0","from":[19.1,5.1499996,5.18],"to":[19.34,10.790001,10.82],"rotation":{"angle":0.0,"axis":"x","origin":[8.0,3.0499997,-14.8]},"faces":{"down":{"uv":[3.9473684,10.631579,4.368421,11.526316],"rotation":0,"texture":"#0","tintindex":0},"east":{"uv":[4.8421054,11.526316,3.9473684,12.421053],"rotation":0,"texture":"#0","tintindex":0},"north":{"uv":[3.9473684,11.526316,3.526316,12.421053],"rotation":0,"texture":"#0","tintindex":0},"south":{"uv":[5.263158,11.526316,4.8421054,12.421053],"rotation":0,"texture":"#0","tintindex":0},"up":{"uv":[3.526316,11.526316,3.9473684,10.631579],"rotation":0,"texture":"#0","tintindex":0},"west":{"uv":[3.526316,11.526316,2.631579,12.421053],"rotation":0,"texture":"#0","tintindex":0}}},{"name":"wheel0","from":[17.295267,3.6499999,6.2],"to":[20.295265,5.45,9.8],"rotation":{"angle":0.0,"axis":"x","origin":[8.0,3.0499997,-14.8]},"faces":{"down":{"uv":[14.526316,13.421053,14.789474,13.736842],"rotation":0,"texture":"#0","tintindex":0},"east":{"uv":[14.842105,13.736842,14.526316,13.894737],"rotation":0,"texture":"#0","tintindex":0},"north":{"uv":[14.526316,13.736842,14.263158,13.894737],"rotation":0,"texture":"#0","tintindex":0},"south":{"uv":[15.105264,13.736842,14.842105,13.894737],"rotation":0,"texture":"#0","tintindex":0},"up":{"uv":[14.263158,13.736842,14.526316,13.421053],"rotation":0,