{"textures":{"0":"modelengine:entity/cop_car"},"elements":[{"name":"wi1","from":[7.1107345,14.906,4.406],"to":[10.098734,16.694,7.994],"rotation":{"angle":0.0,"axis":"x","origin":[19.400002,7.4,-13.000001]},"faces":{"down":{"uv":[14.789474,4.4210525,14.526316,4.736842],"rotation":0,"texture":"#0","tintindex":0},"east":{"uv":[13.947369,4.736842,14.263158,4.894737],"rotation":0,"texture":"#0","tintindex":0},"north":{"uv":[14.263158,4.736842,14.526316,4.894737],"rotation":0,"texture":"#0","tintindex":0},"south":{"uv":[14.842105,4.736842,15.105264,4.894737],"rotation":0,"texture":"#0","tintindex":0},"up":{"uv":[14.526316,4.736842,14.263158,4.4210525],"rotation":0,"texture":"#0","tintindex":0},"west":{"uv":[14.526316,4.736842,14.842105,4.894737],"rotation":0,"texture":"#0","tintindex":0}}},{"name":"wi1","from":[7.7107344,14.306001,4.406],"to":[10.098734,14.894,7.994],"rotation":{"angle":0.0,"axis":"x","origin":[19.400002,7.4,-13.000001]},"faces":{"down":{"uv":[15.0,8.578947,14.789474,8.894737],"rotation":0,"texture":"#0","tintindex":0},"east":{"uv":[14.263158,8.894737,14.578947,8.947369],"rotation":0,"texture":"#0","tintindex":0},"north":{"uv":[14.578947,8.894737,14.789474,8.947369],"rotation":0,"texture":"#0","tintindex":0},"south":{"uv":[15.105264,8.894737,15.315789,8.947369],"rotation":0,"texture":"#0","tintindex":0},"up":{"uv":[14.789474,8.894737,14.578947,8.578947],"rotation":0,"texture":"#0","tintindex":0},"west":{"uv":[14.789474,8.894737,15.105264,8.947369],"rotation":0,"texture":"#0","tintindex":0}}},{"name":"wi1","from":[7.1107345,8.0060005,4.406],"to":[10.098734,9.794001,7.994],"rotation":{"angle":0.0,"axis":"x","origin":[19.400002,7.4,-13.000001]},"faces":{"down":{"uv":[14.789474,2.368421,14.526316,2.6842105],"rotation":0,"texture":"#0","tintindex":0},"east":{"uv":[13.947369,2.6842105,14.263158,2.8421054],"rotation":0,"texture":"#0","tintindex":0},"north":{"uv":[14.263158,2.6842105,14.526316,2.8421054],"rotation":0,"texture":"#0","tintindex":0},"south":{"uv":[14.842105,2.6842105,15.105264,2.8421054],"rotation":0,"texture":"#0","tintindex":0},"up":{"uv":[14.526316,2.6842105,14.263158,2.368421],"rotation":0,"texture":"#0","tintindex":0},"west":{"uv":[14.526316,2.6842105,14.842105,2.8421054],"rotation":0,"texture":"#0","tintindex":0}}},{"name":"wi1","from":[7.7107344,9.806,4.406],"to":[10.098734,10.394,7.994],"rotation":{"angle":0.0,"axis":"x","origin":[19.400002,7.4,-13.000001]},"faces":{"down":{"uv":[13.368422,14.210526,13.157895,14.526316],"rotation":0,"texture":"#0","tintindex":0},"east":{"uv":[12.631579,14.526316,12.947369,14.578947],"rotation":0,"texture":"#0","tintindex":0},"north":{"uv":[12.947369,14.526316,13.157895,14.578947],"rotation":0,"texture":"#0","tintindex":0},"south":{"uv":[13.473684,14.526316,13.684211,14.578947],"rotation":0,"texture":"#0","tintindex":0},"up":{"uv":[13.157895,14.526316,12.947369,14.210526],"rotation":0,"texture":"#0","tintindex":0},"west":{"uv":[13.157895,14.526316,13.473684,14.578947],"rotation":0,"texture":"#0","tintindex":0}}},{"name":"wi1","from":[28.701267,9.806,4.406],"to":[31.089268,10.394,7.994],"rotation":{"angle":0.0,"axis":"x","origin":[19.400002,7.4,-13.000001]},"faces":{"down":{"uv":[13.157895,14.210526,13.368422,14.526316],"rotation":0,"texture":"#0","tintindex":0},"east":{"uv":[13.473684,14.526316,13.157895,14.578947],"rotation":0,"texture":"#0","tintindex":0},"north":{"uv":[13.157895,14.526316,12.947369,14.578947],"rotation":0,"texture":"#0","tintindex":0},"south":{"uv":[13.684211,14.526316,13.473684,14.578947],"rotation":0,"texture":"#0","tintindex":0},"up":{"uv":[12.947369,14.526316,13.157895,14.210526],"rotation":0,"texture":"#0","tintindex":0},"west":{"uv":[12.947369,14.526316,12.631579,14.578947],"rotation":0,"texture":"#0","tintindex":0}}},{"name":"wi1","from":[28.701267,8.0060005,4.406],"to":[31.68927,9.794001,7.994],"rotation":{"angle":0.0,"axis":"x","origin":[19.400002,7.4,-13.000001]},"faces":{"down":{"uv":[14.526316,2.368421,14.789474,2.6842105],"rotation":0,"texture":"#0","tintindex":0},"east":{"uv":[14.842105,2.6842105,14.526316,2.8421054],"rotation":0,"texture":"#0","tintindex":0},"north":{"uv":[14.526316,2.6842105,14.263158,2.8421054],"rotation":0,"texture":"#0","tintindex":0},"south":{"uv":[15.105264,2.6842105,14.842105,2.8421054],"rotation":0,"texture":"#0","tintindex":0},"up":{"uv":[14.263158,2.6842105,14.526316,2.368421],"rotation":0,"texture":"#0","tintindex":0},"west":{"uv":[14.263158,2.6842105,13.947369,2.8421054],"rotation":0,"texture":"#0","tintindex":0}}},{"name":"wi1","from":[28.701267,14.306001,4.406],"to":[31.089268,14.894,7.994],"rotation":{"angle":0.0,"axis":"x","origin":[19.400002,7.4,-13.000001]},"faces":{"down":{"uv":[14.789474,8.578947,15.0,8.894737],"rotation":0,"texture":"#0","tintindex":0},"east":{"uv":[15.105264,8.894737,14.789474,8.947369],"rotation":0,"texture":"#0","tintindex":0},"north":{"uv":[14.789474,8.894737,14.578947,8.947369],"rotation":0,"texture":"#0","tintindex":0},"south":{"uv":[15.315789,8.894737,15.105264,8.947369],"rotation":0,"texture":"#0","tintindex":0},"up":{"uv":[14.578947,8.894737,14.789474,8.578947],"rotation":0,"texture":"#0","tintindex":0},"west":{"uv":[14.578947,8.894737,14.263158,8.947369],"rotation":0,"texture":"#0","tintindex":0}}},{"name":"wi1","from":[28.701267,14.906,4.406],"to":[31.68927,16.694,7.994],"rotation":{"angle":0.0,"axis":"x","origin":[19.400002,7.4,-13.000001]},"faces":{"down":{"uv":[14.526316,4.4210525,14.789474,4.736842],"rotation":0,"texture":"#0","tintindex":0},"east":{"uv":[14.842105,4.736842,14.526316,4.894737],"rotation":0,"texture":"#0","tintindex":0},"north":{"uv":[14.526316,4.736842,14.263158,4.894737],"rotation":0,"texture":"#0","tintindex":0},"south":{"uv":[15.105264,4.736842,14.842105,4.894737],"rotation":0,"texture":"#0","tintindex":0},"up":{"uv":[14.263158,4.736842,14.526316,4.4210525],"rotation":0,"texture":"#0","tintindex":0},"west":{"uv":[14.263158,4.736842,13.947369,4.894737],"rotation":0,"texture":"#0","tintindex":0}}}],"display":{"head":{"translation":[0.0,-6.4,0.0],"rotation":[0.0,0.0,0.0],"scale":[3.8095,3.8095,3.8095]}}}