{"textures":{"0":"modelengine:entity/cop_car"},"elements":[{"name":"wi2","from":[7.1047344,14.900001,4.3999996],"to":[10.104734,16.7,8.0],"rotation":{"angle":0.0,"axis":"x","origin":[19.400002,7.4,-9.400001]},"faces":{"down":{"uv":[14.631579,13.894737,14.368422,14.210526],"rotation":0,"texture":"#0","tintindex":0},"east":{"uv":[13.789474,14.210526,14.105264,14.368422],"rotation":0,"texture":"#0","tintindex":0},"north":{"uv":[14.105264,14.210526,14.368422,14.368422],"rotation":0,"texture":"#0","tintindex":0},"south":{"uv":[14.684211,14.210526,14.947369,14.368422],"rotation":0,"texture":"#0","tintindex":0},"up":{"uv":[14.368422,14.210526,14.105264,13.894737],"rotation":0,"texture":"#0","tintindex":0},"west":{"uv":[14.368422,14.210526,14.684211,14.368422],"rotation":0,"texture":"#0","tintindex":0}}},{"name":"wi2","from":[7.7047343,14.3,4.3999996],"to":[10.104734,14.900001,8.0],"rotation":{"angle":0.0,"axis":"x","origin":[19.400002,7.4,-9.400001]},"faces":{"down":{"uv":[6.3157897,14.210526,6.105263,14.526316],"rotation":0,"texture":"#0","tintindex":0},"east":{"uv":[5.5789475,14.526316,5.894737,14.578947],"rotation":0,"texture":"#0","tintindex":0},"north":{"uv":[5.894737,14.526316,6.105263,14.578947],"rotation":0,"texture":"#0","tintindex":0},"south":{"uv":[6.4210525,14.526316,6.631579,14.578947],"rotation":0,"texture":"#0","tintindex":0},"up":{"uv":[6.105263,14.526316,5.894737,14.210526],"rotation":0,"texture":"#0","tintindex":0},"west":{"uv":[6.105263,14.526316,6.4210525,14.578947],"rotation":0,"texture":"#0","tintindex":0}}},{"name":"wi2","from":[7.1047344,8.0,4.3999996],"to":[10.104734,9.8,8.0],"rotation":{"angle":0.0,"axis":"x","origin":[19.400002,7.4,-9.400001]},"faces":{"down":{"uv":[0.84210527,13.894737,0.57894737,14.210526],"rotation":0,"texture":"#0","tintindex":0},"east":{"uv":[0.0,14.210526,0.31578946,14.368422],"rotation":0,"texture":"#0","tintindex":0},"north":{"uv":[0.31578946,14.210526,0.57894737,14.368422],"rotation":0,"texture":"#0","tintindex":0},"south":{"uv":[0.8947368,14.210526,1.1578947,14.368422],"rotation":0,"texture":"#0","tintindex":0},"up":{"uv":[0.57894737,14.210526,0.31578946,13.894737],"rotation":0,"texture":"#0","tintindex":0},"west":{"uv":[0.57894737,14.210526,0.8947368,14.368422],"rotation":0,"texture":"#0","tintindex":0}}},{"name":"wi2","from":[7.7047343,9.8,4.3999996],"to":[10.104734,10.4,8.0],"rotation":{"angle":0.0,"axis":"x","origin":[19.400002,7.4,-9.400001]},"faces":{"down":{"uv":[8.947369,14.157895,8.736842,14.473684],"rotation":0,"texture":"#0","tintindex":0},"east":{"uv":[8.210526,14.473684,8.526316,14.526316],"rotation":0,"texture":"#0","tintindex":0},"north":{"uv":[8.526316,14.473684,8.736842,14.526316],"rotation":0,"texture":"#0","tintindex":0},"south":{"uv":[9.052631,14.473684,9.263158,14.526316],"rotation":0,"texture":"#0","tintindex":0},"up":{"uv":[8.736842,14.473684,8.526316,14.157895],"rotation":0,"texture":"#0","tintindex":0},"west":{"uv":[8.736842,14.473684,9.052631,14.526316],"rotation":0,"texture":"#0","tintindex":0}}},{"name":"wi2","from":[28.695267,9.8,4.3999996],"to":[31.095268,10.4,8.0],"rotation":{"angle":0.0,"axis":"x","origin":[19.400002,7.4,-9.400001]},"faces":{"down":{"uv":[8.736842,14.157895,8.947369,14.473684],"rotation":0,"texture":"#0","tintindex":0},"east":{"uv":[9.052631,14.473684,8.736842,14.526316],"rotation":0,"texture":"#0","tintindex":0},"north":{"uv":[8.736842,14.473684,8.526316,14.526316],"rotation":0,"texture":"#0","tintindex":0},"south":{"uv":[9.263158,14.473684,9.052631,14.526316],"rotation":0,"texture":"#0","tintindex":0},"up":{"uv":[8.526316,14.473684,8.736842,14.157895],"rotation":0,"texture":"#0","tintindex":0},"west":{"uv":[8.526316,14.473684,8.210526,14.526316],"rotation":0,"texture":"#0","tintindex":0}}},{"name":"wi2","from":[28.695267,8.0,4.3999996],"to":[31.695267,9.8,8.0],"rotation":{"angle":0.0,"axis":"x","origin":[19.400002,7.4,-9.400001]},"faces":{"down":{"uv":[0.57894737,13.894737,0.84210527,14.210526],"rotation":0,"texture":"#0","tintindex":0},"east":{"uv":[0.8947368,14.210526,0.57894737,14.368422],"rotation":0,"texture":"#0","tintindex":0},"north":{"uv":[0.57894737,14.210526,0.31578946,14.368422],"rotation":0,"texture":"#0","tintindex":0},"south":{"uv":[1.1578947,14.210526,0.8947368,14.368422],"rotation":0,"texture":"#0","tintindex":0},"up":{"uv":[0.31578946,14.210526,0.57894737,13.894737],"rotation":0,"texture":"#0","tintindex":0},"west":{"uv":[0.31578946,14.210526,0.0,14.368422],"rotation":0,"texture":"#0","tintindex":0}}},{"name":"wi2","from":[28.695267,14.3,4.3999996],"to":[31.095268,14.900001,8.0],"rotation":{"angle":0.0,"axis":"x","origin":[19.400002,7.4,-9.400001]},"faces":{"down":{"uv":[6.105263,14.210526,6.3157897,14.526316],"rotation":0,"texture":"#0","tintindex":0},"east":{"uv":[6.4210525,14.526316,6.105263,14.578947],"rotation":0,"texture":"#0","tintindex":0},"north":{"uv":[6.105263,14.526316,5.894737,14.578947],"rotation":0,"texture":"#0","tintindex":0},"south":{"uv":[6.631579,14.526316,6.4210525,14.578947],"rotation":0,"texture":"#0","tintindex":0},"up":{"uv":[5.894737,14.526316,6.105263,14.210526],"rotation":0,"texture":"#0","tintindex":0},"west":{"uv":[5.894737,14.526316,5.5789475,14.578947],"rotation":0,"texture":"#0","tintindex":0}}},{"name":"wi2","from":[28.695267,14.900001,4.3999996],"to":[31.695267,16.7,8.0],"rotation":{"angle":0.0,"axis":"x","origin":[19.400002,7.4,-9.400001]},"faces":{"down":{"uv":[14.368422,13.894737,14.631579,14.210526],"rotation":0,"texture":"#0","tintindex":0},"east":{"uv":[14.684211,14.210526,14.368422,14.368422],"rotation":0,"texture":"#0","tintindex":0},"north":{"uv":[14.368422,14.210526,14.105264,14.368422],"rotation":0,"texture":"#0","tintindex":0},"south":{"uv":[14.947369,14.210526,14.684211,14.368422],"rotation":0,"texture":"#0","tintindex":0},"up":{"uv":[14.105264,14.210526,14.368422,13.894737],"rotation":0,"texture":"#0","tintindex":0},"west":{"uv":[14.105264,14.210526,13.789474,14.368422],"rotation":0,"texture":"#0","tintindex":0}}}],"display":{"head":{"translation":[0.0,-6.4,0.0],"rotation":[0.0,0.0,0.0],"scale":[3.8095,3.8095,3.8095]}}}