{"textures":{"0":"modelengine:entity/cop_car"},"elements":[{"name":"wi3","from":[7.1107345,14.906,4.406],"to":[10.098734,16.694,7.994],"rotation":{"angle":0.0,"axis":"x","origin":[19.400002,7.4,-5.8]},"faces":{"down":{"uv":[7.368421,13.842105,7.105263,14.157895],"rotation":0,"texture":"#0","tintindex":0},"east":{"uv":[6.5263157,14.157895,6.8421054,14.315789],"rotation":0,"texture":"#0","tintindex":0},"north":{"uv":[6.8421054,14.157895,7.105263,14.315789],"rotation":0,"texture":"#0","tintindex":0},"south":{"uv":[7.4210525,14.157895,7.684211,14.315789],"rotation":0,"texture":"#0","tintindex":0},"up":{"uv":[7.105263,14.157895,6.8421054,13.842105],"rotation":0,"texture":"#0","tintindex":0},"west":{"uv":[7.105263,14.157895,7.4210525,14.315789],"rotation":0,"texture":"#0","tintindex":0}}},{"name":"wi3","from":[7.7107344,14.306001,4.406],"to":[10.098734,14.894,7.994],"rotation":{"angle":0.0,"axis":"x","origin":[19.400002,7.4,-5.8]},"faces":{"down":{"uv":[5.5789475,14.157895,5.368421,14.473684],"rotation":0,"texture":"#0","tintindex":0},"east":{"uv":[4.8421054,14.473684,5.1578946,14.526316],"rotation":0,"texture":"#0","tintindex":0},"north":{"uv":[5.1578946,14.473684,5.368421,14.526316],"rotation":0,"texture":"#0","tintindex":0},"south":{"uv":[5.684211,14.473684,5.894737,14.526316],"rotation":0,"texture":"#0","tintindex":0},"up":{"uv":[5.368421,14.473684,5.1578946,14.157895],"rotation":0,"texture":"#0","tintindex":0},"west":{"uv":[5.368421,14.473684,5.684211,14.526316],"rotation":0,"texture":"#0","tintindex":0}}},{"name":"wi3","from":[7.1107345,8.0060005,4.406],"to":[10.098734,9.794001,7.994],"rotation":{"angle":0.0,"axis":"x","origin":[19.400002,7.4,-5.8]},"faces":{"down":{"uv":[13.789474,13.736842,13.526316,14.052631],"rotation":0,"texture":"#0","tintindex":0},"east":{"uv":[12.947369,14.052631,13.263158,14.210526],"rotation":0,"texture":"#0","tintindex":0},"north":{"uv":[13.263158,14.052631,13.526316,14.210526],"rotation":0,"texture":"#0","tintindex":0},"south":{"uv":[13.842105,14.052631,14.105264,14.210526],"rotation":0,"texture":"#0","tintindex":0},"up":{"uv":[13.526316,14.052631,13.263158,13.736842],"rotation":0,"texture":"#0","tintindex":0},"west":{"uv":[13.526316,14.052631,13.842105,14.210526],"rotation":0,"texture":"#0","tintindex":0}}},{"name":"wi3","from":[7.7107344,9.806,4.406],"to":[10.098734,10.394,7.994],"rotation":{"angle":0.0,"axis":"x","origin":[19.400002,7.4,-5.8]},"faces":{"down":{"uv":[14.789474,12.578947,14.578947,12.894737],"rotation":0,"texture":"#0","tintindex":0},"east":{"uv":[14.052631,12.894737,14.368422,12.947369],"rotation":0,"texture":"#0","tintindex":0},"north":{"uv":[14.368422,12.894737,14.578947,12.947369],"rotation":0,"texture":"#0","tintindex":0},"south":{"uv":[14.894737,12.894737,15.105264,12.947369],"rotation":0,"texture":"#0","tintindex":0},"up":{"uv":[14.578947,12.894737,14.368422,12.578947],"rotation":0,"texture":"#0","tintindex":0},"west":{"uv":[14.578947,12.894737,14.894737,12.947369],"rotation":0,"texture":"#0","tintindex":0}}},{"name":"wi3","from":[28.701267,9.806,4.406],"to":[31.089268,10.394,7.994],"rotation":{"angle":0.0,"axis":"x","origin":[19.400002,7.4,-5.8]},"faces":{"down":{"uv":[14.578947,12.578947,14.789474,12.894737],"rotation":0,"texture":"#0","tintindex":0},"east":{"uv":[14.894737,12.894737,14.578947,12.947369],"rotation":0,"texture":"#0","tintindex":0},"north":{"uv":[14.578947,12.894737,14.368422,12.947369],"rotation":0,"texture":"#0","tintindex":0},"south":{"uv":[15.105264,12.894737,14.894737,12.947369],"rotation":0,"texture":"#0","tintindex":0},"up":{"uv":[14.368422,12.894737,14.578947,12.578947],"rotation":0,"texture":"#0","tintindex":0},"west":{"uv":[14.368422,12.894737,14.052631,12.947369],"rotation":0,"texture":"#0","tintindex":0}}},{"name":"wi3","from":[28.701267,8.0060005,4.406],"to":[31.68927,9.794001,7.994],"rotation":{"angle":0.0,"axis":"x","origin":[19.400002,7.4,-5.8]},"faces":{"down":{"uv":[13.526316,13.736842,13.789474,14.052631],"rotation":0,"texture":"#0","tintindex":0},"east":{"uv":[13.842105,14.052631,13.526316,14.210526],"rotation":0,"texture":"#0","tintindex":0},"north":{"uv":[13.526316,14.052631,13.263158,14.210526],"rotation":0,"texture":"#0","tintindex":0},"south":{"uv":[14.105264,14.052631,13.842105,14.210526],"rotation":0,"texture":"#0","tintindex":0},"up":{"uv":[13.263158,14.052631,13.526316,13.736842],"rotation":0,"texture":"#0","tintindex":0},"west":{"uv":[13.263158,14.052631,12.947369,14.210526],"rotation":0,"texture":"#0","tintindex":0}}},{"name":"wi3","from":[28.701267,14.306001,4.406],"to":[31.089268,14.894,7.994],"rotation":{"angle":0.0,"axis":"x","origin":[19.400002,7.4,-5.8]},"faces":{"down":{"uv":[5.368421,14.157895,5.5789475,14.473684],"rotation":0,"texture":"#0","tintindex":0},"east":{"uv":[5.684211,14.473684,5.368421,14.526316],"rotation":0,"texture":"#0","tintindex":0},"north":{"uv":[5.368421,14.473684,5.1578946,14.526316],"rotation":0,"texture":"#0","tintindex":0},"south":{"uv":[5.894737,14.473684,5.684211,14.526316],"rotation":0,"texture":"#0","tintindex":0},"up":{"uv":[5.1578946,14.473684,5.368421,14.157895],"rotation":0,"texture":"#0","tintindex":0},"west":{"uv":[5.1578946,14.473684,4.8421054,14.526316],"rotation":0,"texture":"#0","tintindex":0}}},{"name":"wi3","from":[28.701267,14.906,4.406],"to":[31.68927,16.694,7.994],"rotation":{"angle":0.0,"axis":"x","origin":[19.400002,7.4,-5.8]},"faces":{"down":{"uv":[7.105263,13.842105,7.368421,14.157895],"rotation":0,"texture":"#0","tintindex":0},"east":{"uv":[7.4210525,14.157895,7.105263,14.315789],"rotation":0,"texture":"#0","tintindex":0},"north":{"uv":[7.105263,14.157895,6.8421054,14.315789],"rotation":0,"texture":"#0","tintindex":0},"south":{"uv":[7.684211,14.157895,7.4210525,14.315789],"rotation":0,"texture":"#0","tintindex":0},"up":{"uv":[6.8421054,14.157895,7.105263,13.842105],"rotation":0,"texture":"#0","tintindex":0},"west":{"uv":[6.8421054,14.157895,6.5263157,14.315789],"rotation":0,"texture":"#0","tintindex":0}}}],"display":{"head":{"translation":[0.0,-6.4,0.0],"rotation":[0.0,0.0,0.0],"scale":[3.8095,3.8095,3.8095]}}}