{"textures":{"0":"modelengine:entity/suv"},"elements":[{"name":"b1","from":[-1.0090008,10.991001,0.70099854],"to":[16.409,12.209,6.718999],"rotation":{"angle":0.0,"axis":"x","origin":[7.7,1.9999998,26.600002]},"faces":{"down":{"uv":[13.111112,8.055555,11.5,8.611112],"rotation":0,"texture":"#0","tintindex":0},"east":{"uv":[9.333333,8.611112,9.888889,8.722222],"rotation":0,"texture":"#0","tintindex":0},"north":{"uv":[9.888889,8.611112,11.5,8.722222],"rotation":0,"texture":"#0","tintindex":0},"south":{"uv":[12.055555,8.611112,13.666667,8.722222],"rotation":0,"texture":"#0","tintindex":0},"up":{"uv":[11.5,8.611112,9.888889,8.055555],"rotation":0,"texture":"#0","tintindex":0},"west":{"uv":[11.5,8.611112,12.055555,8.722222],"rotation":0,"texture":"#0","tintindex":0}}},{"name":"b1","from":[-0.42400026,7.376,0.7759998],"to":[15.824001,9.224,5.0239997],"rotation":{"angle":0.0,"axis":"x","origin":[7.7,1.9999998,26.600002]},"faces":{"down":{"uv":[13.5,3.8888888,12.0,4.2777777],"rotation":0,"texture":"#0","tintindex":0},"east":{"uv":[10.111112,4.2777777,10.5,4.4444447],"rotation":0,"texture":"#0","tintindex":0},"north":{"uv":[10.5,4.2777777,12.0,4.4444447],"rotation":0,"texture":"#0","tintindex":0},"south":{"uv":[12.388889,4.2777777,13.888889,4.4444447],"rotation":0,"texture":"#0","tintindex":0},"up":{"uv":[12.0,4.2777777,10.5,3.8888888],"rotation":0,"texture":"#0","tintindex":0},"west":{"uv":[12.0,4.2777777,12.388889,4.4444447],"rotation":0,"texture":"#0","tintindex":0}}},{"name":"b1","from":[0.17599964,6.1759996,1.3759998],"to":[15.224001,11.024,5.0239997],"rotation":{"angle":0.0,"axis":"x","origin":[7.7,1.9999998,26.600002]},"faces":{"down":{"uv":[13.444445,6.5,12.055555,6.8333335],"rotation":0,"texture":"#0","tintindex":0},"east":{"uv":[10.333333,6.8333335,10.666667,7.2777777],"rotation":0,"texture":"#0","tintindex":0},"north":{"uv":[10.666667,6.8333335,12.055555,7.2777777],"rotation":0,"texture":"#0","tintindex":0},"south":{"uv":[12.388889,6.8333335,13.777778,7.2777777],"rotation":0,"texture":"#0","tintindex":0},"up":{"uv":[12.055555,6.8333335,10.666667,6.5],"rotation":0,"texture":"#0","tintindex":0},"west":{"uv":[12.055555,6.8333335,12.388889,7.2777777],"rotation":0,"texture":"#0","tintindex":0}}},{"name":"b1","from":[-4.0000005,6.2,1.3999997],"to":[0.19999981,11.0,3.7999997],"rotation":{"angle":22.5,"axis":"y","origin":[0.19999981,6.2,1.3999997]},"faces":{"down":{"uv":[14.111112,13.444445,13.722222,13.666667],"rotation":0,"texture":"#0","tintindex":0},"east":{"uv":[13.111112,13.666667,13.333333,14.111112],"rotation":0,"texture":"#0","tintindex":0},"north":{"uv":[13.333333,13.666667,13.722222,14.111112],"rotation":0,"texture":"#0","tintindex":0},"south":{"uv":[13.944445,13.666667,14.333333,14.111112],"rotation":0,"texture":"#0","tintindex":0},"up":{"uv":[13.722222,13.666667,13.333333,13.444445],"rotation":0,"texture":"#0","tintindex":0},"west":{"uv":[13.722222,13.666667,13.944445,14.111112],"rotation":0,"texture":"#0","tintindex":0}}},{"name":"b1","from":[15.2,6.2,1.3999997],"to":[19.400002,11.0,3.7999997],"rotation":{"angle":-22.5,"axis":"y","origin":[15.2,6.2,1.3999997]},"faces":{"down":{"uv":[13.722222,13.444445,14.111112,13.666667],"rotation":0,"texture":"#0","tintindex":0},"east":{"uv":[13.944445,13.666667,13.722222,14.111112],"rotation":0,"texture":"#0","tintindex":0},"north":{"uv":[13.722222,13.666667,13.333333,14.111112],"rotation":0,"texture":"#0","tintindex":0},"south":{"uv":[14.333333,13.666667,13.944445,14.111112],"rotation":0,"texture":"#0","tintindex":0},"up":{"uv":[13.333333,13.666667,13.722222,13.444445],"rotation":0,"texture":"#0","tintindex":0},"west":{"uv":[13.333333,13.666667,13.111112,14.111112],"rotation":0,"texture":"#0","tintindex":0}}},{"name":"b1","from":[-0.99400043,5.006,0.6710007],"to":[16.394001,6.194,3.6590006],"rotation":{"angle":0.0,"axis":"x","origin":[7.7,1.9999998,26.600002]},"faces":{"down":{"uv":[13.944445,5.611111,12.333333,5.888889],"rotation":0,"texture":"#0","tintindex":0},"east":{"uv":[10.444445,5.888889,10.722222,6.0],"rotation":0,"texture":"#0","tintindex":0},"north":{"uv":[10.722222,5.888889,12.333333,6.0],"rotation":0,"texture":"#0","tintindex":0},"south":{"uv":[12.611112,5.888889,14.222222,6.0],"rotation":0,"texture":"#0","tintindex":0},"up":{"uv":[12.333333,5.888889,10.722222,5.611111],"rotation":0,"texture":"#0","tintindex":0},"west":{"uv":[12.333333,5.888889,12.611112,6.0],"rotation":0,"texture":"#0","tintindex":0}}},{"name":"b1","from":[-4.5940003,5.006,3.671001],"to":[19.994,6.194,5.4590006],"rotation":{"angle":0.0,"axis":"x","origin":[7.7,1.9999998,26.600002]},"faces":{"down":{"uv":[10.944445,4.7777777,8.666667,4.9444447],"rotation":0,"texture":"#0","tintindex":0},"east":{"uv":[6.2222223,4.9444447,6.388889,5.055556],"rotation":0,"texture":"#0","tintindex":0},"north":{"uv":[6.388889,4.9444447,8.666667,5.055556],"rotation":0,"texture":"#0","tintindex":0},"south":{"uv":[8.833333,4.9444447,11.111112,5.055556],"rotation":0,"texture":"#0","tintindex":0},"up":{"uv":[8.666667,4.9444447,6.388889,4.7777777],"rotation":0,"texture":"#0","tintindex":0},"west":{"uv":[8.666667,4.9444447,8.833333,5.055556],"rotation":0,"texture":"#0","tintindex":0}}}],"display":{"head":{"translation":[0.0,-6.4,0.0],"rotation":[0.0,0.0,0.0],"scale":[3.8095,3.8095,3.8095]}}}