{"textures":{"0":"modelengine:entity/suv"},"elements":[{"name":"b2","from":[6.1099987,7.955,1.9549999],"to":[32.0,9.245,8.045],"rotation":{"angle":0.0,"axis":"x","origin":[19.055,3.7999997,-24.880966]},"faces":{"down":{"uv":[9.666667,5.111111,7.2777777,5.6666665],"rotation":0,"texture":"#0","tintindex":0},"east":{"uv":[4.3333335,5.6666665,4.888889,5.7777777],"rotation":0,"texture":"#0","tintindex":0},"north":{"uv":[4.888889,5.6666665,7.2777777,5.7777777],"rotation":0,"texture":"#0","tintindex":0},"south":{"uv":[7.8333335,5.6666665,10.222222,5.7777777],"rotation":0,"texture":"#0","tintindex":0},"up":{"uv":[7.2777777,5.6666665,4.888889,5.111111],"rotation":0,"texture":"#0","tintindex":0},"west":{"uv":[7.2777777,5.6666665,7.8333335,5.7777777],"rotation":0,"texture":"#0","tintindex":0}}}],"display":{"head":{"translation":[6.888005,-6.4,0.0],"rotation":[0.0,0.0,0.0],"scale":[3.8095,3.8095,3.8095]}}}