{"textures":{"0":"modelengine:entity/suv"},"elements":[{"name":"b5","from":[7.433,8.045001,8.045],"to":[7.955,15.767002,10.367001],"rotation":{"angle":0.0,"axis":"x","origin":[6.8,8.0,8.0]},"faces":{"down":{"uv":[2.3333333,14.0,2.3888888,14.222222],"rotation":0,"texture":"#0","tintindex":0},"east":{"uv":[2.5555556,14.222222,2.3333333,14.944445],"rotation":0,"texture":"#0","tintindex":0},"north":{"uv":[2.3333333,14.222222,2.277778,14.944445],"rotation":0,"texture":"#0","tintindex":0},"south":{"uv":[2.6111112,14.222222,2.5555556,14.944445],"rotation":0,"texture":"#0","tintindex":0},"up":{"uv":[2.277778,14.222222,2.3333333,14.0],"rotation":0,"texture":"#0","tintindex":0},"west":{"uv":[2.277778,14.222222,2.0555556,14.944445],"rotation":0,"texture":"#0","tintindex":0}}},{"name":"b5","from":[6.7939997,8.006001,8.066],"to":[7.394,15.806002,8.066],"rotation":{"angle":0.0,"axis":"x","origin":[6.8,8.0,8.0]},"faces":{"down":{"uv":[6.1666665,3.8888888,6.2222223,3.8888888],"rotation":0,"texture":"#0","tintindex":0},"east":{"uv":[6.1666665,3.8888888,6.1666665,4.611111],"rotation":0,"texture":"#0","tintindex":0},"north":{"uv":[6.1666665,3.8888888,6.111111,4.611111],"rotation":0,"texture":"#0","tintindex":0},"south":{"uv":[6.2222223,3.8888888,6.1666665,4.611111],"rotation":0,"texture":"#0","tintindex":0},"up":{"uv":[6.111111,3.8888888,6.1666665,3.8888888],"rotation":0,"texture":"#0","tintindex":0},"west":{"uv":[6.111111,3.8888888,6.111111,4.611111],"rotation":0,"texture":"#0","tintindex":0}}}],"display":{"head":{"translation":[0.0,-6.4,0.0],"rotation":[0.0,0.0,0.0],"scale":[3.8095,3.8095,3.8095]}}}