{"textures":{"0":"modelengine:entity/suv"},"elements":[{"name":"b6","from":[2.7200003,6.92,8.12],"to":[7.88,7.88,9.08],"rotation":{"angle":0.0,"axis":"x","origin":[-5.08,-6.4750004,30.86]},"faces":{"down":{"uv":[4.9444447,5.7777777,5.4444447,5.888889],"rotation":0,"texture":"#0","tintindex":0},"east":{"uv":[5.055556,5.888889,4.9444447,6.0],"rotation":0,"texture":"#0","tintindex":0},"north":{"uv":[4.9444447,5.888889,4.4444447,6.0],"rotation":0,"texture":"#0","tintindex":0},"south":{"uv":[5.555556,5.888889,5.055556,6.0],"rotation":0,"texture":"#0","tintindex":0},"up":{"uv":[4.4444447,5.888889,4.9444447,5.7777777],"rotation":0,"texture":"#0","tintindex":0},"west":{"uv":[4.4444447,5.888889,4.3333335,6.0],"rotation":0,"texture":"#0","tintindex":0}}},{"name":"b6","from":[2.7350006,6.935,9.094999],"to":[6.665,7.8650002,10.025],"rotation":{"angle":22.5,"axis":"x","origin":[6.2,7.85,9.08]},"faces":{"down":{"uv":[4.8333335,6.0,5.2222223,6.111111],"rotation":0,"texture":"#0","tintindex":0},"east":{"uv":[4.9444447,6.111111,4.8333335,6.2222223],"rotation":0,"texture":"#0","tintindex":0},"north":{"uv":[4.8333335,6.111111,4.4444447,6.2222223],"rotation":0,"texture":"#0","tintindex":0},"south":{"uv":[5.3333335,6.111111,4.9444447,6.2222223],"rotation":0,"texture":"#0","tintindex":0},"up":{"uv":[4.4444447,6.111111,4.8333335,6.0],"rotation":0,"texture":"#0","tintindex":0},"west":{"uv":[4.4444447,6.111111,4.3333335,6.2222223],"rotation":0,"texture":"#0","tintindex":0}}},{"name":"b6","from":[3.9350004,6.935,10.025],"to":[5.465,7.8650002,10.954998],"rotation":{"angle":22.5,"axis":"x","origin":[6.2,7.85,9.08]},"faces":{"down":{"uv":[1.7222222,2.0,1.888889,2.1111112],"rotation":0,"texture":"#0","tintindex":0},"east":{"uv":[1.8333334,2.1111112,1.7222222,2.2222223],"rotation":0,"texture":"#0","tintindex":0},"north":{"uv":[1.7222222,2.1111112,1.5555556,2.2222223],"rotation":0,"texture":"#0","tintindex":0},"south":{"uv":[2.0,2.1111112,1.8333334,2.2222223],"rotation":0,"texture":"#0","tintindex":0},"up":{"uv":[1.5555556,2.1111112,1.7222222,2.0],"rotation":0,"texture":"#0","tintindex":0},"west":{"uv":[1.5555556,2.1111112,1.4444444,2.2222223],"rotation":0,"texture":"#0","tintindex":0}}}],"display":{"head":{"translation":[0.0,-6.4,0.0],"rotation":[0.0,0.0,0.0],"scale":[3.8095,3.8095,3.8095]}}}