{"textures":{"0":"modelengine:entity/suv"},"elements":[{"name":"b7","from":[7.4,8.0,6.200001],"to":[8.0,15.2,8.0],"rotation":{"angle":0.0,"axis":"x","origin":[-4.3000007,-6.4000006,-11.680966]},"faces":{"down":{"uv":[6.1666665,14.111112,6.2222223,14.277778],"rotation":0,"texture":"#0","tintindex":0},"east":{"uv":[6.3333335,14.277778,6.1666665,14.944445],"rotation":0,"texture":"#0","tintindex":0},"north":{"uv":[6.1666665,14.277778,6.111111,14.944445],"rotation":0,"texture":"#0","tintindex":0},"south":{"uv":[6.388889,14.277778,6.3333335,14.944445],"rotation":0,"texture":"#0","tintindex":0},"up":{"uv":[6.111111,14.277778,6.1666665,14.111112],"rotation":0,"texture":"#0","tintindex":0},"west":{"uv":[6.111111,14.277778,5.9444447,14.944445],"rotation":0,"texture":"#0","tintindex":0}}},{"name":"b7","from":[7.925,14.0,8.0],"to":[7.925,14.6,16.400002],"rotation":{"angle":0.0,"axis":"x","origin":[-4.3000007,-6.4000006,-11.680966]},"faces":{"down":{"uv":[0.7777778,1.2222222,0.7777778,2.0],"rotation":0,"texture":"#0","tintindex":0},"east":{"uv":[1.5555556,2.0,0.7777778,2.0555556],"rotation":0,"texture":"#0","tintindex":0},"north":{"uv":[0.7777778,2.0,0.7777778,2.0555556],"rotation":0,"texture":"#0","tintindex":0},"south":{"uv":[1.5555556,2.0,1.5555556,2.0555556],"rotation":0,"texture":"#0","tintindex":0},"up":{"uv":[0.7777778,2.0,0.7777778,1.2222222],"rotation":0,"texture":"#0","tintindex":0},"west":{"uv":[0.7777778,2.0,0.0,2.0555556],"rotation":0,"texture":"#0","tintindex":0}}},{"name":"b7","from":[7.925,8.0,8.0],"to":[7.925,8.6,18.8],"rotation":{"angle":0.0,"axis":"x","origin":[-4.3000007,-6.4000006,-11.680966]},"faces":{"down":{"uv":[1.0,0.9444445,1.0,1.9444444],"rotation":0,"texture":"#0","tintindex":0},"east":{"uv":[2.0,1.9444444,1.0,2.0],"rotation":0,"texture":"#0","tintindex":0},"north":{"uv":[1.0,1.9444444,1.0,2.0],"rotation":0,"texture":"#0","tintindex":0},"south":{"uv":[2.0,1.9444444,2.0,2.0],"rotation":0,"texture":"#0","tintindex":0},"up":{"uv":[1.0,1.9444444,1.0,0.9444445],"rotation":0,"texture":"#0","tintindex":0},"west":{"uv":[1.0,1.9444444,0.0,2.0],"rotation":0,"texture":"#0","tintindex":0}}},{"name":"b7","from":[7.925,9.2,10.4],"to":[7.925,13.400001,15.8],"rotation":{"angle":0.0,"axis":"x","origin":[-4.3000007,-6.4000006,-11.680966]},"faces":{"down":{"uv":[0.5,1.888889,0.5,2.3888888],"rotation":0,"texture":"#0","tintindex":0},"east":{"uv":[1.0,2.3888888,0.5,2.777778],"rotation":0,"texture":"#0","tintindex":0},"north":{"uv":[0.5,2.3888888,0.5,2.777778],"rotation":0,"texture":"#0","tintindex":0},"south":{"uv":[1.0,2.3888888,1.0,2.777778],"rotation":0,"texture":"#0","tintindex":0},"up":{"uv":[0.5,2.3888888,0.5,1.888889],"rotation":0,"texture":"#0","tintindex":0},"west":{"uv":[0.5,2.3888888,0.0,2.777778],"rotation":0,"texture":"#0","tintindex":0}}},{"name":"b7","from":[7.3699994,8.014999,7.4150014],"to":[7.9399996,15.185,9.185],"rotation":{"angle":0.0,"axis":"x","origin":[8.0,8.0,9.8]},"faces":{"down":{"uv":[5.7222223,14.111112,5.7777777,14.277778],"rotation":0,"texture":"#0","tintindex":0},"east":{"uv":[5.888889,14.277778,5.7222223,14.944445],"rotation":0,"texture":"#0","tintindex":0},"north":{"uv":[5.7222223,14.277778,5.6666665,14.944445],"rotation":0,"texture":"#0","tintindex":0},"south":{"uv":[5.9444447,14.277778,5.888889,14.944445],"rotation":0,"texture":"#0","tintindex":0},"up":{"uv":[5.6666665,14.277778,5.7222223,14.111112],"rotation":0,"texture":"#0","tintindex":0},"west":{"uv":[5.6666665,14.277778,5.5,14.944445],"rotation":0,"texture":"#0","tintindex":0}}},{"name":"b7","from":[8.0,7.4,8.570001],"to":[8.0,15.2,9.17],"rotation":{"angle":0.0,"axis":"x","origin":[8.0,8.0,9.8]},"faces":{"down":{"uv":[4.9444447,2.3333333,4.9444447,2.3888888],"rotation":0,"texture":"#0","tintindex":0},"east":{"uv":[5.0,2.3888888,4.9444447,3.1111112],"rotation":0,"texture":"#0","tintindex":0},"north":{"uv":[4.9444447,2.3888888,4.9444447,3.1111112],"rotation":0,"texture":"#0","tintindex":0},"south":{"uv":[5.0,2.3888888,5.0,3.1111112],"rotation":0,"texture":"#0","tintindex":0},"up":{"uv":[4.9444447,2.3888888,4.9444447,2.3333333],"rotation":0,"texture":"#0","tintindex":0},"west":{"uv":[4.9444447,2.3888888,4.888889,3.1111112],"rotation":0,"texture":"#0","tintindex":0}}},{"name":"b7","from":[8.0,7.4,17.390001],"to":[8.0,14.6,17.990002],"rotation":{"angle":0.0,"axis":"x","origin":[8.0,8.0,17.420002]},"faces":{"down":{"uv":[0.6111111,4.111111,0.6111111,4.1666665],"rotation":0,"texture":"#0","tintindex":0},"east":{"uv":[0.6666667,4.1666665,0.6111111,4.888889],"rotation":0,"texture":"#0","tintindex":0},"north":{"uv":[0.6111111,4.1666665,0.6111111,4.888889],"rotation":0,"texture":"#0","tintindex":0},"south":{"uv":[0.6666667,4.1666665,0.6666667,4.888889],"rotation":0,"texture":"#0","tintindex":0},"up":{"uv":[0.6111111,4.1666665,0.6111111,4.111111],"rotation":0,"texture":"#0","tintindex":0},"west":{"uv":[0.6111111,4.1666665,0.5555556,4.888889],"rotation":0,"texture":"#0","tintindex":0}}}],"display":{"head":{"translation":[0.0,-6.4,0.0],"rotation":[0.0,0.0,0.0],"scale":[3.8095,3.8095,3.8095]}}}