{"textures":{"0":"modelengine:entity/suv"},"elements":[{"name":"bb0","from":[8.045,6.845,8.045],"to":[13.355,8.555,9.755],"rotation":{"angle":0.0,"axis":"x","origin":[20.900002,-1.6000004,30.8]},"faces":{"down":{"uv":[9.166667,10.666667,8.666667,10.833333],"rotation":0,"texture":"#0","tintindex":0},"east":{"uv":[8.0,10.833333,8.166667,11.0],"rotation":0,"texture":"#0","tintindex":0},"north":{"uv":[8.166667,10.833333,8.666667,11.0],"rotation":0,"texture":"#0","tintindex":0},"south":{"uv":[8.833333,10.833333,9.333333,11.0],"rotation":0,"texture":"#0","tintindex":0},"up":{"uv":[8.666667,10.833333,8.166667,10.666667],"rotation":0,"texture":"#0","tintindex":0},"west":{"uv":[8.666667,10.833333,8.833333,11.0],"rotation":0,"texture":"#0","tintindex":0}}},{"name":"bb0","from":[8.030001,5.72,8.030001],"to":[9.77,6.8599997,9.77],"rotation":{"angle":0.0,"axis":"x","origin":[20.900002,-1.6000004,30.8]},"faces":{"down":{"uv":[5.9444447,3.8888888,5.7777777,4.055556],"rotation":0,"texture":"#0","tintindex":0},"east":{"uv":[5.4444447,4.055556,5.611111,4.1666665],"rotation":0,"texture":"#0","tintindex":0},"north":{"uv":[5.611111,4.055556,5.7777777,4.1666665],"rotation":0,"texture":"#0","tintindex":0},"south":{"uv":[5.9444447,4.055556,6.111111,4.1666665],"rotation":0,"texture":"#0","tintindex":0},"up":{"uv":[5.7777777,4.055556,5.611111,3.8888888],"rotation":0,"texture":"#0","tintindex":0},"west":{"uv":[5.7777777,4.055556,5.9444447,4.1666665],"rotation":0,"texture":"#0","tintindex":0}}},{"name":"bb0","from":[9.2,5.7499995,8.06],"to":[13.28,6.83,9.74],"rotation":{"angle":22.5,"axis":"z","origin":[9.139999,5.6899996,8.0]},"faces":{"down":{"uv":[0.9444445,5.888889,0.5555556,6.055556],"rotation":0,"texture":"#0","tintindex":0},"east":{"uv":[0.0,6.055556,0.16666667,6.1666665],"rotation":0,"texture":"#0","tintindex":0},"north":{"uv":[0.16666667,6.055556,0.5555556,6.1666665],"rotation":0,"texture":"#0","tintindex":0},"south":{"uv":[0.7222222,6.055556,1.1111112,6.1666665],"rotation":0,"texture":"#0","tintindex":0},"up":{"uv":[0.5555556,6.055556,0.16666667,5.888889],"rotation":0,"texture":"#0","tintindex":0},"west":{"uv":[0.5555556,6.055556,0.7222222,6.1666665],"rotation":0,"texture":"#0","tintindex":0}}},{"name":"bb0","from":[8.105,7.4449997,8.224999],"to":[12.8150015,10.955,9.934999],"rotation":{"angle":-22.5,"axis":"y","origin":[8.06,10.4,8.179999]},"faces":{"down":{"uv":[7.9444447,11.833333,7.5,12.0],"rotation":0,"texture":"#0","tintindex":0},"east":{"uv":[6.888889,12.0,7.055556,12.333333],"rotation":0,"texture":"#0","tintindex":0},"north":{"uv":[7.055556,12.0,7.5,12.333333],"rotation":0,"texture":"#0","tintindex":0},"south":{"uv":[7.6666665,12.0,8.111112,12.333333],"rotation":0,"texture":"#0","tintindex":0},"up":{"uv":[7.5,12.0,7.055556,11.833333],"rotation":0,"texture":"#0","tintindex":0},"west":{"uv":[7.5,12.0,7.6666665,12.333333],"rotation":0,"texture":"#0","tintindex":0}}},{"name":"bb0","from":[8.045,1.4449996,8.045],"to":[13.355,2.5549998,9.755],"rotation":{"angle":0.0,"axis":"x","origin":[20.900002,-1.6000004,30.8]},"faces":{"down":{"uv":[5.5,3.2222223,5.0,3.3888888],"rotation":0,"texture":"#0","tintindex":0},"east":{"uv":[4.3333335,3.3888888,4.5,3.5],"rotation":0,"texture":"#0","tintindex":0},"north":{"uv":[4.5,3.3888888,5.0,3.5],"rotation":0,"texture":"#0","tintindex":0},"south":{"uv":[5.1666665,3.3888888,5.6666665,3.5],"rotation":0,"texture":"#0","tintindex":0},"up":{"uv":[5.0,3.3888888,4.5,3.2222223],"rotation":0,"texture":"#0","tintindex":0},"west":{"uv":[5.0,3.3888888,5.1666665,3.5],"rotation":0,"texture":"#0","tintindex":0}}}],"display":{"head":{"translation":[0.0,-6.4,0.0],"rotation":[0.0,0.0,0.0],"scale":[3.8095,3.8095,3.8095]}}}