{"textures":{"0":"modelengine:entity/suv"},"elements":[{"name":"bb1","from":[8.014999,5.027,8.015001],"to":[10.973,6.1850004,11.573001],"rotation":{"angle":22.5,"axis":"x","origin":[8.0,5.0,11.6]},"faces":{"down":{"uv":[14.777778,2.6111112,14.5,2.9444444],"rotation":0,"texture":"#0","tintindex":0},"east":{"uv":[13.888889,2.9444444,14.222222,3.0555556],"rotation":0,"texture":"#0","tintindex":0},"north":{"uv":[14.222222,2.9444444,14.5,3.0555556],"rotation":0,"texture":"#0","tintindex":0},"south":{"uv":[14.833333,2.9444444,15.111112,3.0555556],"rotation":0,"texture":"#0","tintindex":0},"up":{"uv":[14.5,2.9444444,14.222222,2.6111112],"rotation":0,"texture":"#0","tintindex":0},"west":{"uv":[14.5,2.9444444,14.833333,3.0555556],"rotation":0,"texture":"#0","tintindex":0}}},{"name":"bb1","from":[8.0,6.212,8.000001],"to":[10.3880005,8.0,11.588001],"rotation":{"angle":0.0,"axis":"x","origin":[16.094,0.80599976,33.794003]},"faces":{"down":{"uv":[9.888889,10.666667,9.666667,11.0],"rotation":0,"texture":"#0","tintindex":0},"east":{"uv":[9.111112,11.0,9.444445,11.166667],"rotation":0,"texture":"#0","tintindex":0},"north":{"uv":[9.444445,11.0,9.666667,11.166667],"rotation":0,"texture":"#0","tintindex":0},"south":{"uv":[10.0,11.0,10.222222,11.166667],"rotation":0,"texture":"#0","tintindex":0},"up":{"uv":[9.666667,11.0,9.444445,10.666667],"rotation":0,"texture":"#0","tintindex":0},"west":{"uv":[9.666667,11.0,10.0,11.166667],"rotation":0,"texture":"#0","tintindex":0}}},{"name":"bb1","from":[8.66,8.012,8.300001],"to":[9.248,9.8,10.088001],"rotation":{"angle":0.0,"axis":"x","origin":[16.094,0.80599976,33.794003]},"faces":{"down":{"uv":[5.7777777,4.1666665,5.7222223,4.3333335],"rotation":0,"texture":"#0","tintindex":0},"east":{"uv":[5.5,4.3333335,5.6666665,4.5],"rotation":0,"texture":"#0","tintindex":0},"north":{"uv":[5.6666665,4.3333335,5.7222223,4.5],"rotation":0,"texture":"#0","tintindex":0},"south":{"uv":[5.888889,4.3333335,5.9444447,4.5],"rotation":0,"texture":"#0","tintindex":0},"up":{"uv":[5.7222223,4.3333335,5.6666665,4.1666665],"rotation":0,"texture":"#0","tintindex":0},"west":{"uv":[5.7222223,4.3333335,5.888889,4.5],"rotation":0,"texture":"#0","tintindex":0}}},{"name":"bb1","from":[7.994,4.406,11.594001],"to":[10.394,8.606,13.394001],"rotation":{"angle":0.0,"axis":"x","origin":[16.094,0.80599976,33.794003]},"faces":{"down":{"uv":[2.8333333,10.666667,2.6111112,10.833333],"rotation":0,"texture":"#0","tintindex":0},"east":{"uv":[2.2222223,10.833333,2.3888888,11.222222],"rotation":0,"texture":"#0","tintindex":0},"north":{"uv":[2.3888888,10.833333,2.6111112,11.222222],"rotation":0,"texture":"#0","tintindex":0},"south":{"uv":[2.777778,10.833333,3.0,11.222222],"rotation":0,"texture":"#0","tintindex":0},"up":{"uv":[2.6111112,10.833333,2.3888888,10.666667],"rotation":0,"texture":"#0","tintindex":0},"west":{"uv":[2.6111112,10.833333,2.777778,11.222222],"rotation":0,"texture":"#0","tintindex":0}}}],"display":{"head":{"translation":[0.0,-6.4,0.0],"rotation":[0.0,0.0,0.0],"scale":[3.8095,3.8095,3.8095]}}}