{"textures":{"0":"modelengine:entity/suv"},"elements":[{"name":"bb2","from":[2.6449997,6.845,8.045],"to":[7.955,8.555,9.755],"rotation":{"angle":0.0,"axis":"x","origin":[-4.9000006,-1.6000004,30.8]},"faces":{"down":{"uv":[8.666667,10.666667,9.166667,10.833333],"rotation":0,"texture":"#0","tintindex":0},"east":{"uv":[8.833333,10.833333,8.666667,11.0],"rotation":0,"texture":"#0","tintindex":0},"north":{"uv":[8.666667,10.833333,8.166667,11.0],"rotation":0,"texture":"#0","tintindex":0},"south":{"uv":[9.333333,10.833333,8.833333,11.0],"rotation":0,"texture":"#0","tintindex":0},"up":{"uv":[8.166667,10.833333,8.666667,10.666667],"rotation":0,"texture":"#0","tintindex":0},"west":{"uv":[8.166667,10.833333,8.0,11.0],"rotation":0,"texture":"#0","tintindex":0}}},{"name":"bb2","from":[6.23,5.72,8.030001],"to":[7.97,6.8599997,9.77],"rotation":{"angle":0.0,"axis":"x","origin":[-4.9000006,-1.6000004,30.8]},"faces":{"down":{"uv":[5.7777777,3.8888888,5.9444447,4.055556],"rotation":0,"texture":"#0","tintindex":0},"east":{"uv":[5.9444447,4.055556,5.7777777,4.1666665],"rotation":0,"texture":"#0","tintindex":0},"north":{"uv":[5.7777777,4.055556,5.611111,4.1666665],"rotation":0,"texture":"#0","tintindex":0},"south":{"uv":[6.111111,4.055556,5.9444447,4.1666665],"rotation":0,"texture":"#0","tintindex":0},"up":{"uv":[5.611111,4.055556,5.7777777,3.8888888],"rotation":0,"texture":"#0","tintindex":0},"west":{"uv":[5.611111,4.055556,5.4444447,4.1666665],"rotation":0,"texture":"#0","tintindex":0}}},{"name":"bb2","from":[2.7200003,5.7499995,8.06],"to":[6.8,6.83,9.74],"rotation":{"angle":-22.5,"axis":"z","origin":[6.86,5.6899996,8.0]},"faces":{"down":{"uv":[0.5555556,5.888889,0.9444445,6.055556],"rotation":0,"texture":"#0","tintindex":0},"east":{"uv":[0.7222222,6.055556,0.5555556,6.1666665],"rotation":0,"texture":"#0","tintindex":0},"north":{"uv":[0.5555556,6.055556,0.16666667,6.1666665],"rotation":0,"texture":"#0","tintindex":0},"south":{"uv":[1.1111112,6.055556,0.7222222,6.1666665],"rotation":0,"texture":"#0","tintindex":0},"up":{"uv":[0.16666667,6.055556,0.5555556,5.888889],"rotation":0,"texture":"#0","tintindex":0},"west":{"uv":[0.16666667,6.055556,0.0,6.1666665],"rotation":0,"texture":"#0","tintindex":0}}},{"name":"bb2","from":[3.1849995,7.4449997,8.224999],"to":[7.895,10.955,9.934999],"rotation":{"angle":22.5,"axis":"y","origin":[7.9399996,10.4,8.179999]},"faces":{"down":{"uv":[7.5,11.833333,7.9444447,12.0],"rotation":0,"texture":"#0","tintindex":0},"east":{"uv":[7.6666665,12.0,7.5,12.333333],"rotation":0,"texture":"#0","tintindex":0},"north":{"uv":[7.5,12.0,7.055556,12.333333],"rotation":0,"texture":"#0","tintindex":0},"south":{"uv":[8.111112,12.0,7.6666665,12.333333],"rotation":0,"texture":"#0","tintindex":0},"up":{"uv":[7.055556,12.0,7.5,11.833333],"rotation":0,"texture":"#0","tintindex":0},"west":{"uv":[7.055556,12.0,6.888889,12.333333],"rotation":0,"texture":"#0","tintindex":0}}},{"name":"bb2","from":[2.6449997,1.4449996,8.045],"to":[7.955,2.5549998,9.755],"rotation":{"angle":0.0,"axis":"x","origin":[-4.9000006,-1.6000004,30.8]},"faces":{"down":{"uv":[5.0,3.2222223,5.5,3.3888888],"rotation":0,"texture":"#0","tintindex":0},"east":{"uv":[5.1666665,3.3888888,5.0,3.5],"rotation":0,"texture":"#0","tintindex":0},"north":{"uv":[5.0,3.3888888,4.5,3.5],"rotation":0,"texture":"#0","tintindex":0},"south":{"uv":[5.6666665,3.3888888,5.1666665,3.5],"rotation":0,"texture":"#0","tintindex":0},"up":{"uv":[4.5,3.3888888,5.0,3.2222223],"rotation":0,"texture":"#0","tintindex":0},"west":{"uv":[4.5,3.3888888,4.3333335,3.5],"rotation":0,"texture":"#0","tintindex":0}}}],"display":{"head":{"translation":[0.0,-6.4,0.0],"rotation":[0.0,0.0,0.0],"scale":[3.8095,3.8095,3.8095]}}}