{"textures":{"0":"modelengine:entity/suv"},"elements":[{"name":"bb3","from":[5.027,5.027,8.015001],"to":[7.985,6.1850004,11.573001],"rotation":{"angle":22.5,"axis":"x","origin":[8.0,5.0,11.6]},"faces":{"down":{"uv":[14.5,2.6111112,14.777778,2.9444444],"rotation":0,"texture":"#0","tintindex":0},"east":{"uv":[14.833333,2.9444444,14.5,3.0555556],"rotation":0,"texture":"#0","tintindex":0},"north":{"uv":[14.5,2.9444444,14.222222,3.0555556],"rotation":0,"texture":"#0","tintindex":0},"south":{"uv":[15.111112,2.9444444,14.833333,3.0555556],"rotation":0,"texture":"#0","tintindex":0},"up":{"uv":[14.222222,2.9444444,14.5,2.6111112],"rotation":0,"texture":"#0","tintindex":0},"west":{"uv":[14.222222,2.9444444,13.888889,3.0555556],"rotation":0,"texture":"#0","tintindex":0}}},{"name":"bb3","from":[5.6120005,6.212,8.000001],"to":[8.0,8.0,11.588001],"rotation":{"angle":0.0,"axis":"x","origin":[-0.0940001,0.80599976,33.794003]},"faces":{"down":{"uv":[9.666667,10.666667,9.888889,11.0],"rotation":0,"texture":"#0","tintindex":0},"east":{"uv":[10.0,11.0,9.666667,11.166667],"rotation":0,"texture":"#0","tintindex":0},"north":{"uv":[9.666667,11.0,9.444445,11.166667],"rotation":0,"texture":"#0","tintindex":0},"south":{"uv":[10.222222,11.0,10.0,11.166667],"rotation":0,"texture":"#0","tintindex":0},"up":{"uv":[9.444445,11.0,9.666667,10.666667],"rotation":0,"texture":"#0","tintindex":0},"west":{"uv":[9.444445,11.0,9.111112,11.166667],"rotation":0,"texture":"#0","tintindex":0}}},{"name":"bb3","from":[6.752,8.012,8.300001],"to":[7.3399997,9.8,10.088001],"rotation":{"angle":0.0,"axis":"x","origin":[-0.0940001,0.80599976,33.794003]},"faces":{"down":{"uv":[5.7222223,4.1666665,5.7777777,4.3333335],"rotation":0,"texture":"#0","tintindex":0},"east":{"uv":[5.888889,4.3333335,5.7222223,4.5],"rotation":0,"texture":"#0","tintindex":0},"north":{"uv":[5.7222223,4.3333335,5.6666665,4.5],"rotation":0,"texture":"#0","tintindex":0},"south":{"uv":[5.9444447,4.3333335,5.888889,4.5],"rotation":0,"texture":"#0","tintindex":0},"up":{"uv":[5.6666665,4.3333335,5.7222223,4.1666665],"rotation":0,"texture":"#0","tintindex":0},"west":{"uv":[5.6666665,4.3333335,5.5,4.5],"rotation":0,"texture":"#0","tintindex":0}}},{"name":"bb3","from":[5.606,4.406,11.594001],"to":[8.0060005,8.606,13.394001],"rotation":{"angle":0.0,"axis":"x","origin":[-0.0940001,0.80599976,33.794003]},"faces":{"down":{"uv":[2.6111112,10.666667,2.8333333,10.833333],"rotation":0,"texture":"#0","tintindex":0},"east":{"uv":[2.777778,10.833333,2.6111112,11.222222],"rotation":0,"texture":"#0","tintindex":0},"north":{"uv":[2.6111112,10.833333,2.3888888,11.222222],"rotation":0,"texture":"#0","tintindex":0},"south":{"uv":[3.0,10.833333,2.777778,11.222222],"rotation":0,"texture":"#0","tintindex":0},"up":{"uv":[2.3888888,10.833333,2.6111112,10.666667],"rotation":0,"texture":"#0","tintindex":0},"west":{"uv":[2.3888888,10.833333,2.2222223,11.222222],"rotation":0,"texture":"#0","tintindex":0}}}],"display":{"head":{"translation":[0.0,-6.4,0.0],"rotation":[0.0,0.0,0.0],"scale":[3.8095,3.8095,3.8095]}}}