{"textures":{"0":"modelengine:entity/suv"},"elements":[{"name":"body22","from":[6.116001,6.7580004,1.958],"to":[32.0,8.042,8.042],"rotation":{"angle":0.0,"axis":"x","origin":[19.058002,-6.4000006,24.2]},"faces":{"down":{"uv":[10.777778,3.2222223,8.388889,3.777778],"rotation":0,"texture":"#0","tintindex":0},"east":{"uv":[5.4444447,3.777778,6.0,3.8888888],"rotation":0,"texture":"#0","tintindex":0},"north":{"uv":[6.0,3.777778,8.388889,3.8888888],"rotation":0,"texture":"#0","tintindex":0},"south":{"uv":[8.944445,3.777778,11.333333,3.8888888],"rotation":0,"texture":"#0","tintindex":0},"up":{"uv":[8.388889,3.777778,6.0,3.2222223],"rotation":0,"texture":"#0","tintindex":0},"west":{"uv":[8.388889,3.777778,8.944445,3.8888888],"rotation":0,"texture":"#0","tintindex":0}}}],"display":{"head":{"translation":[1.2767965,-6.4,0.0],"rotation":[0.0,0.0,0.0],"scale":[3.8095,3.8095,3.8095]}}}