{"textures":{"0":"modelengine:entity/suv"},"elements":[{"name":"body4","from":[-5.200001,8.0,8.0],"to":[21.2,15.2,9.2],"rotation":{"angle":0.0,"axis":"x","origin":[8.0,-4.6000004,29.0]},"faces":{"down":{"uv":[5.0,6.388889,2.5555556,6.5],"rotation":0,"texture":"#0","tintindex":0},"east":{"uv":[0.0,6.5,0.11111111,7.1666665],"rotation":0,"texture":"#0","tintindex":0},"north":{"uv":[0.11111111,6.5,2.5555556,7.1666665],"rotation":0,"texture":"#0","tintindex":0},"south":{"uv":[2.6666667,6.5,5.111111,7.1666665],"rotation":0,"texture":"#0","tintindex":0},"up":{"uv":[2.5555556,6.5,0.11111111,6.388889],"rotation":0,"texture":"#0","tintindex":0},"west":{"uv":[2.5555556,6.5,2.6666667,7.1666665],"rotation":0,"texture":"#0","tintindex":0}}}],"display":{"head":{"translation":[0.0,-6.4,0.0],"rotation":[0.0,0.0,0.0],"scale":[3.8095,3.8095,3.8095]}}}