{"textures":{"0":"modelengine:entity/suv"},"elements":[{"name":"body15","from":[8.888,6.1879997,0.18799949],"to":[29.912003,8.012,8.012],"rotation":{"angle":0.0,"axis":"x","origin":[19.400002,-6.4000006,16.400002]},"faces":{"down":{"uv":[10.111112,3.8888888,8.166667,4.611111],"rotation":0,"texture":"#0","tintindex":0},"east":{"uv":[5.5,4.611111,6.2222223,4.7777777],"rotation":0,"texture":"#0","tintindex":0},"north":{"uv":[6.2222223,4.611111,8.166667,4.7777777],"rotation":0,"texture":"#0","tintindex":0},"south":{"uv":[8.888889,4.611111,10.833333,4.7777777],"rotation":0,"texture":"#0","tintindex":0},"up":{"uv":[8.166667,4.611111,6.2222223,3.8888888],"rotation":0,"texture":"#0","tintindex":0},"west":{"uv":[8.166667,4.611111,8.888889,4.7777777],"rotation":0,"texture":"#0","tintindex":0}}}],"display":{"head":{"translation":[0.0,-6.4,0.0],"rotation":[0.0,0.0,0.0],"scale":[3.8095,3.8095,3.8095]}}}