{"textures":{"0":"modelengine:entity/suv"},"elements":[{"name":"body24","from":[6.146,6.773,7.373],"to":[32.0,8.027,8.027],"rotation":{"angle":0.0,"axis":"x","origin":[19.073002,-6.4000006,30.2]},"faces":{"down":{"uv":[4.8333335,7.7777777,2.4444444,7.8333335],"rotation":0,"texture":"#0","tintindex":0},"east":{"uv":[0.0,7.8333335,0.055555556,7.9444447],"rotation":0,"texture":"#0","tintindex":0},"north":{"uv":[0.055555556,7.8333335,2.4444444,7.9444447],"rotation":0,"texture":"#0","tintindex":0},"south":{"uv":[2.5,7.8333335,4.888889,7.9444447],"rotation":0,"texture":"#0","tintindex":0},"up":{"uv":[2.4444444,7.8333335,0.055555556,7.7777777],"rotation":0,"texture":"#0","tintindex":0},"west":{"uv":[2.4444444,7.8333335,2.5,7.9444447],"rotation":0,"texture":"#0","tintindex":0}}}],"display":{"head":{"translation":[1.2207987,-6.4,0.0],"rotation":[0.0,0.0,0.0],"scale":[3.8095,3.8095,3.8095]}}}