{"textures":{"0":"modelengine:entity/suv"},"elements":[{"name":"body7","from":[-5.1759996,8.024,8.024],"to":[0.17599964,12.776,9.176001],"rotation":{"angle":0.0,"axis":"x","origin":[8.0,0.19999981,-6.4000006]},"faces":{"down":{"uv":[5.555556,13.611112,5.055556,13.722222],"rotation":0,"texture":"#0","tintindex":0},"east":{"uv":[4.4444447,13.722222,4.555556,14.166667],"rotation":0,"texture":"#0","tintindex":0},"north":{"uv":[4.555556,13.722222,5.055556,14.166667],"rotation":0,"texture":"#0","tintindex":0},"south":{"uv":[5.1666665,13.722222,5.6666665,14.166667],"rotation":0,"texture":"#0","tintindex":0},"up":{"uv":[5.055556,13.722222,4.555556,13.611112],"rotation":0,"texture":"#0","tintindex":0},"west":{"uv":[5.055556,13.722222,5.1666665,14.166667],"rotation":0,"texture":"#0","tintindex":0}}},{"name":"body7","from":[15.824001,8.024,8.024],"to":[21.175999,12.776,9.176001],"rotation":{"angle":0.0,"axis":"x","origin":[8.0,0.19999981,-6.4000006]},"faces":{"down":{"uv":[5.055556,13.611112,5.555556,13.722222],"rotation":0,"texture":"#0","tintindex":0},"east":{"uv":[5.1666665,13.722222,5.055556,14.166667],"rotation":0,"texture":"#0","tintindex":0},"north":{"uv":[5.055556,13.722222,4.555556,14.166667],"rotation":0,"texture":"#0","tintindex":0},"south":{"uv":[5.6666665,13.722222,5.1666665,14.166667],"rotation":0,"texture":"#0","tintindex":0},"up":{"uv":[4.555556,13.722222,5.055556,13.611112],"rotation":0,"texture":"#0","tintindex":0},"west":{"uv":[4.555556,13.722222,4.4444447,14.166667],"rotation":0,"texture":"#0","tintindex":0}}}],"display":{"head":{"translation":[0.0,-6.4,0.0],"rotation":[0.0,0.0,0.0],"scale":[3.8095,3.8095,3.8095]}}}