{"textures":{"0":"modelengine:entity/suv"},"elements":[{"name":"body6","from":[-5.212001,7.988,7.988],"to":[0.2119999,12.812,9.212],"rotation":{"angle":0.0,"axis":"x","origin":[8.0,5.0,-6.4000006]},"faces":{"down":{"uv":[14.777778,0.5555556,14.277778,0.6666667],"rotation":0,"texture":"#0","tintindex":0},"east":{"uv":[13.666667,0.6666667,13.777778,1.1111112],"rotation":0,"texture":"#0","tintindex":0},"north":{"uv":[13.777778,0.6666667,14.277778,1.1111112],"rotation":0,"texture":"#0","tintindex":0},"south":{"uv":[14.388889,0.6666667,14.888889,1.1111112],"rotation":0,"texture":"#0","tintindex":0},"up":{"uv":[14.277778,0.6666667,13.777778,0.5555556],"rotation":0,"texture":"#0","tintindex":0},"west":{"uv":[14.277778,0.6666667,14.388889,1.1111112],"rotation":0,"texture":"#0","tintindex":0}}},{"name":"body6","from":[15.788,7.988,7.988],"to":[21.212002,12.812,9.212],"rotation":{"angle":0.0,"axis":"x","origin":[8.0,5.0,-6.4000006]},"faces":{"down":{"uv":[14.277778,0.5555556,14.777778,0.6666667],"rotation":0,"texture":"#0","tintindex":0},"east":{"uv":[14.388889,0.6666667,14.277778,1.1111112],"rotation":0,"texture":"#0","tintindex":0},"north":{"uv":[14.277778,0.6666667,13.777778,1.1111112],"rotation":0,"texture":"#0","tintindex":0},"south":{"uv":[14.888889,0.6666667,14.388889,1.1111112],"rotation":0,"texture":"#0","tintindex":0},"up":{"uv":[13.777778,0.6666667,14.277778,0.5555556],"rotation":0,"texture":"#0","tintindex":0},"west":{"uv":[13.777778,0.6666667,13.666667,1.1111112],"rotation":0,"texture":"#0","tintindex":0}}},{"name":"body6","from":[-0.9850006,8.014999,9.139999],"to":[0.18499994,12.785001,19.91],"rotation":{"angle":0.0,"axis":"x","origin":[8.0,5.0,-6.4000006]},"faces":{"down":{"uv":[12.333333,10.5,12.222222,11.5],"rotation":0,"texture":"#0","tintindex":0},"east":{"uv":[11.111112,11.5,12.111112,11.944445],"rotation":0,"texture":"#0","tintindex":0},"north":{"uv":[12.111112,11.5,12.222222,11.944445],"rotation":0,"texture":"#0","tintindex":0},"south":{"uv":[13.222222,11.5,13.333333,11.944445],"rotation":0,"texture":"#0","tintindex":0},"up":{"uv":[12.222222,11.5,12.111112,10.5],"rotation":0,"texture":"#0","tintindex":0},"west":{"uv":[12.222222,11.5,13.222222,11.944445],"rotation":0,"texture":"#0","tintindex":0}}},{"name":"body6","from":[-0.9850006,12.755,9.139999],"to":[0.18499994,13.925,19.91],"rotation":{"angle":0.0,"axis":"x","origin":[8.0,5.0,-6.4000006]},"faces":{"down":{"uv":[12.944445,9.055555,12.833333,10.055555],"rotation":0,"texture":"#0","tintindex":0},"east":{"uv":[11.722222,10.055555,12.722222,10.166667],"rotation":0,"texture":"#0","tintindex":0},"north":{"uv":[12.722222,10.055555,12.833333,10.166667],"rotation":0,"texture":"#0","tintindex":0},"south":{"uv":[13.833333,10.055555,13.944445,10.166667],"rotation":0,"texture":"#0","tintindex":0},"up":{"uv":[12.833333,10.055555,12.722222,9.055555],"rotation":0,"texture":"#0","tintindex":0},"west":{"uv":[12.833333,10.055555,13.833333,10.166667],"rotation":0,"texture":"#0","tintindex":0}}},{"name":"body6","from":[-0.9850006,13.909999,9.74],"to":[0.18499994,15.080001,19.310001],"rotation":{"angle":0.0,"axis":"x","origin":[8.0,5.0,-6.4000006]},"faces":{"down":{"uv":[6.888889,11.833333,6.7777777,12.722222],"rotation":0,"texture":"#0","tintindex":0},"east":{"uv":[5.7777777,12.722222,6.6666665,12.833333],"rotation":0,"texture":"#0","tintindex":0},"north":{"uv":[6.6666665,12.722222,6.7777777,12.833333],"rotation":0,"texture":"#0","tintindex":0},"south":{"uv":[7.6666665,12.722222,7.7777777,12.833333],"rotation":0,"texture":"#0","tintindex":0},"up":{"uv":[6.7777777,12.722222,6.6666665,11.833333],"rotation":0,"texture":"#0","tintindex":0},"west":{"uv":[6.7777777,12.722222,7.6666665,12.833333],"rotation":0,"texture":"#0","tintindex":0}}},{"name":"body6","from":[-0.9850006,15.08,10.34],"to":[0.18499994,15.650001,18.710001],"rotation":{"angle":0.0,"axis":"x","origin":[8.0,5.0,-6.4000006]},"faces":{"down":{"uv":[8.0,12.333333,7.888889,13.111112],"rotation":0,"texture":"#0","tintindex":0},"east":{"uv":[7.0,13.111112,7.7777777,13.166667],"rotation":0,"texture":"#0","tintindex":0},"north":{"uv":[7.7777777,13.111112,7.888889,13.166667],"rotation":0,"texture":"#0","tintindex":0},"south":{"uv":[8.666667,13.111112,8.777778,13.166667],"rotation":0,"texture":"#0","tintindex":0},"up":{"uv":[7.888889,13.111112,7.7777777,12.333333],"rotation":0,"texture":"#0","tintindex":0},"west":{"uv":[7.888889,13.111112,8.666667,13.166667],"rotation":0,"texture":"#0","tintindex":0}}},{"name":"body6","from":[15.815001,8.014999,9.139999],"to":[16.985,12.785001,19.91],"rotation":{"angle":0.0,"axis":"x","origin":[8.0,5.0,-6.4000006]},"faces":{"down":{"uv":[12.222222,10.5,12.333333,11.5],"rotation":0,"texture":"#0","tintindex":0},"east":{"uv":[13.222222,11.5,12.222222,11.944445],"rotation":0,"texture":"#0","tintindex":0},"north":{"uv":[12.222222,11.5,12.111112,11.944445],"rotation":0,"texture":"#0","tintindex":0},"south":{"uv":[13.333333,11.5,13.222222,11.944445],"rotation":0,"texture":"#0","tintindex":0},"up":{"uv":[12.111112,11.5,12.222222,10.5],"rotation":0,"texture":"#0","tintindex":0},"west":{"uv":[12.111112,11.5,11.111112,11.944445],"rotation":0,"texture":"#0","tintindex":0}}},{"name":"body6","from":[15.815001,12.755,9.139999],"to":[16.985,13.925,19.91],"rotation":{"angle":0.0,"axis":"x","origin":[8.0,5.0,-6.4000006]},"faces":{"down":{"uv":[12.833333,9.055555,12.944445,10.055555],"rotation":0,"texture":"#0","tintindex":0},"east":{"uv":[13.833333,10.055555,12.833333,10.166667],"rotation":0,"texture":"#0","tintindex":0},"north":{"uv":[12.833333,10.055555,12.722222,10.166667],"rotation":0,"texture":"#0","tintindex":0},"south":{"uv":[13.944445,10.055555,13.833333,10.166667],"rotation":0,"texture":"#0","tintindex":0},"up":{"uv":[12.722222,10.055555,12.833333,9.055555],"rotation":0,"texture":"#0","tintindex":0},"west":{"uv":[12.722222,10.055555,11.722222,10.166667],"rotation":0,"texture":"#0","tintindex":0}}},{"name":"body6","from":[15.815001,13.909999,9.74],"to":[16.985,15.080001,19.310001],"rotation":{"angle":0.0,"axis":"x","origin":[8.0,5.0,-6.4000006]},"faces":{"down":{"uv":[6.7777777,11.833333,6.888889,12.722222],"rotation":0,"texture":"#0","tintindex":0},"east":{"uv":[7.6666665,12.722222,6.7777777,12.833333],"rotation":0,"texture":"#0","tintindex":0},"north":{"uv":[6.7777777,12.722222,6.6666665,12.833333],"rotation":0,"texture":"#0","tintindex":0},"south":{"uv":[7.7777777,12.722222,7.6666665,12.833333],"rotation":0,"texture":"#0","tintindex":0},"up":{"uv":[6.6666665,12.722222,6.7777777,11.833333],"rotation":0,"texture":"#0","tintindex":0},"west":{"uv":[6.6666665,12.722222,5.7777777,12.833333],"rotation":0,"texture":"#0","tintindex":0}}},{"name":"body6","from":[15.815001,15.08,10.34],"to":[16.985,15.650001,18.710001],"rotation":{"angle":0.0,"axis":"x","origin":[8.0,5.0,-6.4000006]},"faces":{"down":{"uv":[7.888889,12.333333,8.0,13.111112],"rotation":0,"texture":"#0","tintindex":0},"east":{"uv":[8.666667,13.111112,7.888889,13.166667],"rotation":0,"texture":"#0","tintindex":0},"north":{"uv":[7.888889,13.111112,7.7777777,13.166667],"rotation":0,"texture":"#0","tintindex":0},"south":{"uv":[8.777778,13.111112,8.666667,13.166667],"rotation":0,"texture":"#0","tintindex":0},"up":{"uv":[7.7777777,13.111112,7.888889,12.333333],"rotation":0,"texture":"#0","tintindex":0},"west":{"uv":[7.7777777,13.111112,7.0,13.166667],"rotation":0,"texture":"#0","tintindex":0}}}],"display":{"head":{"translation":[0.0,-6.4,0.0],"rotation":[0.0,0.0,0.0],"scale":[3.8095,3.8095,3.8095]}}}