{"textures":{"0":"modelengine:entity/suv"},"elements":[{"name":"body9","from":[-5.1640005,8.036,8.036],"to":[0.16399932,12.764001,9.1640005],"rotation":{"angle":0.0,"axis":"x","origin":[8.0,-11.800001,-6.4000006]},"faces":{"down":{"uv":[14.666667,7.2777777,14.166667,7.388889],"rotation":0,"texture":"#0","tintindex":0},"east":{"uv":[13.555555,7.388889,13.666667,7.8333335],"rotation":0,"texture":"#0","tintindex":0},"north":{"uv":[13.666667,7.388889,14.166667,7.8333335],"rotation":0,"texture":"#0","tintindex":0},"south":{"uv":[14.277778,7.388889,14.777778,7.8333335],"rotation":0,"texture":"#0","tintindex":0},"up":{"uv":[14.166667,7.388889,13.666667,7.2777777],"rotation":0,"texture":"#0","tintindex":0},"west":{"uv":[14.166667,7.388889,14.277778,7.8333335],"rotation":0,"texture":"#0","tintindex":0}}},{"name":"body9","from":[15.836001,8.036,8.036],"to":[21.164001,12.764001,9.1640005],"rotation":{"angle":0.0,"axis":"x","origin":[8.0,-11.800001,-6.4000006]},"faces":{"down":{"uv":[14.166667,7.2777777,14.666667,7.388889],"rotation":0,"texture":"#0","tintindex":0},"east":{"uv":[14.277778,7.388889,14.166667,7.8333335],"rotation":0,"texture":"#0","tintindex":0},"north":{"uv":[14.166667,7.388889,13.666667,7.8333335],"rotation":0,"texture":"#0","tintindex":0},"south":{"uv":[14.777778,7.388889,14.277778,7.8333335],"rotation":0,"texture":"#0","tintindex":0},"up":{"uv":[13.666667,7.388889,14.166667,7.2777777],"rotation":0,"texture":"#0","tintindex":0},"west":{"uv":[13.666667,7.388889,13.555555,7.8333335],"rotation":0,"texture":"#0","tintindex":0}}}],"display":{"head":{"translation":[0.0,-6.4,0.0],"rotation":[0.0,0.0,0.0],"scale":[3.8095,3.8095,3.8095]}}}