{"textures":{"0":"modelengine:entity/suv"},"elements":[{"name":"body1","from":[12.485001,-1.0420012,7.985],"to":[23.926998,3.1999989,8.627],"rotation":{"angle":0.0,"axis":"x","origin":[18.206001,-24.421001,15.326]},"faces":{"down":{"uv":[13.111112,4.4444447,12.055555,4.5],"rotation":0,"texture":"#0","tintindex":0},"east":{"uv":[10.944445,4.5,11.0,4.888889],"rotation":0,"texture":"#0","tintindex":0},"north":{"uv":[11.0,4.5,12.055555,4.888889],"rotation":0,"texture":"#0","tintindex":0},"south":{"uv":[12.111112,4.5,13.166667,4.888889],"rotation":0,"texture":"#0","tintindex":0},"up":{"uv":[12.055555,4.5,11.0,4.4444447],"rotation":0,"texture":"#0","tintindex":0},"west":{"uv":[12.055555,4.5,12.111112,4.888889],"rotation":0,"texture":"#0","tintindex":0}}},{"name":"body1","from":[12.5060005,3.178999,8.0060005],"to":[23.906002,11.578999,8.0060005],"rotation":{"angle":0.0,"axis":"x","origin":[18.206001,-24.421001,15.326]},"faces":{"down":{"uv":[4.3333335,12.222222,3.277778,12.222222],"rotation":0,"texture":"#0","tintindex":0},"east":{"uv":[2.2222223,12.222222,2.2222223,13.0],"rotation":0,"texture":"#0","tintindex":0},"north":{"uv":[2.2222223,12.222222,3.277778,13.0],"rotation":0,"texture":"#0","tintindex":0},"south":{"uv":[3.277778,12.222222,4.3333335,13.0],"rotation":0,"texture":"#0","tintindex":0},"up":{"uv":[3.277778,12.222222,2.2222223,12.222222],"rotation":0,"texture":"#0","tintindex":0},"west":{"uv":[3.277778,12.222222,3.277778,13.0],"rotation":0,"texture":"#0","tintindex":0}}},{"name":"body1","from":[12.485001,11.557999,7.985],"to":[23.926998,32.0,8.627],"rotation":{"angle":0.0,"axis":"x","origin":[18.206001,-24.421001,15.326]},"faces":{"down":{"uv":[2.1666667,0.0,1.1111112,0.055555556],"rotation":0,"texture":"#0","tintindex":0},"east":{"uv":[0.0,0.055555556,0.055555556,1.9444444],"rotation":0,"texture":"#0","tintindex":0},"north":{"uv":[0.055555556,0.055555556,1.1111112,1.9444444],"rotation":0,"texture":"#0","tintindex":0},"south":{"uv":[1.1666666,0.055555556,2.2222223,1.9444444],"rotation":0,"texture":"#0","tintindex":0},"up":{"uv":[1.1111112,0.055555556,0.055555556,0.0],"rotation":0,"texture":"#0","tintindex":0},"west":{"uv":[1.1111112,0.055555556,1.1666666,1.9444444],"rotation":0,"texture":"#0","tintindex":0}}},{"name":"body1","from":[23.884998,-1.0420012,7.985],"to":[29.327003,32.0,8.627],"rotation":{"angle":0.0,"axis":"x","origin":[18.206001,-24.421001,15.326]},"faces":{"down":{"uv":[2.1666667,10.666667,1.6666666,10.722222],"rotation":0,"texture":"#0","tintindex":0},"east":{"uv":[1.1111112,10.722222,1.1666666,13.777778],"rotation":0,"texture":"#0","tintindex":0},"north":{"uv":[1.1666666,10.722222,1.6666666,13.777778],"rotation":0,"texture":"#0","tintindex":0},"south":{"uv":[1.7222222,10.722222,2.2222223,13.777778],"rotation":0,"texture":"#0","tintindex":0},"up":{"uv":[1.6666666,10.722222,1.1666666,10.666667],"rotation":0,"texture":"#0","tintindex":0},"west":{"uv":[1.6666666,10.722222,1.7222222,13.777778],"rotation":0,"texture":"#0","tintindex":0}}},{"name":"body1","from":[7.085,-1.0420012,7.985],"to":[12.527,32.0,8.627],"rotation":{"angle":0.0,"axis":"x","origin":[18.206001,-24.421001,15.326]},"faces":{"down":{"uv":[1.0555556,10.666667,0.5555556,10.722222],"rotation":0,"texture":"#0","tintindex":0},"east":{"uv":[0.0,10.722222,0.055555556,13.777778],"rotation":0,"texture":"#0","tintindex":0},"north":{"uv":[0.055555556,10.722222,0.5555556,13.777778],"rotation":0,"texture":"#0","tintindex":0},"south":{"uv":[0.6111111,10.722222,1.1111112,13.777778],"rotation":0,"texture":"#0","tintindex":0},"up":{"uv":[0.5555556,10.722222,0.055555556,10.666667],"rotation":0,"texture":"#0","tintindex":0},"west":{"uv":[0.5555556,10.722222,0.6111111,13.777778],"rotation":0,"texture":"#0","tintindex":0}}}],"display":{"head":{"translation":[0.0,27.300802,0.0],"rotation":[0.0,0.0,0.0],"scale":[3.8095,3.8095,3.8095]}}}