{"textures":{"0":"modelengine:entity/suv"},"elements":[{"name":"body5","from":[-5.1640005,8.036,8.036],"to":[21.164001,12.764001,9.1640005],"rotation":{"angle":0.0,"axis":"x","origin":[8.0,-11.800001,29.0]},"faces":{"down":{"uv":[12.111112,0.0,9.666667,0.11111111],"rotation":0,"texture":"#0","tintindex":0},"east":{"uv":[7.111111,0.11111111,7.2222223,0.5555556],"rotation":0,"texture":"#0","tintindex":0},"north":{"uv":[7.2222223,0.11111111,9.666667,0.5555556],"rotation":0,"texture":"#0","tintindex":0},"south":{"uv":[9.777778,0.11111111,12.222222,0.5555556],"rotation":0,"texture":"#0","tintindex":0},"up":{"uv":[9.666667,0.11111111,7.2222223,0.0],"rotation":0,"texture":"#0","tintindex":0},"west":{"uv":[9.666667,0.11111111,9.777778,0.5555556],"rotation":0,"texture":"#0","tintindex":0}}}],"display":{"head":{"translation":[0.0,-6.4,0.0],"rotation":[0.0,0.0,0.0],"scale":[3.8095,3.8095,3.8095]}}}