{"textures":{"0":"modelengine:entity/suv"},"elements":[{"name":"body17","from":[7.073,6.773,4.3729997],"to":[24.527,8.027,6.8269997],"rotation":{"angle":0.0,"axis":"x","origin":[15.8,-6.4000006,30.2]},"faces":{"down":{"uv":[14.111112,6.0,12.5,6.2222223],"rotation":0,"texture":"#0","tintindex":0},"east":{"uv":[10.666667,6.2222223,10.888889,6.3333335],"rotation":0,"texture":"#0","tintindex":0},"north":{"uv":[10.888889,6.2222223,12.5,6.3333335],"rotation":0,"texture":"#0","tintindex":0},"south":{"uv":[12.722222,6.2222223,14.333333,6.3333335],"rotation":0,"texture":"#0","tintindex":0},"up":{"uv":[12.5,6.2222223,10.888889,6.0],"rotation":0,"texture":"#0","tintindex":0},"west":{"uv":[12.5,6.2222223,12.722222,6.3333335],"rotation":0,"texture":"#0","tintindex":0}}},{"name":"body17","from":[7.0880003,6.788,4.403001],"to":[7.712,8.012,6.8270006],"rotation":{"angle":0.0,"axis":"x","origin":[7.073,8.027,4.3879995]},"faces":{"down":{"uv":[5.7777777,3.277778,5.7222223,3.5],"rotation":0,"texture":"#0","tintindex":0},"east":{"uv":[5.4444447,3.5,5.6666665,3.6111112],"rotation":0,"texture":"#0","tintindex":0},"north":{"uv":[5.6666665,3.5,5.7222223,3.6111112],"rotation":0,"texture":"#0","tintindex":0},"south":{"uv":[5.9444447,3.5,6.0,3.6111112],"rotation":0,"texture":"#0","tintindex":0},"up":{"uv":[5.7222223,3.5,5.6666665,3.277778],"rotation":0,"texture":"#0","tintindex":0},"west":{"uv":[5.7222223,3.5,5.9444447,3.6111112],"rotation":0,"texture":"#0","tintindex":0}}},{"name":"body17","from":[23.888,6.788,4.403001],"to":[24.512001,8.012,6.8270006],"rotation":{"angle":0.0,"axis":"x","origin":[24.527,8.027,4.3879995]},"faces":{"down":{"uv":[4.6666665,5.111111,4.611111,5.3333335],"rotation":0,"texture":"#0","tintindex":0},"east":{"uv":[4.3333335,5.3333335,4.555556,5.4444447],"rotation":0,"texture":"#0","tintindex":0},"north":{"uv":[4.555556,5.3333335,4.611111,5.4444447],"rotation":0,"texture":"#0","tintindex":0},"south":{"uv":[4.8333335,5.3333335,4.888889,5.4444447],"rotation":0,"texture":"#0","tintindex":0},"up":{"uv":[4.611111,5.3333335,4.555556,5.111111],"rotation":0,"texture":"#0","tintindex":0},"west":{"uv":[4.611111,5.3333335,4.8333335,5.4444447],"rotation":0,"texture":"#0","tintindex":0}}},{"name":"body17","from":[6.4729996,6.773,6.773],"to":[25.126999,8.027,8.027],"rotation":{"angle":0.0,"axis":"x","origin":[15.8,-6.4000006,30.2]},"faces":{"down":{"uv":[12.722222,7.8333335,11.0,7.9444447],"rotation":0,"texture":"#0","tintindex":0},"east":{"uv":[9.166667,7.9444447,9.277778,8.055555],"rotation":0,"texture":"#0","tintindex":0},"north":{"uv":[9.277778,7.9444447,11.0,8.055555],"rotation":0,"texture":"#0","tintindex":0},"south":{"uv":[11.111112,7.9444447,12.833333,8.055555],"rotation":0,"texture":"#0","tintindex":0},"up":{"uv":[11.0,7.9444447,9.277778,7.8333335],"rotation":0,"texture":"#0","tintindex":0},"west":{"uv":[11.0,7.9444447,11.111112,8.055555],"rotation":0,"texture":"#0","tintindex":0}}}],"display":{"head":{"translation":[0.0,-6.4,0.0],"rotation":[0.0,0.0,0.0],"scale":[3.8095,3.8095,3.8095]}}}