{"textures":{"0":"modelengine:entity/suv"},"elements":[{"name":"body19","from":[6.1759996,6.788,0.18799949],"to":[32.0,8.012,8.012],"rotation":{"angle":0.0,"axis":"x","origin":[19.088001,-6.4000006,16.400002]},"faces":{"down":{"uv":[9.833333,2.3888888,7.4444447,3.1111112],"rotation":0,"texture":"#0","tintindex":0},"east":{"uv":[4.3333335,3.1111112,5.055556,3.2222223],"rotation":0,"texture":"#0","tintindex":0},"north":{"uv":[5.055556,3.1111112,7.4444447,3.2222223],"rotation":0,"texture":"#0","tintindex":0},"south":{"uv":[8.166667,3.1111112,10.555555,3.2222223],"rotation":0,"texture":"#0","tintindex":0},"up":{"uv":[7.4444447,3.1111112,5.055556,2.3888888],"rotation":0,"texture":"#0","tintindex":0},"west":{"uv":[7.4444447,3.1111112,8.166667,3.2222223],"rotation":0,"texture":"#0","tintindex":0}}}],"display":{"head":{"translation":[1.164801,-6.4,0.0],"rotation":[0.0,0.0,0.0],"scale":[3.8095,3.8095,3.8095]}}}