{"textures":{"0":"modelengine:entity/suv"},"elements":[{"name":"body8","from":[-5.200001,8.0,8.0],"to":[0.19999981,15.2,9.2],"rotation":{"angle":0.0,"axis":"x","origin":[8.0,-4.6000004,-6.4000006]},"faces":{"down":{"uv":[14.444445,11.111112,13.944445,11.222222],"rotation":0,"texture":"#0","tintindex":0},"east":{"uv":[13.333333,11.222222,13.444445,11.888889],"rotation":0,"texture":"#0","tintindex":0},"north":{"uv":[13.444445,11.222222,13.944445,11.888889],"rotation":0,"texture":"#0","tintindex":0},"south":{"uv":[14.055555,11.222222,14.555555,11.888889],"rotation":0,"texture":"#0","tintindex":0},"up":{"uv":[13.944445,11.222222,13.444445,11.111112],"rotation":0,"texture":"#0","tintindex":0},"west":{"uv":[13.944445,11.222222,14.055555,11.888889],"rotation":0,"texture":"#0","tintindex":0}}},{"name":"body8","from":[15.8,8.0,8.0],"to":[21.2,15.2,9.2],"rotation":{"angle":0.0,"axis":"x","origin":[8.0,-4.6000004,-6.4000006]},"faces":{"down":{"uv":[13.944445,11.111112,14.444445,11.222222],"rotation":0,"texture":"#0","tintindex":0},"east":{"uv":[14.055555,11.222222,13.944445,11.888889],"rotation":0,"texture":"#0","tintindex":0},"north":{"uv":[13.944445,11.222222,13.444445,11.888889],"rotation":0,"texture":"#0","tintindex":0},"south":{"uv":[14.555555,11.222222,14.055555,11.888889],"rotation":0,"texture":"#0","tintindex":0},"up":{"uv":[13.444445,11.222222,13.944445,11.111112],"rotation":0,"texture":"#0","tintindex":0},"west":{"uv":[13.444445,11.222222,13.333333,11.888889],"rotation":0,"texture":"#0","tintindex":0}}}],"display":{"head":{"translation":[0.0,-6.4,0.0],"rotation":[0.0,0.0,0.0],"scale":[3.8095,3.8095,3.8095]}}}