{"textures":{"0":"modelengine:entity/suv"},"elements":[{"name":"body11","from":[-2.8060007,15.794001,7.994],"to":[19.406002,17.006,8.606],"rotation":{"angle":0.0,"axis":"x","origin":[8.3,-6.4000006,15.320001]},"faces":{"down":{"uv":[4.1666665,7.9444447,2.1111112,8.0],"rotation":0,"texture":"#0","tintindex":0},"east":{"uv":[0.0,8.0,0.055555556,8.111112],"rotation":0,"texture":"#0","tintindex":0},"north":{"uv":[0.055555556,8.0,2.1111112,8.111112],"rotation":0,"texture":"#0","tintindex":0},"south":{"uv":[2.1666667,8.0,4.2222223,8.111112],"rotation":0,"texture":"#0","tintindex":0},"up":{"uv":[2.1111112,8.0,0.055555556,7.9444447],"rotation":0,"texture":"#0","tintindex":0},"west":{"uv":[2.1111112,8.0,2.1666667,8.111112],"rotation":0,"texture":"#0","tintindex":0}}},{"name":"body11","from":[-2.5000005,8.0,8.059999],"to":[19.1,16.400002,8.059999],"rotation":{"angle":0.0,"axis":"x","origin":[8.3,-6.4000006,15.320001]},"faces":{"down":{"uv":[4.0,9.888889,2.0,9.888889],"rotation":0,"texture":"#0","tintindex":0},"east":{"uv":[0.0,9.888889,0.0,10.666667],"rotation":0,"texture":"#0","tintindex":0},"north":{"uv":[0.0,9.888889,2.0,10.666667],"rotation":0,"texture":"#0","tintindex":0},"south":{"uv":[2.0,9.888889,4.0,10.666667],"rotation":0,"texture":"#0","tintindex":0},"up":{"uv":[2.0,9.888889,0.0,9.888889],"rotation":0,"texture":"#0","tintindex":0},"west":{"uv":[2.0,9.888889,2.0,10.666667],"rotation":0,"texture":"#0","tintindex":0}}}],"display":{"head":{"translation":[0.0,-6.4,0.0],"rotation":[0.0,0.0,0.0],"scale":[3.8095,3.8095,3.8095]}}}