{"textures":{"0":"modelengine:entity/suv"},"elements":[{"name":"body10","from":[-5.200001,8.0,8.0],"to":[0.19999981,12.8,9.2],"rotation":{"angle":0.0,"axis":"x","origin":[8.0,-16.600002,-6.4000006]},"faces":{"down":{"uv":[14.611112,3.5,14.111112,3.6111112],"rotation":0,"texture":"#0","tintindex":0},"east":{"uv":[13.5,3.6111112,13.611112,4.055556],"rotation":0,"texture":"#0","tintindex":0},"north":{"uv":[13.611112,3.6111112,14.111112,4.055556],"rotation":0,"texture":"#0","tintindex":0},"south":{"uv":[14.222222,3.6111112,14.722222,4.055556],"rotation":0,"texture":"#0","tintindex":0},"up":{"uv":[14.111112,3.6111112,13.611112,3.5],"rotation":0,"texture":"#0","tintindex":0},"west":{"uv":[14.111112,3.6111112,14.222222,4.055556],"rotation":0,"texture":"#0","tintindex":0}}},{"name":"body10","from":[15.8,8.0,8.0],"to":[21.2,12.8,9.2],"rotation":{"angle":0.0,"axis":"x","origin":[8.0,-16.600002,-6.4000006]},"faces":{"down":{"uv":[14.111112,3.5,14.611112,3.6111112],"rotation":0,"texture":"#0","tintindex":0},"east":{"uv":[14.222222,3.6111112,14.111112,4.055556],"rotation":0,"texture":"#0","tintindex":0},"north":{"uv":[14.111112,3.6111112,13.611112,4.055556],"rotation":0,"texture":"#0","tintindex":0},"south":{"uv":[14.722222,3.6111112,14.222222,4.055556],"rotation":0,"texture":"#0","tintindex":0},"up":{"uv":[13.611112,3.6111112,14.111112,3.5],"rotation":0,"texture":"#0","tintindex":0},"west":{"uv":[13.611112,3.6111112,13.5,4.055556],"rotation":0,"texture":"#0","tintindex":0}}}],"display":{"head":{"translation":[0.0,-6.4,0.0],"rotation":[0.0,0.0,0.0],"scale":[3.8095,3.8095,3.8095]}}}