{"textures":{"0":"modelengine:entity/suv"},"elements":[{"name":"body13","from":[10.073,6.173,1.9729997],"to":[28.727001,8.027,8.027],"rotation":{"angle":0.0,"axis":"x","origin":[19.400002,-6.4000006,24.2]},"faces":{"down":{"uv":[8.333333,8.611112,6.611111,9.166667],"rotation":0,"texture":"#0","tintindex":0},"east":{"uv":[4.3333335,9.166667,4.888889,9.333333],"rotation":0,"texture":"#0","tintindex":0},"north":{"uv":[4.888889,9.166667,6.611111,9.333333],"rotation":0,"texture":"#0","tintindex":0},"south":{"uv":[7.1666665,9.166667,8.888889,9.333333],"rotation":0,"texture":"#0","tintindex":0},"up":{"uv":[6.611111,9.166667,4.888889,8.611112],"rotation":0,"texture":"#0","tintindex":0},"west":{"uv":[6.611111,9.166667,7.1666665,9.333333],"rotation":0,"texture":"#0","tintindex":0}}},{"name":"body13","from":[8.915,6.215,2.135],"to":[10.085001,7.985,8.1050005],"rotation":{"angle":0.0,"axis":"x","origin":[10.1,8.0,2.1200004]},"faces":{"down":{"uv":[4.0,13.0,3.8888888,13.555555],"rotation":0,"texture":"#0","tintindex":0},"east":{"uv":[3.2222223,13.555555,3.777778,13.722222],"rotation":0,"texture":"#0","tintindex":0},"north":{"uv":[3.777778,13.555555,3.8888888,13.722222],"rotation":0,"texture":"#0","tintindex":0},"south":{"uv":[4.4444447,13.555555,4.555556,13.722222],"rotation":0,"texture":"#0","tintindex":0},"up":{"uv":[3.8888888,13.555555,3.777778,13.0],"rotation":0,"texture":"#0","tintindex":0},"west":{"uv":[3.8888888,13.555555,4.4444447,13.722222],"rotation":0,"texture":"#0","tintindex":0}}},{"name":"body13","from":[28.715,6.215,2.135],"to":[29.884998,7.985,8.1050005],"rotation":{"angle":0.0,"axis":"x","origin":[28.7,8.0,2.1200004]},"faces":{"down":{"uv":[3.8888888,13.0,4.0,13.555555],"rotation":0,"texture":"#0","tintindex":0},"east":{"uv":[4.4444447,13.555555,3.8888888,13.722222],"rotation":0,"texture":"#0","tintindex":0},"north":{"uv":[3.8888888,13.555555,3.777778,13.722222],"rotation":0,"texture":"#0","tintindex":0},"south":{"uv":[4.555556,13.555555,4.4444447,13.722222],"rotation":0,"texture":"#0","tintindex":0},"up":{"uv":[3.777778,13.555555,3.8888888,13.0],"rotation":0,"texture":"#0","tintindex":0},"west":{"uv":[3.777778,13.555555,3.2222223,13.722222],"rotation":0,"texture":"#0","tintindex":0}}}],"display":{"head":{"translation":[0.0,-6.4,0.0],"rotation":[0.0,0.0,0.0],"scale":[3.8095,3.8095,3.8095]}}}