{"textures":{"0":"modelengine:entity/suv"},"elements":[{"name":"body12","from":[-5.200001,8.0,8.0],"to":[21.2,12.8,9.2],"rotation":{"angle":0.0,"axis":"x","origin":[8.0,-16.600002,29.0]},"faces":{"down":{"uv":[10.111112,6.8333335,7.6666665,6.9444447],"rotation":0,"texture":"#0","tintindex":0},"east":{"uv":[5.111111,6.9444447,5.2222223,7.388889],"rotation":0,"texture":"#0","tintindex":0},"north":{"uv":[5.2222223,6.9444447,7.6666665,7.388889],"rotation":0,"texture":"#0","tintindex":0},"south":{"uv":[7.7777777,6.9444447,10.222222,7.388889],"rotation":0,"texture":"#0","tintindex":0},"up":{"uv":[7.6666665,6.9444447,5.2222223,6.8333335],"rotation":0,"texture":"#0","tintindex":0},"west":{"uv":[7.6666665,6.9444447,7.7777777,7.388889],"rotation":0,"texture":"#0","tintindex":0}}}],"display":{"head":{"translation":[0.0,-6.4,0.0],"rotation":[0.0,0.0,0.0],"scale":[3.8095,3.8095,3.8095]}}}