{"textures":{"0":"modelengine:entity/suv"},"elements":[{"name":"body20","from":[5.6,8.0,7.85],"to":[6.8,17.0,7.85],"rotation":{"angle":0.0,"axis":"x","origin":[-4.6000004,-6.4000006,15.170001]},"faces":{"down":{"uv":[10.166667,13.111112,10.055555,13.111112],"rotation":0,"texture":"#0","tintindex":0},"east":{"uv":[9.944445,13.111112,9.944445,13.944445],"rotation":0,"texture":"#0","tintindex":0},"north":{"uv":[9.944445,13.111112,10.055555,13.944445],"rotation":0,"texture":"#0","tintindex":0},"south":{"uv":[10.055555,13.111112,10.166667,13.944445],"rotation":0,"texture":"#0","tintindex":0},"up":{"uv":[10.055555,13.111112,9.944445,13.111112],"rotation":0,"texture":"#0","tintindex":0},"west":{"uv":[10.055555,13.111112,10.055555,13.944445],"rotation":0,"texture":"#0","tintindex":0}}},{"name":"body20","from":[6.8,8.0,7.85],"to":[8.0,17.0,8.45],"rotation":{"angle":0.0,"axis":"x","origin":[-4.6000004,-6.4000006,15.170001]},"faces":{"down":{"uv":[8.0,14.111112,7.888889,14.166667],"rotation":0,"texture":"#0","tintindex":0},"east":{"uv":[7.7222223,14.166667,7.7777777,15.0],"rotation":0,"texture":"#0","tintindex":0},"north":{"uv":[7.7777777,14.166667,7.888889,15.0],"rotation":0,"texture":"#0","tintindex":0},"south":{"uv":[7.9444447,14.166667,8.055555,15.0],"rotation":0,"texture":"#0","tintindex":0},"up":{"uv":[7.888889,14.166667,7.7777777,14.111112],"rotation":0,"texture":"#0","tintindex":0},"west":{"uv":[7.888889,14.166667,7.9444447,15.0],"rotation":0,"texture":"#0","tintindex":0}}},{"name":"body20","from":[6.83,8.030001,8.15],"to":[7.97,16.970001,8.69],"rotation":{"angle":0.0,"axis":"x","origin":[7.4,12.5,8.12]},"faces":{"down":{"uv":[10.166667,10.055555,10.055555,10.111112],"rotation":0,"texture":"#0","tintindex":0},"east":{"uv":[9.888889,10.111112,9.944445,10.944445],"rotation":0,"texture":"#0","tintindex":0},"north":{"uv":[9.944445,10.111112,10.055555,10.944445],"rotation":0,"texture":"#0","tintindex":0},"south":{"uv":[10.111112,10.111112,10.222222,10.944445],"rotation":0,"texture":"#0","tintindex":0},"up":{"uv":[10.055555,10.111112,9.944445,10.055555],"rotation":0,"texture":"#0","tintindex":0},"west":{"uv":[10.055555,10.111112,10.111112,10.944445],"rotation":0,"texture":"#0","tintindex":0}}}],"display":{"head":{"translation":[0.0,-6.4,0.0],"rotation":[0.0,0.0,0.0],"scale":[3.8095,3.8095,3.8095]}}}