{"textures":{"0":"modelengine:entity/suv"},"elements":[{"name":"body41","from":[6.6800003,8.360001,6.98],"to":[8.12,9.8,10.82],"rotation":{"angle":0.0,"axis":"x","origin":[13.7,-0.5800004,12.2]},"faces":{"down":{"uv":[0.7222222,2.777778,0.5555556,3.1666667],"rotation":0,"texture":"#0","tintindex":0},"east":{"uv":[0.0,3.1666667,0.3888889,3.3333333],"rotation":0,"texture":"#0","tintindex":0},"north":{"uv":[0.3888889,3.1666667,0.5555556,3.3333333],"rotation":0,"texture":"#0","tintindex":0},"south":{"uv":[0.9444445,3.1666667,1.1111112,3.3333333],"rotation":0,"texture":"#0","tintindex":0},"up":{"uv":[0.5555556,3.1666667,0.3888889,2.777778],"rotation":0,"texture":"#0","tintindex":0},"west":{"uv":[0.5555556,3.1666667,0.9444445,3.3333333],"rotation":0,"texture":"#0","tintindex":0}}}],"display":{"head":{"translation":[0.0,-6.4,0.0],"rotation":[0.0,0.0,0.0],"scale":[3.8095,3.8095,3.8095]}}}