{"textures":{"0":"modelengine:entity/suv"},"elements":[{"name":"body18","from":[6.506,8.006001,8.125999],"to":[29.906002,15.806002,8.125999],"rotation":{"angle":0.0,"axis":"x","origin":[18.206001,-47.854,15.326]},"faces":{"down":{"uv":[14.166667,2.2222223,12.0,2.2222223],"rotation":0,"texture":"#0","tintindex":0},"east":{"uv":[9.833333,2.2222223,9.833333,2.9444444],"rotation":0,"texture":"#0","tintindex":0},"north":{"uv":[9.833333,2.2222223,12.0,2.9444444],"rotation":0,"texture":"#0","tintindex":0},"south":{"uv":[12.0,2.2222223,14.166667,2.9444444],"rotation":0,"texture":"#0","tintindex":0},"up":{"uv":[12.0,2.2222223,9.833333,2.2222223],"rotation":0,"texture":"#0","tintindex":0},"west":{"uv":[12.0,2.2222223,12.0,2.9444444],"rotation":0,"texture":"#0","tintindex":0}}}],"display":{"head":{"translation":[0.0,-6.4,0.0],"rotation":[0.0,0.0,0.0],"scale":[3.8095,3.8095,3.8095]}}}