{"textures":{"0":"modelengine:entity/suv"},"elements":[{"name":"body3","from":[-5.1759996,8.024,8.024],"to":[21.175999,12.776,9.176001],"rotation":{"angle":0.0,"axis":"x","origin":[8.0,0.19999981,29.0]},"faces":{"down":{"uv":[12.111112,0.5555556,9.666667,0.6666667],"rotation":0,"texture":"#0","tintindex":0},"east":{"uv":[7.111111,0.6666667,7.2222223,1.1111112],"rotation":0,"texture":"#0","tintindex":0},"north":{"uv":[7.2222223,0.6666667,9.666667,1.1111112],"rotation":0,"texture":"#0","tintindex":0},"south":{"uv":[9.777778,0.6666667,12.222222,1.1111112],"rotation":0,"texture":"#0","tintindex":0},"up":{"uv":[9.666667,0.6666667,7.2222223,0.5555556],"rotation":0,"texture":"#0","tintindex":0},"west":{"uv":[9.666667,0.6666667,9.777778,1.1111112],"rotation":0,"texture":"#0","tintindex":0}}}],"display":{"head":{"translation":[0.0,-6.4,0.0],"rotation":[0.0,0.0,0.0],"scale":[3.8095,3.8095,3.8095]}}}