{"textures":{"0":"modelengine:entity/suv"},"elements":[{"name":"body21","from":[9.2,8.0,7.85],"to":[10.4,17.0,7.85],"rotation":{"angle":0.0,"axis":"x","origin":[20.600002,-6.4000006,15.170001]},"faces":{"down":{"uv":[9.277778,14.111112,9.166667,14.111112],"rotation":0,"texture":"#0","tintindex":0},"east":{"uv":[9.055555,14.111112,9.055555,14.944445],"rotation":0,"texture":"#0","tintindex":0},"north":{"uv":[9.055555,14.111112,9.166667,14.944445],"rotation":0,"texture":"#0","tintindex":0},"south":{"uv":[9.166667,14.111112,9.277778,14.944445],"rotation":0,"texture":"#0","tintindex":0},"up":{"uv":[9.166667,14.111112,9.055555,14.111112],"rotation":0,"texture":"#0","tintindex":0},"west":{"uv":[9.166667,14.111112,9.166667,14.944445],"rotation":0,"texture":"#0","tintindex":0}}},{"name":"body21","from":[8.0,8.0,7.85],"to":[9.2,17.0,8.45],"rotation":{"angle":0.0,"axis":"x","origin":[20.600002,-6.4000006,15.170001]},"faces":{"down":{"uv":[8.666667,14.111112,8.555555,14.166667],"rotation":0,"texture":"#0","tintindex":0},"east":{"uv":[8.388889,14.166667,8.444445,15.0],"rotation":0,"texture":"#0","tintindex":0},"north":{"uv":[8.444445,14.166667,8.555555,15.0],"rotation":0,"texture":"#0","tintindex":0},"south":{"uv":[8.611112,14.166667,8.722222,15.0],"rotation":0,"texture":"#0","tintindex":0},"up":{"uv":[8.555555,14.166667,8.444445,14.111112],"rotation":0,"texture":"#0","tintindex":0},"west":{"uv":[8.555555,14.166667,8.611112,15.0],"rotation":0,"texture":"#0","tintindex":0}}},{"name":"body21","from":[8.030001,8.030001,8.15],"to":[9.17,16.970001,8.69],"rotation":{"angle":0.0,"axis":"x","origin":[8.6,12.5,8.12]},"faces":{"down":{"uv":[8.333333,14.111112,8.222222,14.166667],"rotation":0,"texture":"#0","tintindex":0},"east":{"uv":[8.055555,14.166667,8.111112,15.0],"rotation":0,"texture":"#0","tintindex":0},"north":{"uv":[8.111112,14.166667,8.222222,15.0],"rotation":0,"texture":"#0","tintindex":0},"south":{"uv":[8.277778,14.166667,8.388889,15.0],"rotation":0,"texture":"#0","tintindex":0},"up":{"uv":[8.222222,14.166667,8.111112,14.111112],"rotation":0,"texture":"#0","tintindex":0},"west":{"uv":[8.222222,14.166667,8.277778,15.0],"rotation":0,"texture":"#0","tintindex":0}}}],"display":{"head":{"translation":[0.0,-6.4,0.0],"rotation":[0.0,0.0,0.0],"scale":[3.8095,3.8095,3.8095]}}}