{"textures":{"0":"modelengine:entity/suv"},"elements":[{"name":"d1","from":[8.0,8.0,8.0],"to":[8.6,15.8,8.6],"rotation":{"angle":0.0,"axis":"x","origin":[20.420002,-14.8,14.06]},"faces":{"down":{"uv":[1.0555556,5.111111,1.0,5.1666665],"rotation":0,"texture":"#0","tintindex":0},"east":{"uv":[0.8888889,5.1666665,0.9444445,5.888889],"rotation":0,"texture":"#0","tintindex":0},"north":{"uv":[0.9444445,5.1666665,1.0,5.888889],"rotation":0,"texture":"#0","tintindex":0},"south":{"uv":[1.0555556,5.1666665,1.1111112,5.888889],"rotation":0,"texture":"#0","tintindex":0},"up":{"uv":[1.0,5.1666665,0.9444445,5.111111],"rotation":0,"texture":"#0","tintindex":0},"west":{"uv":[1.0,5.1666665,1.0555556,5.888889],"rotation":0,"texture":"#0","tintindex":0}}},{"name":"d1","from":[8.075,4.3999996,8.6],"to":[8.075,14.6,15.2],"rotation":{"angle":0.0,"axis":"x","origin":[20.420002,-14.8,14.06]},"faces":{"down":{"uv":[4.9444447,12.0,4.9444447,12.611112],"rotation":0,"texture":"#0","tintindex":0},"east":{"uv":[4.3333335,12.611112,4.9444447,13.555555],"rotation":0,"texture":"#0","tintindex":0},"north":{"uv":[4.9444447,12.611112,4.9444447,13.555555],"rotation":0,"texture":"#0","tintindex":0},"south":{"uv":[5.555556,12.611112,5.555556,13.555555],"rotation":0,"texture":"#0","tintindex":0},"up":{"uv":[4.9444447,12.611112,4.9444447,12.0],"rotation":0,"texture":"#0","tintindex":0},"west":{"uv":[4.9444447,12.611112,5.555556,13.555555],"rotation":0,"texture":"#0","tintindex":0}}},{"name":"d1","from":[8.0,14.6,8.6],"to":[8.6,15.8,15.2],"rotation":{"angle":0.0,"axis":"x","origin":[20.420002,-14.8,14.06]},"faces":{"down":{"uv":[10.166667,11.5,10.111112,12.111112],"rotation":0,"texture":"#0","tintindex":0},"east":{"uv":[9.444445,12.111112,10.055555,12.222222],"rotation":0,"texture":"#0","tintindex":0},"north":{"uv":[10.055555,12.111112,10.111112,12.222222],"rotation":0,"texture":"#0","tintindex":0},"south":{"uv":[10.722222,12.111112,10.777778,12.222222],"rotation":0,"texture":"#0","tintindex":0},"up":{"uv":[10.111112,12.111112,10.055555,11.5],"rotation":0,"texture":"#0","tintindex":0},"west":{"uv":[10.111112,12.111112,10.722222,12.222222],"rotation":0,"texture":"#0","tintindex":0}}}],"display":{"head":{"translation":[0.0,-6.4,0.0],"rotation":[0.0,0.0,0.0],"scale":[3.8095,3.8095,3.8095]}}}