{"textures":{"0":"modelengine:entity/suv"},"elements":[{"name":"d2","from":[8.0,8.0,6.8],"to":[8.6,15.2,8.0],"rotation":{"angle":0.0,"axis":"x","origin":[20.36,-6.4000006,0.7999997]},"faces":{"down":{"uv":[8.944445,14.111112,8.888889,14.222222],"rotation":0,"texture":"#0","tintindex":0},"east":{"uv":[8.722222,14.222222,8.833333,14.888889],"rotation":0,"texture":"#0","tintindex":0},"north":{"uv":[8.833333,14.222222,8.888889,14.888889],"rotation":0,"texture":"#0","tintindex":0},"south":{"uv":[9.0,14.222222,9.055555,14.888889],"rotation":0,"texture":"#0","tintindex":0},"up":{"uv":[8.888889,14.222222,8.833333,14.111112],"rotation":0,"texture":"#0","tintindex":0},"west":{"uv":[8.888889,14.222222,9.0,14.888889],"rotation":0,"texture":"#0","tintindex":0}}},{"name":"d2","from":[8.0,8.0,8.0],"to":[8.0,14.6,17.6],"rotation":{"angle":0.0,"axis":"x","origin":[20.36,-6.4000006,0.7999997]},"faces":{"down":{"uv":[8.888889,9.166667,8.888889,10.055555],"rotation":0,"texture":"#0","tintindex":0},"east":{"uv":[8.0,10.055555,8.888889,10.666667],"rotation":0,"texture":"#0","tintindex":0},"north":{"uv":[8.888889,10.055555,8.888889,10.666667],"rotation":0,"texture":"#0","tintindex":0},"south":{"uv":[9.777778,10.055555,9.777778,10.666667],"rotation":0,"texture":"#0","tintindex":0},"up":{"uv":[8.888889,10.055555,8.888889,9.166667],"rotation":0,"texture":"#0","tintindex":0},"west":{"uv":[8.888889,10.055555,9.777778,10.666667],"rotation":0,"texture":"#0","tintindex":0}}},{"name":"d2","from":[8.0,8.0,17.6],"to":[8.6,15.2,18.8],"rotation":{"angle":0.0,"axis":"x","origin":[20.36,-6.4000006,0.7999997]},"faces":{"down":{"uv":[8.222222,12.222222,8.166667,12.333333],"rotation":0,"texture":"#0","tintindex":0},"east":{"uv":[8.0,12.333333,8.111112,13.0],"rotation":0,"texture":"#0","tintindex":0},"north":{"uv":[8.111112,12.333333,8.166667,13.0],"rotation":0,"texture":"#0","tintindex":0},"south":{"uv":[8.277778,12.333333,8.333333,13.0],"rotation":0,"texture":"#0","tintindex":0},"up":{"uv":[8.166667,12.333333,8.111112,12.222222],"rotation":0,"texture":"#0","tintindex":0},"west":{"uv":[8.166667,12.333333,8.277778,13.0],"rotation":0,"texture":"#0","tintindex":0}}},{"name":"d2","from":[8.0,14.6,8.0],"to":[8.6,15.2,17.6],"rotation":{"angle":0.0,"axis":"x","origin":[20.36,-6.4000006,0.7999997]},"faces":{"down":{"uv":[12.888889,11.944445,12.833333,12.833333],"rotation":0,"texture":"#0","tintindex":0},"east":{"uv":[11.888889,12.833333,12.777778,12.888889],"rotation":0,"texture":"#0","tintindex":0},"north":{"uv":[12.777778,12.833333,12.833333,12.888889],"rotation":0,"texture":"#0","tintindex":0},"south":{"uv":[13.722222,12.833333,13.777778,12.888889],"rotation":0,"texture":"#0","tintindex":0},"up":{"uv":[12.833333,12.833333,12.777778,11.944445],"rotation":0,"texture":"#0","tintindex":0},"west":{"uv":[12.833333,12.833333,13.722222,12.888889],"rotation":0,"texture":"#0","tintindex":0}}}],"display":{"head":{"translation":[0.0,-6.4,0.0],"rotation":[0.0,0.0,0.0],"scale":[3.8095,3.8095,3.8095]}}}