{"textures":{"0":"modelengine:entity/suv"},"elements":[{"name":"d3","from":[7.415,8.014999,8.014999],"to":[7.985,16.385,8.585],"rotation":{"angle":0.0,"axis":"x","origin":[-4.420001,-6.4000006,14.06]},"faces":{"down":{"uv":[6.4444447,10.722222,6.5,10.777778],"rotation":0,"texture":"#0","tintindex":0},"east":{"uv":[6.5,10.777778,6.4444447,11.555555],"rotation":0,"texture":"#0","tintindex":0},"north":{"uv":[6.4444447,10.777778,6.388889,11.555555],"rotation":0,"texture":"#0","tintindex":0},"south":{"uv":[6.555556,10.777778,6.5,11.555555],"rotation":0,"texture":"#0","tintindex":0},"up":{"uv":[6.388889,10.777778,6.4444447,10.722222],"rotation":0,"texture":"#0","tintindex":0},"west":{"uv":[6.388889,10.777778,6.3333335,11.555555],"rotation":0,"texture":"#0","tintindex":0}}},{"name":"d3","from":[7.9399996,8.0,8.6],"to":[7.9399996,16.400002,9.2],"rotation":{"angle":0.0,"axis":"x","origin":[-4.420001,-6.4000006,14.06]},"faces":{"down":{"uv":[1.0555556,2.3333333,1.0555556,2.3888888],"rotation":0,"texture":"#0","tintindex":0},"east":{"uv":[1.1111112,2.3888888,1.0555556,3.1666667],"rotation":0,"texture":"#0","tintindex":0},"north":{"uv":[1.0555556,2.3888888,1.0555556,3.1666667],"rotation":0,"texture":"#0","tintindex":0},"south":{"uv":[1.1111112,2.3888888,1.1111112,3.1666667],"rotation":0,"texture":"#0","tintindex":0},"up":{"uv":[1.0555556,2.3888888,1.0555556,2.3333333],"rotation":0,"texture":"#0","tintindex":0},"west":{"uv":[1.0555556,2.3888888,1.0,3.1666667],"rotation":0,"texture":"#0","tintindex":0}}}],"display":{"head":{"translation":[0.0,-6.4,0.0],"rotation":[0.0,0.0,0.0],"scale":[3.8095,3.8095,3.8095]}}}