{"textures":{"0":"modelengine:entity/suv"},"elements":[{"name":"door3","from":[6.185,5.585,16.385],"to":[8.014999,8.615,20.015],"rotation":{"angle":0.0,"axis":"x","origin":[-4.9000006,-5.8,1.9999998]},"faces":{"down":{"uv":[11.444445,10.055555,11.611112,10.388889],"rotation":0,"texture":"#0","tintindex":0},"east":{"uv":[11.777778,10.388889,11.444445,10.666667],"rotation":0,"texture":"#0","tintindex":0},"north":{"uv":[11.444445,10.388889,11.277778,10.666667],"rotation":0,"texture":"#0","tintindex":0},"south":{"uv":[11.944445,10.388889,11.777778,10.666667],"rotation":0,"texture":"#0","tintindex":0},"up":{"uv":[11.277778,10.388889,11.444445,10.055555],"rotation":0,"texture":"#0","tintindex":0},"west":{"uv":[11.277778,10.388889,10.944445,10.666667],"rotation":0,"texture":"#0","tintindex":0}}},{"name":"door3","from":[6.2,0.19999981,16.400002],"to":[8.0,5.6,19.400002],"rotation":{"angle":22.5,"axis":"x","origin":[8.014999,5.615,19.415]},"faces":{"down":{"uv":[0.44444445,5.111111,0.6111111,5.388889],"rotation":0,"texture":"#0","tintindex":0},"east":{"uv":[0.7222222,5.388889,0.44444445,5.888889],"rotation":0,"texture":"#0","tintindex":0},"north":{"uv":[0.44444445,5.388889,0.2777778,5.888889],"rotation":0,"texture":"#0","tintindex":0},"south":{"uv":[0.8888889,5.388889,0.7222222,5.888889],"rotation":0,"texture":"#0","tintindex":0},"up":{"uv":[0.2777778,5.388889,0.44444445,5.111111],"rotation":0,"texture":"#0","tintindex":0},"west":{"uv":[0.2777778,5.388889,0.0,5.888889],"rotation":0,"texture":"#0","tintindex":0}}},{"name":"door3","from":[6.185,-0.4150002,7.985],"to":[8.014999,8.615,16.415],"rotation":{"angle":0.0,"axis":"x","origin":[-4.9000006,-5.8,1.9999998]},"faces":{"down":{"uv":[9.277778,11.5,9.444445,12.277778],"rotation":0,"texture":"#0","tintindex":0},"east":{"uv":[10.055555,12.277778,9.277778,13.111112],"rotation":0,"texture":"#0","tintindex":0},"north":{"uv":[9.277778,12.277778,9.111112,13.111112],"rotation":0,"texture":"#0","tintindex":0},"south":{"uv":[10.222222,12.277778,10.055555,13.111112],"rotation":0,"texture":"#0","tintindex":0},"up":{"uv":[9.111112,12.277778,9.277778,11.5],"rotation":0,"texture":"#0","tintindex":0},"west":{"uv":[9.111112,12.277778,8.333333,13.111112],"rotation":0,"texture":"#0","tintindex":0}}}],"display":{"head":{"translation":[0.0,-6.4,0.0],"rotation":[0.0,0.0,0.0],"scale":[3.8095,3.8095,3.8095]}}}