{"textures":{"0":"modelengine:entity/suv"},"elements":[{"name":"door2","from":[8.0,8.0,9.2],"to":[10.4,8.6,9.8],"rotation":{"angle":45.0,"axis":"z","origin":[8.0,8.0,9.2]},"faces":{"down":{"uv":[5.7777777,4.5,6.0,4.555556],"rotation":0,"texture":"#0","tintindex":0},"east":{"uv":[5.8333335,4.555556,5.7777777,4.611111],"rotation":0,"texture":"#0","tintindex":0},"north":{"uv":[5.7777777,4.555556,5.555556,4.611111],"rotation":0,"texture":"#0","tintindex":0},"south":{"uv":[6.055556,4.555556,5.8333335,4.611111],"rotation":0,"texture":"#0","tintindex":0},"up":{"uv":[5.555556,4.555556,5.7777777,4.5],"rotation":0,"texture":"#0","tintindex":0},"west":{"uv":[5.555556,4.555556,5.5,4.611111],"rotation":0,"texture":"#0","tintindex":0}}},{"name":"door2","from":[8.6,8.6,8.9],"to":[11.6,11.0,10.1],"rotation":{"angle":-22.5,"axis":"y","origin":[8.6,9.2,8.9]},"faces":{"down":{"uv":[11.333333,10.666667,11.611112,10.777778],"rotation":0,"texture":"#0","tintindex":0},"east":{"uv":[11.444445,10.777778,11.333333,11.0],"rotation":0,"texture":"#0","tintindex":0},"north":{"uv":[11.333333,10.777778,11.055555,11.0],"rotation":0,"texture":"#0","tintindex":0},"south":{"uv":[11.722222,10.777778,11.444445,11.0],"rotation":0,"texture":"#0","tintindex":0},"up":{"uv":[11.055555,10.777778,11.333333,10.666667],"rotation":0,"texture":"#0","tintindex":0},"west":{"uv":[11.055555,10.777778,10.944445,11.0],"rotation":0,"texture":"#0","tintindex":0}}},{"name":"door2","from":[6.185,-0.4150002,7.985],"to":[8.014999,8.615,20.015],"rotation":{"angle":0.0,"axis":"x","origin":[-4.9000006,-5.8,14.0]},"faces":{"down":{"uv":[7.8333335,9.888889,8.0,11.0],"rotation":0,"texture":"#0","tintindex":0},"east":{"uv":[8.944445,11.0,7.8333335,11.833333],"rotation":0,"texture":"#0","tintindex":0},"north":{"uv":[7.8333335,11.0,7.6666665,11.833333],"rotation":0,"texture":"#0","tintindex":0},"south":{"uv":[9.111112,11.0,8.944445,11.833333],"rotation":0,"texture":"#0","tintindex":0},"up":{"uv":[7.6666665,11.0,7.8333335,9.888889],"rotation":0,"texture":"#0","tintindex":0},"west":{"uv":[7.6666665,11.0,6.555556,11.833333],"rotation":0,"texture":"#0","tintindex":0}}}],"display":{"head":{"translation":[0.0,-6.4,0.0],"rotation":[0.0,0.0,0.0],"scale":[3.8095,3.8095,3.8095]}}}