{"textures":{"0":"modelengine:entity/suv"},"elements":[{"name":"r0","from":[5.6,8.0,7.7],"to":[8.0,8.6,8.3],"rotation":{"angle":0.0,"axis":"x","origin":[13.1,1.1879597,8.6]},"faces":{"down":{"uv":[4.8333335,5.4444447,4.611111,5.5],"rotation":0,"texture":"#0","tintindex":0},"east":{"uv":[4.3333335,5.5,4.388889,5.555556],"rotation":0,"texture":"#0","tintindex":0},"north":{"uv":[4.388889,5.5,4.611111,5.555556],"rotation":0,"texture":"#0","tintindex":0},"south":{"uv":[4.6666665,5.5,4.888889,5.555556],"rotation":0,"texture":"#0","tintindex":0},"up":{"uv":[4.611111,5.5,4.388889,5.4444447],"rotation":0,"texture":"#0","tintindex":0},"west":{"uv":[4.611111,5.5,4.6666665,5.555556],"rotation":0,"texture":"#0","tintindex":0}}},{"name":"r0","from":[5.6,13.19411,7.7],"to":[8.0,13.794109,8.3],"rotation":{"angle":0.0,"axis":"x","origin":[13.1,1.1879597,8.6]},"faces":{"down":{"uv":[1.0555556,3.3333333,0.8333333,3.3888888],"rotation":0,"texture":"#0","tintindex":0},"east":{"uv":[0.5555556,3.3888888,0.6111111,3.4444444],"rotation":0,"texture":"#0","tintindex":0},"north":{"uv":[0.6111111,3.3888888,0.8333333,3.4444444],"rotation":0,"texture":"#0","tintindex":0},"south":{"uv":[0.8888889,3.3888888,1.1111112,3.4444444],"rotation":0,"texture":"#0","tintindex":0},"up":{"uv":[0.8333333,3.3888888,0.6111111,3.3333333],"rotation":0,"texture":"#0","tintindex":0},"west":{"uv":[0.8333333,3.3888888,0.8888889,3.4444444],"rotation":0,"texture":"#0","tintindex":0}}}],"display":{"head":{"translation":[0.0,-6.4,0.0],"rotation":[0.0,0.0,0.0],"scale":[3.8095,3.8095,3.8095]}}}