{"textures":{"0":"modelengine:entity/suv"},"elements":[{"name":"r1","from":[5.6449995,8.045,7.745],"to":[7.955,8.555,8.255],"rotation":{"angle":0.0,"axis":"x","origin":[15.5,1.1879597,8.6]},"faces":{"down":{"uv":[5.9444447,3.6111112,5.7222223,3.6666667],"rotation":0,"texture":"#0","tintindex":0},"east":{"uv":[5.4444447,3.6666667,5.5,3.7222223],"rotation":0,"texture":"#0","tintindex":0},"north":{"uv":[5.5,3.6666667,5.7222223,3.7222223],"rotation":0,"texture":"#0","tintindex":0},"south":{"uv":[5.7777777,3.6666667,6.0,3.7222223],"rotation":0,"texture":"#0","tintindex":0},"up":{"uv":[5.7222223,3.6666667,5.5,3.6111112],"rotation":0,"texture":"#0","tintindex":0},"west":{"uv":[5.7222223,3.6666667,5.7777777,3.7222223],"rotation":0,"texture":"#0","tintindex":0}}},{"name":"r1","from":[5.6449995,13.23914,7.745],"to":[7.955,13.74914,8.255],"rotation":{"angle":0.0,"axis":"x","origin":[15.5,1.1879597,8.6]},"faces":{"down":{"uv":[0.5,2.0555556,0.2777778,2.1111112],"rotation":0,"texture":"#0","tintindex":0},"east":{"uv":[0.0,2.1111112,0.055555556,2.1666667],"rotation":0,"texture":"#0","tintindex":0},"north":{"uv":[0.055555556,2.1111112,0.2777778,2.1666667],"rotation":0,"texture":"#0","tintindex":0},"south":{"uv":[0.33333334,2.1111112,0.5555556,2.1666667],"rotation":0,"texture":"#0","tintindex":0},"up":{"uv":[0.2777778,2.1111112,0.055555556,2.0555556],"rotation":0,"texture":"#0","tintindex":0},"west":{"uv":[0.2777778,2.1111112,0.33333334,2.1666667],"rotation":0,"texture":"#0","tintindex":0}}}],"display":{"head":{"translation":[0.0,-6.4,0.0],"rotation":[0.0,0.0,0.0],"scale":[3.8095,3.8095,3.8095]}}}