{"textures":{"0":"modelengine:entity/suv"},"elements":[{"name":"r2","from":[5.6,8.0,7.7],"to":[8.0,8.6,8.3],"rotation":{"angle":0.0,"axis":"x","origin":[17.900002,1.1879597,8.6]},"faces":{"down":{"uv":[4.8333335,3.0,4.611111,3.0555556],"rotation":0,"texture":"#0","tintindex":0},"east":{"uv":[4.3333335,3.0555556,4.388889,3.1111112],"rotation":0,"texture":"#0","tintindex":0},"north":{"uv":[4.388889,3.0555556,4.611111,3.1111112],"rotation":0,"texture":"#0","tintindex":0},"south":{"uv":[4.6666665,3.0555556,4.888889,3.1111112],"rotation":0,"texture":"#0","tintindex":0},"up":{"uv":[4.611111,3.0555556,4.388889,3.0],"rotation":0,"texture":"#0","tintindex":0},"west":{"uv":[4.611111,3.0555556,4.6666665,3.1111112],"rotation":0,"texture":"#0","tintindex":0}}},{"name":"r2","from":[5.6,13.1941395,7.7],"to":[8.0,13.794139,8.3],"rotation":{"angle":0.0,"axis":"x","origin":[17.900002,1.1879597,8.6]},"faces":{"down":{"uv":[1.0555556,2.0555556,0.8333333,2.1111112],"rotation":0,"texture":"#0","tintindex":0},"east":{"uv":[0.5555556,2.1111112,0.6111111,2.1666667],"rotation":0,"texture":"#0","tintindex":0},"north":{"uv":[0.6111111,2.1111112,0.8333333,2.1666667],"rotation":0,"texture":"#0","tintindex":0},"south":{"uv":[0.8888889,2.1111112,1.1111112,2.1666667],"rotation":0,"texture":"#0","tintindex":0},"up":{"uv":[0.8333333,2.1111112,0.6111111,2.0555556],"rotation":0,"texture":"#0","tintindex":0},"west":{"uv":[0.8333333,2.1111112,0.8888889,2.1666667],"rotation":0,"texture":"#0","tintindex":0}}}],"display":{"head":{"translation":[0.0,-6.4,0.0],"rotation":[0.0,0.0,0.0],"scale":[3.8095,3.8095,3.8095]}}}