{"textures":{"0":"modelengine:entity/suv"},"elements":[{"name":"r3","from":[5.6449995,8.045,7.745],"to":[7.955,8.555,8.255],"rotation":{"angle":0.0,"axis":"x","origin":[20.3,1.1879597,8.6]},"faces":{"down":{"uv":[4.8333335,2.8888888,4.611111,2.9444444],"rotation":0,"texture":"#0","tintindex":0},"east":{"uv":[4.3333335,2.9444444,4.388889,3.0],"rotation":0,"texture":"#0","tintindex":0},"north":{"uv":[4.388889,2.9444444,4.611111,3.0],"rotation":0,"texture":"#0","tintindex":0},"south":{"uv":[4.6666665,2.9444444,4.888889,3.0],"rotation":0,"texture":"#0","tintindex":0},"up":{"uv":[4.611111,2.9444444,4.388889,2.8888888],"rotation":0,"texture":"#0","tintindex":0},"west":{"uv":[4.611111,2.9444444,4.6666665,3.0],"rotation":0,"texture":"#0","tintindex":0}}},{"name":"r3","from":[5.6449995,13.23914,7.745],"to":[7.955,13.74914,8.255],"rotation":{"angle":0.0,"axis":"x","origin":[20.3,1.1879597,8.6]},"faces":{"down":{"uv":[0.5,3.3333333,0.2777778,3.3888888],"rotation":0,"texture":"#0","tintindex":0},"east":{"uv":[0.0,3.3888888,0.055555556,3.4444444],"rotation":0,"texture":"#0","tintindex":0},"north":{"uv":[0.055555556,3.3888888,0.2777778,3.4444444],"rotation":0,"texture":"#0","tintindex":0},"south":{"uv":[0.33333334,3.3888888,0.5555556,3.4444444],"rotation":0,"texture":"#0","tintindex":0},"up":{"uv":[0.2777778,3.3888888,0.055555556,3.3333333],"rotation":0,"texture":"#0","tintindex":0},"west":{"uv":[0.2777778,3.3888888,0.33333334,3.4444444],"rotation":0,"texture":"#0","tintindex":0}}}],"display":{"head":{"translation":[0.0,-6.4,0.0],"rotation":[0.0,0.0,0.0],"scale":[3.8095,3.8095,3.8095]}}}