{"textures":{"0":"modelengine:entity/suv"},"elements":[{"name":"rudder0","from":[6.8,6.8,6.8],"to":[9.2,8.6,8.6],"rotation":{"angle":0.0,"axis":"x","origin":[14.3,-1.9320402,8.3]},"faces":{"down":{"uv":[5.4444447,10.722222,5.2222223,10.888889],"rotation":0,"texture":"#0","tintindex":0},"east":{"uv":[4.8333335,10.888889,5.0,11.055555],"rotation":0,"texture":"#0","tintindex":0},"north":{"uv":[5.0,10.888889,5.2222223,11.055555],"rotation":0,"texture":"#0","tintindex":0},"south":{"uv":[5.388889,10.888889,5.611111,11.055555],"rotation":0,"texture":"#0","tintindex":0},"up":{"uv":[5.2222223,10.888889,5.0,10.722222],"rotation":0,"texture":"#0","tintindex":0},"west":{"uv":[5.2222223,10.888889,5.388889,11.055555],"rotation":0,"texture":"#0","tintindex":0}}},{"name":"rudder0","from":[5.6449995,7.4449997,7.4449997],"to":[7.355,7.955,7.955],"rotation":{"angle":0.0,"axis":"x","origin":[14.3,-1.9320402,8.3]},"faces":{"down":{"uv":[4.7222223,5.555556,4.555556,5.611111],"rotation":0,"texture":"#0","tintindex":0},"east":{"uv":[4.3333335,5.611111,4.388889,5.6666665],"rotation":0,"texture":"#0","tintindex":0},"north":{"uv":[4.388889,5.611111,4.555556,5.6666665],"rotation":0,"texture":"#0","tintindex":0},"south":{"uv":[4.611111,5.611111,4.7777777,5.6666665],"rotation":0,"texture":"#0","tintindex":0},"up":{"uv":[4.555556,5.611111,4.388889,5.555556],"rotation":0,"texture":"#0","tintindex":0},"west":{"uv":[4.555556,5.611111,4.611111,5.6666665],"rotation":0,"texture":"#0","tintindex":0}}},{"name":"rudder0","from":[8.645,7.4449997,7.4449997],"to":[10.355,7.955,7.955],"rotation":{"angle":0.0,"axis":"x","origin":[14.3,-1.9320402,8.3]},"faces":{"down":{"uv":[5.888889,4.7777777,5.7222223,4.8333335],"rotation":0,"texture":"#0","tintindex":0},"east":{"uv":[5.5,4.8333335,5.555556,4.888889],"rotation":0,"texture":"#0","tintindex":0},"north":{"uv":[5.555556,4.8333335,5.7222223,4.888889],"rotation":0,"texture":"#0","tintindex":0},"south":{"uv":[5.7777777,4.8333335,5.9444447,4.888889],"rotation":0,"texture":"#0","tintindex":0},"up":{"uv":[5.7222223,4.8333335,5.555556,4.7777777],"rotation":0,"texture":"#0","tintindex":0},"west":{"uv":[5.7222223,4.8333335,5.7777777,4.888889],"rotation":0,"texture":"#0","tintindex":0}}}],"display":{"head":{"translation":[0.0,-6.4,0.0],"rotation":[0.0,0.0,0.0],"scale":[3.8095,3.8095,3.8095]}}}