{"textures":{"0":"modelengine:entity/suv"},"elements":[{"name":"seat0","from":[-1.6000004,11.6,9.2],"to":[5.6,13.400001,15.8],"rotation":{"angle":0.0,"axis":"x","origin":[8.0,6.2,8.6]},"faces":{"down":{"uv":[12.166667,11.944445,11.5,12.555555],"rotation":0,"texture":"#0","tintindex":0},"east":{"uv":[10.222222,12.555555,10.833333,12.722222],"rotation":0,"texture":"#0","tintindex":0},"north":{"uv":[10.833333,12.555555,11.5,12.722222],"rotation":0,"texture":"#0","tintindex":0},"south":{"uv":[12.111112,12.555555,12.777778,12.722222],"rotation":0,"texture":"#0","tintindex":0},"up":{"uv":[11.5,12.555555,10.833333,11.944445],"rotation":0,"texture":"#0","tintindex":0},"west":{"uv":[11.5,12.555555,12.111112,12.722222],"rotation":0,"texture":"#0","tintindex":0}}},{"name":"seat0","from":[-1.0000005,13.400001,14.0],"to":[5.0,20.600002,15.8],"rotation":{"angle":0.0,"axis":"x","origin":[1.9999998,13.400001,14.0]},"faces":{"down":{"uv":[12.944445,12.888889,12.388889,13.055555],"rotation":0,"texture":"#0","tintindex":0},"east":{"uv":[11.666667,13.055555,11.833333,13.722222],"rotation":0,"texture":"#0","tintindex":0},"north":{"uv":[11.833333,13.055555,12.388889,13.722222],"rotation":0,"texture":"#0","tintindex":0},"south":{"uv":[12.555555,13.055555,13.111112,13.722222],"rotation":0,"texture":"#0","tintindex":0},"up":{"uv":[12.388889,13.055555,11.833333,12.888889],"rotation":0,"texture":"#0","tintindex":0},"west":{"uv":[12.388889,13.055555,12.555555,13.722222],"rotation":0,"texture":"#0","tintindex":0}}},{"name":"seat0","from":[-0.40000033,20.0,14.6],"to":[4.3999996,22.400002,16.400002],"rotation":{"angle":0.0,"axis":"x","origin":[8.0,6.2,8.6]},"faces":{"down":{"uv":[15.0,5.4444447,14.555555,5.611111],"rotation":0,"texture":"#0","tintindex":0},"east":{"uv":[13.944445,5.611111,14.111112,5.8333335],"rotation":0,"texture":"#0","tintindex":0},"north":{"uv":[14.111112,5.611111,14.555555,5.8333335],"rotation":0,"texture":"#0","tintindex":0},"south":{"uv":[14.722222,5.611111,15.166667,5.8333335],"rotation":0,"texture":"#0","tintindex":0},"up":{"uv":[14.555555,5.611111,14.111112,5.4444447],"rotation":0,"texture":"#0","tintindex":0},"west":{"uv":[14.555555,5.611111,14.722222,5.8333335],"rotation":0,"texture":"#0","tintindex":0}}},{"name":"seat0","from":[10.4,11.6,9.2],"to":[17.6,13.400001,15.8],"rotation":{"angle":0.0,"axis":"x","origin":[8.0,6.2,8.6]},"faces":{"down":{"uv":[12.166667,11.944445,11.5,12.555555],"rotation":0,"texture":"#0","tintindex":0},"east":{"uv":[10.222222,12.555555,10.833333,12.722222],"rotation":0,"texture":"#0","tintindex":0},"north":{"uv":[10.833333,12.555555,11.5,12.722222],"rotation":0,"texture":"#0","tintindex":0},"south":{"uv":[12.111112,12.555555,12.777778,12.722222],"rotation":0,"texture":"#0","tintindex":0},"up":{"uv":[11.5,12.555555,10.833333,11.944445],"rotation":0,"texture":"#0","tintindex":0},"west":{"uv":[11.5,12.555555,12.111112,12.722222],"rotation":0,"texture":"#0","tintindex":0}}},{"name":"seat0","from":[11.0,13.400001,14.0],"to":[17.0,20.600002,15.8],"rotation":{"angle":0.0,"axis":"x","origin":[14.0,13.400001,14.0]},"faces":{"down":{"uv":[12.944445,12.888889,12.388889,13.055555],"rotation":0,"texture":"#0","tintindex":0},"east":{"uv":[11.666667,13.055555,11.833333,13.722222],"rotation":0,"texture":"#0","tintindex":0},"north":{"uv":[11.833333,13.055555,12.388889,13.722222],"rotation":0,"texture":"#0","tintindex":0},"south":{"uv":[12.555555,13.055555,13.111112,13.722222],"rotation":0,"texture":"#0","tintindex":0},"up":{"uv":[12.388889,13.055555,11.833333,12.888889],"rotation":0,"texture":"#0","tintindex":0},"west":{"uv":[12.388889,13.055555,12.555555,13.722222],"rotation":0,"texture":"#0","tintindex":0}}},{"name":"seat0","from":[11.6,20.0,14.6],"to":[16.400002,22.400002,16.400002],"rotation":{"angle":0.0,"axis":"x","origin":[8.0,6.2,8.6]},"faces":{"down":{"uv":[15.0,5.4444447,14.555555,5.611111],"rotation":0,"texture":"#0","tintindex":0},"east":{"uv":[13.944445,5.611111,14.111112,5.8333335],"rotation":0,"texture":"#0","tintindex":0},"north":{"uv":[14.111112,5.611111,14.555555,5.8333335],"rotation":0,"texture":"#0","tintindex":0},"south":{"uv":[14.722222,5.611111,15.166667,5.8333335],"rotation":0,"texture":"#0","tintindex":0},"up":{"uv":[14.555555,5.611111,14.111112,5.4444447],"rotation":0,"texture":"#0","tintindex":0},"west":{"uv":[14.555555,5.611111,14.722222,5.8333335],"rotation":0,"texture":"#0","tintindex":0}}}],"display":{"head":{"translation":[0.0,-6.4,0.0],"rotation":[0.0,0.0,0.0],"scale":[3.8095,3.8095,3.8095]}}}