{"textures":{"0":"modelengine:entity/suv"},"elements":[{"name":"seat1","from":[-1.6000004,11.6,9.2],"to":[17.6,13.400001,15.8],"rotation":{"angle":0.0,"axis":"x","origin":[8.0,6.2,0.43999958]},"faces":{"down":{"uv":[8.555555,7.388889,6.7777777,8.0],"rotation":0,"texture":"#0","tintindex":0},"east":{"uv":[4.388889,8.0,5.0,8.166667],"rotation":0,"texture":"#0","tintindex":0},"north":{"uv":[5.0,8.0,6.7777777,8.166667],"rotation":0,"texture":"#0","tintindex":0},"south":{"uv":[7.388889,8.0,9.166667,8.166667],"rotation":0,"texture":"#0","tintindex":0},"up":{"uv":[6.7777777,8.0,5.0,7.388889],"rotation":0,"texture":"#0","tintindex":0},"west":{"uv":[6.7777777,8.0,7.388889,8.166667],"rotation":0,"texture":"#0","tintindex":0}}},{"name":"seat1","from":[-1.0000005,13.400001,14.0],"to":[17.0,20.600002,15.8],"rotation":{"angle":0.0,"axis":"x","origin":[1.9999998,13.400001,14.0]},"faces":{"down":{"uv":[7.5,9.888889,5.8333335,10.055555],"rotation":0,"texture":"#0","tintindex":0},"east":{"uv":[4.0,10.055555,4.1666665,10.722222],"rotation":0,"texture":"#0","tintindex":0},"north":{"uv":[4.1666665,10.055555,5.8333335,10.722222],"rotation":0,"texture":"#0","tintindex":0},"south":{"uv":[6.0,10.055555,7.6666665,10.722222],"rotation":0,"texture":"#0","tintindex":0},"up":{"uv":[5.8333335,10.055555,4.1666665,9.888889],"rotation":0,"texture":"#0","tintindex":0},"west":{"uv":[5.8333335,10.055555,6.0,10.722222],"rotation":0,"texture":"#0","tintindex":0}}},{"name":"seat1","from":[-0.40000033,20.0,14.6],"to":[4.3999996,22.400002,16.400002],"rotation":{"angle":0.0,"axis":"x","origin":[8.0,6.2,0.43999958]},"faces":{"down":{"uv":[15.0,5.4444447,14.555555,5.611111],"rotation":0,"texture":"#0","tintindex":0},"east":{"uv":[13.944445,5.611111,14.111112,5.8333335],"rotation":0,"texture":"#0","tintindex":0},"north":{"uv":[14.111112,5.611111,14.555555,5.8333335],"rotation":0,"texture":"#0","tintindex":0},"south":{"uv":[14.722222,5.611111,15.166667,5.8333335],"rotation":0,"texture":"#0","tintindex":0},"up":{"uv":[14.555555,5.611111,14.111112,5.4444447],"rotation":0,"texture":"#0","tintindex":0},"west":{"uv":[14.555555,5.611111,14.722222,5.8333335],"rotation":0,"texture":"#0","tintindex":0}}}],"display":{"head":{"translation":[0.0,-6.4,0.0],"rotation":[0.0,0.0,0.0],"scale":[3.8095,3.8095,3.8095]}}}