{"textures":{"0":"modelengine:entity/suv"},"elements":[{"name":"wheel0","from":[-4.3000007,4.73018,5.8999996],"to":[-1.9000006,5.3301797,10.1],"rotation":{"angle":0.0,"axis":"x","origin":[8.0,2.3301797,-13.000001]},"faces":{"down":{"uv":[14.777778,4.6666665,14.555555,5.055556],"rotation":0,"texture":"#0","tintindex":0},"east":{"uv":[13.944445,5.055556,14.333333,5.111111],"rotation":0,"texture":"#0","tintindex":0},"north":{"uv":[14.333333,5.055556,14.555555,5.111111],"rotation":0,"texture":"#0","tintindex":0},"south":{"uv":[14.944445,5.055556,15.166667,5.111111],"rotation":0,"texture":"#0","tintindex":0},"up":{"uv":[14.555555,5.055556,14.333333,4.6666665],"rotation":0,"texture":"#0","tintindex":0},"west":{"uv":[14.555555,5.055556,14.944445,5.111111],"rotation":0,"texture":"#0","tintindex":0}}},{"name":"wheel0","from":[-4.9000006,2.9301796,5.8999996],"to":[-0.7000003,4.73018,10.1],"rotation":{"angle":0.0,"axis":"x","origin":[8.0,2.3301797,-13.000001]},"faces":{"down":{"uv":[14.444445,10.166667,14.055555,10.555555],"rotation":0,"texture":"#0","tintindex":0},"east":{"uv":[13.277778,10.555555,13.666667,10.722222],"rotation":0,"texture":"#0","tintindex":0},"north":{"uv":[13.666667,10.555555,14.055555,10.722222],"rotation":0,"texture":"#0","tintindex":0},"south":{"uv":[14.444445,10.555555,14.833333,10.722222],"rotation":0,"texture":"#0","tintindex":0},"up":{"uv":[14.055555,10.555555,13.666667,10.166667],"rotation":0,"texture":"#0","tintindex":0},"west":{"uv":[14.055555,10.555555,14.444445,10.722222],"rotation":0,"texture":"#0","tintindex":0}}},{"name":"wheel0","from":[-4.9000006,11.269875,5.8999996],"to":[-0.7000003,13.069875,10.1],"rotation":{"angle":0.0,"axis":"x","origin":[8.0,2.3301797,-13.000001]},"faces":{"down":{"uv":[14.277778,12.888889,13.888889,13.277778],"rotation":0,"texture":"#0","tintindex":0},"east":{"uv":[13.111112,13.277778,13.5,13.444445],"rotation":0,"texture":"#0","tintindex":0},"north":{"uv":[13.5,13.277778,13.888889,13.444445],"rotation":0,"texture":"#0","tintindex":0},"south":{"uv":[14.277778,13.277778,14.666667,13.444445],"rotation":0,"texture":"#0","tintindex":0},"up":{"uv":[13.888889,13.277778,13.5,12.888889],"rotation":0,"texture":"#0","tintindex":0},"west":{"uv":[13.888889,13.277778,14.277778,13.444445],"rotation":0,"texture":"#0","tintindex":0}}},{"name":"wheel0","from":[-4.3000007,10.669874,5.8999996],"to":[-1.9000006,11.269875,10.1],"rotation":{"angle":0.0,"axis":"x","origin":[8.0,2.3301797,-13.000001]},"faces":{"down":{"uv":[4.3333335,13.777778,4.111111,14.166667],"rotation":0,"texture":"#0","tintindex":0},"east":{"uv":[3.5,14.166667,3.8888888,14.222222],"rotation":0,"texture":"#0","tintindex":0},"north":{"uv":[3.8888888,14.166667,4.111111,14.222222],"rotation":0,"texture":"#0","tintindex":0},"south":{"uv":[4.5,14.166667,4.7222223,14.222222],"rotation":0,"texture":"#0","tintindex":0},"up":{"uv":[4.111111,14.166667,3.8888888,13.777778],"rotation":0,"texture":"#0","tintindex":0},"west":{"uv":[4.111111,14.166667,4.5,14.222222],"rotation":0,"texture":"#0","tintindex":0}}},{"name":"wheel0","from":[-3.4000006,5.0,5.0],"to":[-2.2000003,11.0,11.0],"rotation":{"angle":0.0,"axis":"x","origin":[8.0,2.3301797,-13.000001]},"faces":{"down":{"uv":[5.888889,11.055555,5.555556,11.833333],"rotation":0,"texture":"#0","tintindex":0},"east":{"uv":[4.4444447,11.833333,5.2222223,12.611112],"rotation":0,"texture":"#0","tintindex":0},"north":{"uv":[5.2222223,11.833333,5.555556,12.611112],"rotation":0,"texture":"#0","tintindex":0},"south":{"uv":[6.3333335,11.833333,6.6666665,12.611112],"rotation":0,"texture":"#0","tintindex":0},"up":{"uv":[5.555556,11.833333,5.2222223,11.055555],"rotation":0,"texture":"#0","tintindex":0},"west":{"uv":[5.555556,11.833333,6.3333335,12.611112],"rotation":0,"texture":"#0","tintindex":0}}},{"name":"wheel0","from":[-3.2200007,5.0,5.0],"to":[-2.020001,11.0,11.0],"rotation":{"angle":45.0,"axis":"x","origin":[-2.6200008,8.0,8.0]},"faces":{"down":{"uv":[5.888889,11.055555,5.555556,11.833333],"rotation":0,"texture":"#0","tintindex":0},"east":{"uv":[4.4444447,11.833333,5.2222223,12.611112],"rotation":0,"texture":"#0","tintindex":0},"north":{"uv":[5.2222223,11.833333,5.555556,12.611112],"rotation":0,"texture":"#0","tintindex":0},"south":{"uv":[6.3333335,11.833333,6.6666665,12.611112],"rotation":0,"texture":"#0","tintindex":0},"up":{"uv":[5.555556,11.833333,5.2222223,11.055555],"rotation":0,"texture":"#0","tintindex":0},"west":{"uv":[5.555556,11.833333,6.3333335,12.611112],"rotation":0,"texture":"#0","tintindex":0}}},{"name":"wheel0","from":[17.900002,4.73018,5.8999996],"to":[20.3,5.3301797,10.1],"rotation":{"angle":0.0,"axis":"x","origin":[8.0,2.3301797,-13.000001]},"faces":{"down":{"uv":[14.555555,4.6666665,14.777778,5.055556],"rotation":0,"texture":"#0","tintindex":0},"east":{"uv":[14.944445,5.055556,14.555555,5.111111],"rotation":0,"texture":"#0","tintindex":0},"north":{"uv":[14.555555,5.055556,14.333333,5.111111],"rotation":0,"texture":"#0","tintindex":0},"south":{"uv":[15.166667,5.055556,14.944445,5.111111],"rotation":0,"texture":"#0","tintindex":0},"up":{"uv":[14.333333,5.055556,14.555555,4.6666665],"rotation":0,"texture":"#0","tintindex":0},"west":{"uv":[14.333333,5.055556,13.944445,5.111111],"rotation":0,"texture":"#0","tintindex":0}}},{"name":"wheel0","from":[16.7,2.9301796,5.8999996],"to":[20.900002,4.73018,10.1],"rotation":{"angle":0.0,"axis":"x","origin":[8.0,2.3301797,-13.000001]},"faces":{"down":{"uv":[14.055555,10.166667,14.444445,10.555555],"rotation":0,"texture":"#0","tintindex":0},"east":{"uv":[14.444445,10.555555,14.055555,10.722222],"rotation":0,"texture":"#0","tintindex":0},"north":{"uv":[14.055555,10.555555,13.666667,10.722222],"rotation":0,"texture":"#0","tintindex":0},"south":{"uv":[14.833333,10.555555,14.444445,10.722222],"rotation":0,"texture":"#0","tintindex":0},"up":{"uv":[13.666667,10.555555,14.055555,10.166667],"rotation":0,"texture":"#0","tintindex":0},"west":{"uv":[13.666667,10.555555,13.277778,10.722222],"rotation":0,"texture":"#0","tintindex":0}}},{"name":"wheel0","from":[16.7,11.269875,5.8999996],"to":[20.900002,13.069875,10.1],"rotation":{"angle":0.0,"axis":"x","origin":[8.0,2.3301797,-13.000001]},"faces":{"down":{"uv":[13.888889,12.888889,14.277778,13.277778],"rotation":0,"texture":"#0","tintindex":0},"east":{"uv":[14.277778,13.277778,13.888889,13.444445],"rotation":0,"texture":"#0","tintindex":0},"north":{"uv":[13.888889,13.277778,13.5,13.444445],"rotation":0,"texture":"#0","tintindex":0},"south":{"uv":[14.666667,13.277778,14.277778,13.444445],"rotation":0,"texture":"#0","tintindex":0},"up":{"uv":[13.5,13.277778,13.888889,12.888889],"rotation":0,"texture":"#0","tintindex":0},"west":{"uv":[13.5,13.277778,13.111112,13.444445],"rotation":0,"texture":"#0","tintindex":0}}},{"name":"wheel0","from":[17.900002,10.669874,5.8999996],"to":[20.3,11.269875,10.1],"rotation":{"angle":0.0,"axis":"x","origin":[8.0,2.3301797,-13.000001]},"faces":{"down":{"uv":[4.111111,13.777778,4.3333335,14.166667],"rotation":0,"texture":"#0","tintindex":0},"east":{"uv":[4.5,14.166667,4.111111,14.222222],"rotation":0,"texture":"#0","tintindex":0},"north":{"uv":[4.111111,14.166667,3.8888888,14.222222],"rotation":0,"texture":"#0","tintindex":0},"south":{"uv":[4.7222223,14.166667,4.5,14.222222],"rotation":0,"texture":"#0","tintindex":0},"up":{"uv":[3.8888888,14.166667,4.111111,13.777778],"rotation":0,"texture":"#0","tintindex":0},"west":{"uv":[3.8888888,14.166667,3.5,14.222222],"rotation":0,"texture":"#0","tintindex":0}}},{"name":"wheel0","from":[18.2,5.0,5.0],"to":[19.400002,11.0,11.0],"rotation":{"angle":0.0,"axis":"x","origin":[8.0,2.3301797,-13.000001]},"faces":{"down":{"uv":[5.555556,11.055555,5.888889,11.833333],"rotation":0,"texture":"#0","tintindex":0},"east":{"uv":[6.3333335,11.833333,5.555556,12.611112],"rotation":0,"texture":"#0","tintindex":0},"north":{"uv":[5.555556,11.833333,5.2222223,12.611112],"rotation":0,"texture":"#0","tintindex":0},"south":{"uv":[6.6666665,11.833333,6.3333335,12.611112],"rotation":0,