{"textures":{"0":"modelengine:entity/suv"},"elements":[{"name":"wi0","from":[6.6026297,9.755,3.7549999],"to":[9.09263,10.445,8.045],"rotation":{"angle":0.0,"axis":"x","origin":[18.94763,7.4,-10.900001]},"faces":{"down":{"uv":[7.3333335,13.833333,7.111111,14.222222],"rotation":0,"texture":"#0","tintindex":0},"east":{"uv":[6.5,14.222222,6.888889,14.277778],"rotation":0,"texture":"#0","tintindex":0},"north":{"uv":[6.888889,14.222222,7.111111,14.277778],"rotation":0,"texture":"#0","tintindex":0},"south":{"uv":[7.5,14.222222,7.7222223,14.277778],"rotation":0,"texture":"#0","tintindex":0},"up":{"uv":[7.111111,14.222222,6.888889,13.833333],"rotation":0,"texture":"#0","tintindex":0},"west":{"uv":[7.111111,14.222222,7.5,14.277778],"rotation":0,"texture":"#0","tintindex":0}}},{"name":"wi0","from":[6.6026297,15.694701,3.7549999],"to":[9.09263,16.3847,8.045],"rotation":{"angle":0.0,"axis":"x","origin":[18.94763,7.4,-10.900001]},"faces":{"down":{"uv":[0.8333333,13.777778,0.6111111,14.166667],"rotation":0,"texture":"#0","tintindex":0},"east":{"uv":[0.0,14.166667,0.3888889,14.222222],"rotation":0,"texture":"#0","tintindex":0},"north":{"uv":[0.3888889,14.166667,0.6111111,14.222222],"rotation":0,"texture":"#0","tintindex":0},"south":{"uv":[1.0,14.166667,1.2222222,14.222222],"rotation":0,"texture":"#0","tintindex":0},"up":{"uv":[0.6111111,14.166667,0.3888889,13.777778],"rotation":0,"texture":"#0","tintindex":0},"west":{"uv":[0.6111111,14.166667,1.0,14.222222],"rotation":0,"texture":"#0","tintindex":0}}},{"name":"wi0","from":[6.07763,8.030001,3.83],"to":[10.21763,9.77,7.97],"rotation":{"angle":0.0,"axis":"x","origin":[18.94763,7.4,-10.900001]},"faces":{"down":{"uv":[7.7777777,13.277778,7.388889,13.666667],"rotation":0,"texture":"#0","tintindex":0},"east":{"uv":[6.611111,13.666667,7.0,13.833333],"rotation":0,"texture":"#0","tintindex":0},"north":{"uv":[7.0,13.666667,7.388889,13.833333],"rotation":0,"texture":"#0","tintindex":0},"south":{"uv":[7.7777777,13.666667,8.166667,13.833333],"rotation":0,"texture":"#0","tintindex":0},"up":{"uv":[7.388889,13.666667,7.0,13.277778],"rotation":0,"texture":"#0","tintindex":0},"west":{"uv":[7.388889,13.666667,7.7777777,13.833333],"rotation":0,"texture":"#0","tintindex":0}}},{"name":"wi0","from":[6.07763,16.369701,3.83],"to":[10.21763,18.109701,7.97],"rotation":{"angle":0.0,"axis":"x","origin":[18.94763,7.4,-10.900001]},"faces":{"down":{"uv":[14.277778,0.0,13.888889,0.3888889],"rotation":0,"texture":"#0","tintindex":0},"east":{"uv":[13.111112,0.3888889,13.5,0.5555556],"rotation":0,"texture":"#0","tintindex":0},"north":{"uv":[13.5,0.3888889,13.888889,0.5555556],"rotation":0,"texture":"#0","tintindex":0},"south":{"uv":[14.277778,0.3888889,14.666667,0.5555556],"rotation":0,"texture":"#0","tintindex":0},"up":{"uv":[13.888889,0.3888889,13.5,0.0],"rotation":0,"texture":"#0","tintindex":0},"west":{"uv":[13.888889,0.3888889,14.277778,0.5555556],"rotation":0,"texture":"#0","tintindex":0}}},{"name":"wi0","from":[28.802628,9.755,3.7549999],"to":[31.29263,10.445,8.045],"rotation":{"angle":0.0,"axis":"x","origin":[18.94763,7.4,-10.900001]},"faces":{"down":{"uv":[7.111111,13.833333,7.3333335,14.222222],"rotation":0,"texture":"#0","tintindex":0},"east":{"uv":[7.5,14.222222,7.111111,14.277778],"rotation":0,"texture":"#0","tintindex":0},"north":{"uv":[7.111111,14.222222,6.888889,14.277778],"rotation":0,"texture":"#0","tintindex":0},"south":{"uv":[7.7222223,14.222222,7.5,14.277778],"rotation":0,"texture":"#0","tintindex":0},"up":{"uv":[6.888889,14.222222,7.111111,13.833333],"rotation":0,"texture":"#0","tintindex":0},"west":{"uv":[6.888889,14.222222,6.5,14.277778],"rotation":0,"texture":"#0","tintindex":0}}},{"name":"wi0","from":[28.802628,15.694701,3.7549999],"to":[31.29263,16.3847,8.045],"rotation":{"angle":0.0,"axis":"x","origin":[18.94763,7.4,-10.900001]},"faces":{"down":{"uv":[0.6111111,13.777778,0.8333333,14.166667],"rotation":0,"texture":"#0","tintindex":0},"east":{"uv":[1.0,14.166667,0.6111111,14.222222],"rotation":0,"texture":"#0","tintindex":0},"north":{"uv":[0.6111111,14.166667,0.3888889,14.222222],"rotation":0,"texture":"#0","tintindex":0},"south":{"uv":[1.2222222,14.166667,1.0,14.222222],"rotation":0,"texture":"#0","tintindex":0},"up":{"uv":[0.3888889,14.166667,0.6111111,13.777778],"rotation":0,"texture":"#0","tintindex":0},"west":{"uv":[0.3888889,14.166667,0.0,14.222222],"rotation":0,"texture":"#0","tintindex":0}}},{"name":"wi0","from":[27.677628,8.030001,3.83],"to":[31.81763,9.77,7.97],"rotation":{"angle":0.0,"axis":"x","origin":[18.94763,7.4,-10.900001]},"faces":{"down":{"uv":[7.388889,13.277778,7.7777777,13.666667],"rotation":0,"texture":"#0","tintindex":0},"east":{"uv":[7.7777777,13.666667,7.388889,13.833333],"rotation":0,"texture":"#0","tintindex":0},"north":{"uv":[7.388889,13.666667,7.0,13.833333],"rotation":0,"texture":"#0","tintindex":0},"south":{"uv":[8.166667,13.666667,7.7777777,13.833333],"rotation":0,"texture":"#0","tintindex":0},"up":{"uv":[7.0,13.666667,7.388889,13.277778],"rotation":0,"texture":"#0","tintindex":0},"west":{"uv":[7.0,13.666667,6.611111,13.833333],"rotation":0,"texture":"#0","tintindex":0}}},{"name":"wi0","from":[27.677628,16.369701,3.83],"to":[31.81763,18.109701,7.97],"rotation":{"angle":0.0,"axis":"x","origin":[18.94763,7.4,-10.900001]},"faces":{"down":{"uv":[13.888889,0.0,14.277778,0.3888889],"rotation":0,"texture":"#0","tintindex":0},"east":{"uv":[14.277778,0.3888889,13.888889,0.5555556],"rotation":0,"texture":"#0","tintindex":0},"north":{"uv":[13.888889,0.3888889,13.5,0.5555556],"rotation":0,"texture":"#0","tintindex":0},"south":{"uv":[14.666667,0.3888889,14.277778,0.5555556],"rotation":0,"texture":"#0","tintindex":0},"up":{"uv":[13.5,0.3888889,13.888889,0.0],"rotation":0,"texture":"#0","tintindex":0},"west":{"uv":[13.5,0.3888889,13.111112,0.5555556],"rotation":0,"texture":"#0","tintindex":0}}}],"display":{"head":{"translation":[0.0,-6.4,0.0],"rotation":[0.0,0.0,0.0],"scale":[3.8095,3.8095,3.8095]}}}