{"textures":{"0":"modelengine:entity/suv"},"elements":[{"name":"wi1","from":[6.6476297,9.8,3.7999997],"to":[9.04763,10.4,8.0],"rotation":{"angle":0.0,"axis":"x","origin":[18.94763,7.4,-6.700001]},"faces":{"down":{"uv":[1.6666666,13.833333,1.4444444,14.222222],"rotation":0,"texture":"#0","tintindex":0},"east":{"uv":[0.8333333,14.222222,1.2222222,14.277778],"rotation":0,"texture":"#0","tintindex":0},"north":{"uv":[1.2222222,14.222222,1.4444444,14.277778],"rotation":0,"texture":"#0","tintindex":0},"south":{"uv":[1.8333334,14.222222,2.0555556,14.277778],"rotation":0,"texture":"#0","tintindex":0},"up":{"uv":[1.4444444,14.222222,1.2222222,13.833333],"rotation":0,"texture":"#0","tintindex":0},"west":{"uv":[1.4444444,14.222222,1.8333334,14.277778],"rotation":0,"texture":"#0","tintindex":0}}},{"name":"wi1","from":[6.6476297,15.7397,3.7999997],"to":[9.04763,16.3397,8.0],"rotation":{"angle":0.0,"axis":"x","origin":[18.94763,7.4,-6.700001]},"faces":{"down":{"uv":[13.111112,13.722222,12.888889,14.111112],"rotation":0,"texture":"#0","tintindex":0},"east":{"uv":[12.277778,14.111112,12.666667,14.166667],"rotation":0,"texture":"#0","tintindex":0},"north":{"uv":[12.666667,14.111112,12.888889,14.166667],"rotation":0,"texture":"#0","tintindex":0},"south":{"uv":[13.277778,14.111112,13.5,14.166667],"rotation":0,"texture":"#0","tintindex":0},"up":{"uv":[12.888889,14.111112,12.666667,13.722222],"rotation":0,"texture":"#0","tintindex":0},"west":{"uv":[12.888889,14.111112,13.277778,14.166667],"rotation":0,"texture":"#0","tintindex":0}}},{"name":"wi1","from":[6.04763,8.0,3.7999997],"to":[10.24763,9.8,8.0],"rotation":{"angle":0.0,"axis":"x","origin":[18.94763,7.4,-6.700001]},"faces":{"down":{"uv":[14.444445,1.6666666,14.055555,2.0555556],"rotation":0,"texture":"#0","tintindex":0},"east":{"uv":[13.277778,2.0555556,13.666667,2.2222223],"rotation":0,"texture":"#0","tintindex":0},"north":{"uv":[13.666667,2.0555556,14.055555,2.2222223],"rotation":0,"texture":"#0","tintindex":0},"south":{"uv":[14.444445,2.0555556,14.833333,2.2222223],"rotation":0,"texture":"#0","tintindex":0},"up":{"uv":[14.055555,2.0555556,13.666667,1.6666666],"rotation":0,"texture":"#0","tintindex":0},"west":{"uv":[14.055555,2.0555556,14.444445,2.2222223],"rotation":0,"texture":"#0","tintindex":0}}},{"name":"wi1","from":[6.04763,16.3397,3.7999997],"to":[10.24763,18.1397,8.0],"rotation":{"angle":0.0,"axis":"x","origin":[18.94763,7.4,-6.700001]},"faces":{"down":{"uv":[14.277778,7.8333335,13.888889,8.222222],"rotation":0,"texture":"#0","tintindex":0},"east":{"uv":[13.111112,8.222222,13.5,8.388889],"rotation":0,"texture":"#0","tintindex":0},"north":{"uv":[13.5,8.222222,13.888889,8.388889],"rotation":0,"texture":"#0","tintindex":0},"south":{"uv":[14.277778,8.222222,14.666667,8.388889],"rotation":0,"texture":"#0","tintindex":0},"up":{"uv":[13.888889,8.222222,13.5,7.8333335],"rotation":0,"texture":"#0","tintindex":0},"west":{"uv":[13.888889,8.222222,14.277778,8.388889],"rotation":0,"texture":"#0","tintindex":0}}},{"name":"wi1","from":[28.84763,9.8,3.7999997],"to":[31.247631,10.4,8.0],"rotation":{"angle":0.0,"axis":"x","origin":[18.94763,7.4,-6.700001]},"faces":{"down":{"uv":[1.4444444,13.833333,1.6666666,14.222222],"rotation":0,"texture":"#0","tintindex":0},"east":{"uv":[1.8333334,14.222222,1.4444444,14.277778],"rotation":0,"texture":"#0","tintindex":0},"north":{"uv":[1.4444444,14.222222,1.2222222,14.277778],"rotation":0,"texture":"#0","tintindex":0},"south":{"uv":[2.0555556,14.222222,1.8333334,14.277778],"rotation":0,"texture":"#0","tintindex":0},"up":{"uv":[1.2222222,14.222222,1.4444444,13.833333],"rotation":0,"texture":"#0","tintindex":0},"west":{"uv":[1.2222222,14.222222,0.8333333,14.277778],"rotation":0,"texture":"#0","tintindex":0}}},{"name":"wi1","from":[28.84763,15.7397,3.7999997],"to":[31.247631,16.3397,8.0],"rotation":{"angle":0.0,"axis":"x","origin":[18.94763,7.4,-6.700001]},"faces":{"down":{"uv":[12.888889,13.722222,13.111112,14.111112],"rotation":0,"texture":"#0","tintindex":0},"east":{"uv":[13.277778,14.111112,12.888889,14.166667],"rotation":0,"texture":"#0","tintindex":0},"north":{"uv":[12.888889,14.111112,12.666667,14.166667],"rotation":0,"texture":"#0","tintindex":0},"south":{"uv":[13.5,14.111112,13.277778,14.166667],"rotation":0,"texture":"#0","tintindex":0},"up":{"uv":[12.666667,14.111112,12.888889,13.722222],"rotation":0,"texture":"#0","tintindex":0},"west":{"uv":[12.666667,14.111112,12.277778,14.166667],"rotation":0,"texture":"#0","tintindex":0}}},{"name":"wi1","from":[27.647629,8.0,3.7999997],"to":[31.84763,9.8,8.0],"rotation":{"angle":0.0,"axis":"x","origin":[18.94763,7.4,-6.700001]},"faces":{"down":{"uv":[14.055555,1.6666666,14.444445,2.0555556],"rotation":0,"texture":"#0","tintindex":0},"east":{"uv":[14.444445,2.0555556,14.055555,2.2222223],"rotation":0,"texture":"#0","tintindex":0},"north":{"uv":[14.055555,2.0555556,13.666667,2.2222223],"rotation":0,"texture":"#0","tintindex":0},"south":{"uv":[14.833333,2.0555556,14.444445,2.2222223],"rotation":0,"texture":"#0","tintindex":0},"up":{"uv":[13.666667,2.0555556,14.055555,1.6666666],"rotation":0,"texture":"#0","tintindex":0},"west":{"uv":[13.666667,2.0555556,13.277778,2.2222223],"rotation":0,"texture":"#0","tintindex":0}}},{"name":"wi1","from":[27.647629,16.3397,3.7999997],"to":[31.84763,18.1397,8.0],"rotation":{"angle":0.0,"axis":"x","origin":[18.94763,7.4,-6.700001]},"faces":{"down":{"uv":[13.888889,7.8333335,14.277778,8.222222],"rotation":0,"texture":"#0","tintindex":0},"east":{"uv":[14.277778,8.222222,13.888889,8.388889],"rotation":0,"texture":"#0","tintindex":0},"north":{"uv":[13.888889,8.222222,13.5,8.388889],"rotation":0,"texture":"#0","tintindex":0},"south":{"uv":[14.666667,8.222222,14.277778,8.388889],"rotation":0,"texture":"#0","tintindex":0},"up":{"uv":[13.5,8.222222,13.888889,7.8333335],"rotation":0,"texture":"#0","tintindex":0},"west":{"uv":[13.5,8.222222,13.111112,8.388889],"rotation":0,"texture":"#0","tintindex":0}}}],"display":{"head":{"translation":[0.0,-6.4,0.0],"rotation":[0.0,0.0,0.0],"scale":[3.8095,3.8095,3.8095]}}}