{"textures":{"0":"modelengine:entity/suv"},"elements":[{"name":"wi5","from":[6.6026297,9.755,3.7549999],"to":[9.09263,10.445,8.045],"rotation":{"angle":0.0,"axis":"x","origin":[18.94763,7.4,32.9]},"faces":{"down":{"uv":[14.611112,6.7777777,14.388889,7.1666665],"rotation":0,"texture":"#0","tintindex":0},"east":{"uv":[13.777778,7.1666665,14.166667,7.2222223],"rotation":0,"texture":"#0","tintindex":0},"north":{"uv":[14.166667,7.1666665,14.388889,7.2222223],"rotation":0,"texture":"#0","tintindex":0},"south":{"uv":[14.777778,7.1666665,15.0,7.2222223],"rotation":0,"texture":"#0","tintindex":0},"up":{"uv":[14.388889,7.1666665,14.166667,6.7777777],"rotation":0,"texture":"#0","tintindex":0},"west":{"uv":[14.388889,7.1666665,14.777778,7.2222223],"rotation":0,"texture":"#0","tintindex":0}}},{"name":"wi5","from":[6.6026297,15.694701,3.7549999],"to":[9.09263,16.3847,8.045],"rotation":{"angle":0.0,"axis":"x","origin":[18.94763,7.4,32.9]},"faces":{"down":{"uv":[11.888889,13.722222,11.666667,14.111112],"rotation":0,"texture":"#0","tintindex":0},"east":{"uv":[11.055555,14.111112,11.444445,14.166667],"rotation":0,"texture":"#0","tintindex":0},"north":{"uv":[11.444445,14.111112,11.666667,14.166667],"rotation":0,"texture":"#0","tintindex":0},"south":{"uv":[12.055555,14.111112,12.277778,14.166667],"rotation":0,"texture":"#0","tintindex":0},"up":{"uv":[11.666667,14.111112,11.444445,13.722222],"rotation":0,"texture":"#0","tintindex":0},"west":{"uv":[11.666667,14.111112,12.055555,14.166667],"rotation":0,"texture":"#0","tintindex":0}}},{"name":"wi5","from":[6.07763,8.030001,3.83],"to":[10.21763,9.77,7.97],"rotation":{"angle":0.0,"axis":"x","origin":[18.94763,7.4,32.9]},"faces":{"down":{"uv":[14.444445,1.1111112,14.055555,1.5],"rotation":0,"texture":"#0","tintindex":0},"east":{"uv":[13.277778,1.5,13.666667,1.6666666],"rotation":0,"texture":"#0","tintindex":0},"north":{"uv":[13.666667,1.5,14.055555,1.6666666],"rotation":0,"texture":"#0","tintindex":0},"south":{"uv":[14.444445,1.5,14.833333,1.6666666],"rotation":0,"texture":"#0","tintindex":0},"up":{"uv":[14.055555,1.5,13.666667,1.1111112],"rotation":0,"texture":"#0","tintindex":0},"west":{"uv":[14.055555,1.5,14.444445,1.6666666],"rotation":0,"texture":"#0","tintindex":0}}},{"name":"wi5","from":[6.07763,16.369701,3.83],"to":[10.21763,18.109701,7.97],"rotation":{"angle":0.0,"axis":"x","origin":[18.94763,7.4,32.9]},"faces":{"down":{"uv":[9.555555,13.111112,9.166667,13.5],"rotation":0,"texture":"#0","tintindex":0},"east":{"uv":[8.388889,13.5,8.777778,13.666667],"rotation":0,"texture":"#0","tintindex":0},"north":{"uv":[8.777778,13.5,9.166667,13.666667],"rotation":0,"texture":"#0","tintindex":0},"south":{"uv":[9.555555,13.5,9.944445,13.666667],"rotation":0,"texture":"#0","tintindex":0},"up":{"uv":[9.166667,13.5,8.777778,13.111112],"rotation":0,"texture":"#0","tintindex":0},"west":{"uv":[9.166667,13.5,9.555555,13.666667],"rotation":0,"texture":"#0","tintindex":0}}},{"name":"wi5","from":[28.802628,9.755,3.7549999],"to":[31.29263,10.445,8.045],"rotation":{"angle":0.0,"axis":"x","origin":[18.94763,7.4,32.9]},"faces":{"down":{"uv":[14.388889,6.7777777,14.611112,7.1666665],"rotation":0,"texture":"#0","tintindex":0},"east":{"uv":[14.777778,7.1666665,14.388889,7.2222223],"rotation":0,"texture":"#0","tintindex":0},"north":{"uv":[14.388889,7.1666665,14.166667,7.2222223],"rotation":0,"texture":"#0","tintindex":0},"south":{"uv":[15.0,7.1666665,14.777778,7.2222223],"rotation":0,"texture":"#0","tintindex":0},"up":{"uv":[14.166667,7.1666665,14.388889,6.7777777],"rotation":0,"texture":"#0","tintindex":0},"west":{"uv":[14.166667,7.1666665,13.777778,7.2222223],"rotation":0,"texture":"#0","tintindex":0}}},{"name":"wi5","from":[28.802628,15.694701,3.7549999],"to":[31.29263,16.3847,8.045],"rotation":{"angle":0.0,"axis":"x","origin":[18.94763,7.4,32.9]},"faces":{"down":{"uv":[11.666667,13.722222,11.888889,14.111112],"rotation":0,"texture":"#0","tintindex":0},"east":{"uv":[12.055555,14.111112,11.666667,14.166667],"rotation":0,"texture":"#0","tintindex":0},"north":{"uv":[11.666667,14.111112,11.444445,14.166667],"rotation":0,"texture":"#0","tintindex":0},"south":{"uv":[12.277778,14.111112,12.055555,14.166667],"rotation":0,"texture":"#0","tintindex":0},"up":{"uv":[11.444445,14.111112,11.666667,13.722222],"rotation":0,"texture":"#0","tintindex":0},"west":{"uv":[11.444445,14.111112,11.055555,14.166667],"rotation":0,"texture":"#0","tintindex":0}}},{"name":"wi5","from":[27.677628,8.030001,3.83],"to":[31.81763,9.77,7.97],"rotation":{"angle":0.0,"axis":"x","origin":[18.94763,7.4,32.9]},"faces":{"down":{"uv":[14.055555,1.1111112,14.444445,1.5],"rotation":0,"texture":"#0","tintindex":0},"east":{"uv":[14.444445,1.5,14.055555,1.6666666],"rotation":0,"texture":"#0","tintindex":0},"north":{"uv":[14.055555,1.5,13.666667,1.6666666],"rotation":0,"texture":"#0","tintindex":0},"south":{"uv":[14.833333,1.5,14.444445,1.6666666],"rotation":0,"texture":"#0","tintindex":0},"up":{"uv":[13.666667,1.5,14.055555,1.1111112],"rotation":0,"texture":"#0","tintindex":0},"west":{"uv":[13.666667,1.5,13.277778,1.6666666],"rotation":0,"texture":"#0","tintindex":0}}},{"name":"wi5","from":[27.677628,16.369701,3.83],"to":[31.81763,18.109701,7.97],"rotation":{"angle":0.0,"axis":"x","origin":[18.94763,7.4,32.9]},"faces":{"down":{"uv":[9.166667,13.111112,9.555555,13.5],"rotation":0,"texture":"#0","tintindex":0},"east":{"uv":[9.555555,13.5,9.166667,13.666667],"rotation":0,"texture":"#0","tintindex":0},"north":{"uv":[9.166667,13.5,8.777778,13.666667],"rotation":0,"texture":"#0","tintindex":0},"south":{"uv":[9.944445,13.5,9.555555,13.666667],"rotation":0,"texture":"#0","tintindex":0},"up":{"uv":[8.777778,13.5,9.166667,13.111112],"rotation":0,"texture":"#0","tintindex":0},"west":{"uv":[8.777778,13.5,8.388889,13.666667],"rotation":0,"texture":"#0","tintindex":0}}}],"display":{"head":{"translation":[0.0,-6.4,0.0],"rotation":[0.0,0.0,0.0],"scale":[3.8095,3.8095,3.8095]}}}