{"textures":{"0":"modelengine:entity/tank"},"elements":[{"name":"b0","from":[30.245003,8.045,8.045],"to":[31.955002,16.955,9.755],"rotation":{"angle":0.0,"axis":"x","origin":[20.0,-8.200001,26.0]},"faces":{"down":{"uv":[10.136364,12.863637,10.0,13.0],"rotation":0,"texture":"#0","tintindex":0},"east":{"uv":[9.727273,13.0,9.863637,13.681819],"rotation":0,"texture":"#0","tintindex":0},"north":{"uv":[9.863637,13.0,10.0,13.681819],"rotation":0,"texture":"#0","tintindex":0},"south":{"uv":[10.136364,13.0,10.272728,13.681819],"rotation":0,"texture":"#0","tintindex":0},"up":{"uv":[10.0,13.0,9.863637,12.863637],"rotation":0,"texture":"#0","tintindex":0},"west":{"uv":[10.0,13.0,10.136364,13.681819],"rotation":0,"texture":"#0","tintindex":0}}},{"name":"b0","from":[15.8,8.0,8.0],"to":[24.2,17.0,9.8],"rotation":{"angle":0.0,"axis":"x","origin":[8.0,8.0,8.0]},"faces":{"down":{"uv":[8.636364,10.318182,8.0,10.454546],"rotation":0,"texture":"#0","tintindex":0},"east":{"uv":[7.227273,10.454546,7.3636365,11.136364],"rotation":0,"texture":"#0","tintindex":0},"north":{"uv":[7.3636365,10.454546,8.0,11.136364],"rotation":0,"texture":"#0","tintindex":0},"south":{"uv":[8.136364,10.454546,8.772728,11.136364],"rotation":0,"texture":"#0","tintindex":0},"up":{"uv":[8.0,10.454546,7.3636365,10.318182],"rotation":0,"texture":"#0","tintindex":0},"west":{"uv":[8.0,10.454546,8.136364,11.136364],"rotation":0,"texture":"#0","tintindex":0}}},{"name":"b0","from":[8.045,8.045,8.045],"to":[9.755,16.955,9.755],"rotation":{"angle":0.0,"axis":"x","origin":[20.0,-8.200001,26.0]},"faces":{"down":{"uv":[10.227273,4.090909,10.090909,4.227273],"rotation":0,"texture":"#0","tintindex":0},"east":{"uv":[9.818182,4.227273,9.954546,4.909091],"rotation":0,"texture":"#0","tintindex":0},"north":{"uv":[9.954546,4.227273,10.090909,4.909091],"rotation":0,"texture":"#0","tintindex":0},"south":{"uv":[10.227273,4.227273,10.363637,4.909091],"rotation":0,"texture":"#0","tintindex":0},"up":{"uv":[10.090909,4.227273,9.954546,4.090909],"rotation":0,"texture":"#0","tintindex":0},"west":{"uv":[10.090909,4.227273,10.227273,4.909091],"rotation":0,"texture":"#0","tintindex":0}}},{"name":"b0","from":[9.74,8.0,8.0],"to":[15.74,17.0,8.0],"rotation":{"angle":0.0,"axis":"x","origin":[9.74,8.0,8.0]},"faces":{"down":{"uv":[0.90909094,1.5,0.45454547,1.5],"rotation":0,"texture":"#0","tintindex":0},"east":{"uv":[0.0,1.5,0.0,2.1818182],"rotation":0,"texture":"#0","tintindex":0},"north":{"uv":[0.0,1.5,0.45454547,2.1818182],"rotation":0,"texture":"#0","tintindex":0},"south":{"uv":[0.45454547,1.5,0.90909094,2.1818182],"rotation":0,"texture":"#0","tintindex":0},"up":{"uv":[0.45454547,1.5,0.0,1.5],"rotation":0,"texture":"#0","tintindex":0},"west":{"uv":[0.45454547,1.5,0.45454547,2.1818182],"rotation":0,"texture":"#0","tintindex":0}}},{"name":"b0","from":[24.259998,8.0,8.0],"to":[30.259998,17.0,8.0],"rotation":{"angle":0.0,"axis":"x","origin":[30.259998,8.0,8.0]},"faces":{"down":{"uv":[0.90909094,1.5,0.45454547,1.5],"rotation":0,"texture":"#0","tintindex":0},"east":{"uv":[0.0,1.5,0.0,2.1818182],"rotation":0,"texture":"#0","tintindex":0},"north":{"uv":[0.0,1.5,0.45454547,2.1818182],"rotation":0,"texture":"#0","tintindex":0},"south":{"uv":[0.45454547,1.5,0.90909094,2.1818182],"rotation":0,"texture":"#0","tintindex":0},"up":{"uv":[0.45454547,1.5,0.0,1.5],"rotation":0,"texture":"#0","tintindex":0},"west":{"uv":[0.45454547,1.5,0.45454547,2.1818182],"rotation":0,"texture":"#0","tintindex":0}}}],"display":{"head":{"translation":[0.0,-6.4,0.0],"rotation":[0.0,0.0,0.0],"scale":[3.8095,3.8095,3.8095]}}}