{"textures":{"0":"modelengine:entity/tank"},"elements":[{"name":"b2","from":[-4.5400004,8.06,-3.3400002],"to":[19.34,10.940001,7.94],"rotation":{"angle":0.0,"axis":"x","origin":[7.4,3.7999997,21.2]},"faces":{"down":{"uv":[14.318182,5.2727275,12.5,6.136364],"rotation":0,"texture":"#0","tintindex":0},"east":{"uv":[9.818182,6.136364,10.681819,6.3636365],"rotation":0,"texture":"#0","tintindex":0},"north":{"uv":[10.681819,6.136364,12.5,6.3636365],"rotation":0,"texture":"#0","tintindex":0},"south":{"uv":[13.363637,6.136364,15.181819,6.3636365],"rotation":0,"texture":"#0","tintindex":0},"up":{"uv":[12.5,6.136364,10.681819,5.2727275],"rotation":0,"texture":"#0","tintindex":0},"west":{"uv":[12.5,6.136364,13.363637,6.3636365],"rotation":0,"texture":"#0","tintindex":0}}},{"name":"b2","from":[-4.5400004,10.940001,0.26],"to":[19.34,13.22,6.74],"rotation":{"angle":0.0,"axis":"x","origin":[7.4,3.7999997,21.2]},"faces":{"down":{"uv":[15.272728,8.227273,13.454546,8.727273],"rotation":0,"texture":"#0","tintindex":0},"east":{"uv":[11.136364,8.727273,11.636364,8.909091],"rotation":0,"texture":"#0","tintindex":0},"north":{"uv":[11.636364,8.727273,13.454546,8.909091],"rotation":0,"texture":"#0","tintindex":0},"south":{"uv":[13.954546,8.727273,15.772728,8.909091],"rotation":0,"texture":"#0","tintindex":0},"up":{"uv":[13.454546,8.727273,11.636364,8.227273],"rotation":0,"texture":"#0","tintindex":0},"west":{"uv":[13.454546,8.727273,13.954546,8.909091],"rotation":0,"texture":"#0","tintindex":0}}}],"display":{"head":{"translation":[0.0,-6.4,0.0],"rotation":[0.0,0.0,0.0],"scale":[3.8095,3.8095,3.8095]}}}