{"textures":{"0":"modelengine:entity/tank"},"elements":[{"name":"b3","from":[-2.7400002,8.06,8.06],"to":[17.54,12.74,16.34],"rotation":{"angle":0.0,"axis":"x","origin":[7.4,3.7999997,-23.2]},"faces":{"down":{"uv":[13.272728,10.318182,11.727273,10.954546],"rotation":0,"texture":"#0","tintindex":0},"east":{"uv":[9.545455,10.954546,10.181818,11.318182],"rotation":0,"texture":"#0","tintindex":0},"north":{"uv":[10.181818,10.954546,11.727273,11.318182],"rotation":0,"texture":"#0","tintindex":0},"south":{"uv":[12.363637,10.954546,13.909091,11.318182],"rotation":0,"texture":"#0","tintindex":0},"up":{"uv":[11.727273,10.954546,10.181818,10.318182],"rotation":0,"texture":"#0","tintindex":0},"west":{"uv":[11.727273,10.954546,12.363637,11.318182],"rotation":0,"texture":"#0","tintindex":0}}}],"display":{"head":{"translation":[0.0,-6.4,0.0],"rotation":[0.0,0.0,0.0],"scale":[3.8095,3.8095,3.8095]}}}