{"textures":{"0":"modelengine:entity/tank"},"elements":[{"name":"b4","from":[-3.880003,4.46,-10.42],"to":[4.3999968,7.94,-2.7400002],"rotation":{"angle":0.0,"axis":"x","origin":[14.059998,-9.400001,-10.6]},"faces":{"down":{"uv":[4.9545455,9.909091,4.318182,10.5],"rotation":0,"texture":"#0","tintindex":0},"east":{"uv":[3.0909092,10.5,3.6818182,10.772728],"rotation":0,"texture":"#0","tintindex":0},"north":{"uv":[3.6818182,10.5,4.318182,10.772728],"rotation":0,"texture":"#0","tintindex":0},"south":{"uv":[4.909091,10.5,5.5454545,10.772728],"rotation":0,"texture":"#0","tintindex":0},"up":{"uv":[4.318182,10.5,3.6818182,9.909091],"rotation":0,"texture":"#0","tintindex":0},"west":{"uv":[4.318182,10.5,4.909091,10.772728],"rotation":0,"texture":"#0","tintindex":0}}},{"name":"b4","from":[23.719997,4.46,-10.42],"to":[32.0,7.94,-2.7400002],"rotation":{"angle":0.0,"axis":"x","origin":[14.059998,-9.400001,-10.6]},"faces":{"down":{"uv":[5.5,7.8636365,4.8636365,8.454546],"rotation":0,"texture":"#0","tintindex":0},"east":{"uv":[3.6363637,8.454546,4.227273,8.727273],"rotation":0,"texture":"#0","tintindex":0},"north":{"uv":[4.227273,8.454546,4.8636365,8.727273],"rotation":0,"texture":"#0","tintindex":0},"south":{"uv":[5.4545455,8.454546,6.0909095,8.727273],"rotation":0,"texture":"#0","tintindex":0},"up":{"uv":[4.8636365,8.454546,4.227273,7.8636365],"rotation":0,"texture":"#0","tintindex":0},"west":{"uv":[4.8636365,8.454546,5.4545455,8.727273],"rotation":0,"texture":"#0","tintindex":0}}},{"name":"b4","from":[-3.880003,4.46,-2.7400002],"to":[32.0,7.94,7.94],"rotation":{"angle":0.0,"axis":"x","origin":[14.059998,-9.400001,-10.6]},"faces":{"down":{"uv":[12.727273,1.6818182,10.0,2.5],"rotation":0,"texture":"#0","tintindex":0},"east":{"uv":[6.4545455,2.5,7.2727275,2.7727273],"rotation":0,"texture":"#0","tintindex":0},"north":{"uv":[7.2727275,2.5,10.0,2.7727273],"rotation":0,"texture":"#0","tintindex":0},"south":{"uv":[10.818182,2.5,13.545455,2.7727273],"rotation":0,"texture":"#0","tintindex":0},"up":{"uv":[10.0,2.5,7.2727275,1.6818182],"rotation":0,"texture":"#0","tintindex":0},"west":{"uv":[10.0,2.5,10.818182,2.7727273],"rotation":0,"texture":"#0","tintindex":0}}}],"display":{"head":{"translation":[37.85601,-6.4,0.0],"rotation":[0.0,0.0,0.0],"scale":[3.8095,3.8095,3.8095]}}}