{"textures":{"0":"modelengine:entity/tank"},"elements":[{"name":"bb0","from":[27.71,7.955,7.955],"to":[32.0,10.445,30.245003],"rotation":{"angle":0.0,"axis":"x","origin":[17.555,-5.8,6.8]},"faces":{"down":{"uv":[7.227273,9.909091,6.909091,11.590909],"rotation":0,"texture":"#0","tintindex":0},"east":{"uv":[4.909091,11.590909,6.5909095,11.772728],"rotation":0,"texture":"#0","tintindex":0},"north":{"uv":[6.5909095,11.590909,6.909091,11.772728],"rotation":0,"texture":"#0","tintindex":0},"south":{"uv":[8.590909,11.590909,8.909091,11.772728],"rotation":0,"texture":"#0","tintindex":0},"up":{"uv":[6.909091,11.590909,6.5909095,9.909091],"rotation":0,"texture":"#0","tintindex":0},"west":{"uv":[6.909091,11.590909,8.590909,11.772728],"rotation":0,"texture":"#0","tintindex":0}}},{"name":"bb0","from":[3.1099987,7.955,7.955],"to":[7.3999987,10.445,30.245003],"rotation":{"angle":0.0,"axis":"x","origin":[17.555,-5.8,6.8]},"faces":{"down":{"uv":[6.909091,9.909091,7.227273,11.590909],"rotation":0,"texture":"#0","tintindex":0},"east":{"uv":[8.590909,11.590909,6.909091,11.772728],"rotation":0,"texture":"#0","tintindex":0},"north":{"uv":[6.909091,11.590909,6.5909095,11.772728],"rotation":0,"texture":"#0","tintindex":0},"south":{"uv":[8.909091,11.590909,8.590909,11.772728],"rotation":0,"texture":"#0","tintindex":0},"up":{"uv":[6.5909095,11.590909,6.909091,9.909091],"rotation":0,"texture":"#0","tintindex":0},"west":{"uv":[6.5909095,11.590909,4.909091,11.772728],"rotation":0,"texture":"#0","tintindex":0}}},{"name":"bb0","from":[7.3549986,8.0,15.2],"to":[27.755001,10.4,30.2],"rotation":{"angle":0.0,"axis":"x","origin":[17.555,-5.8,6.8]},"faces":{"down":{"uv":[14.045455,2.7727273,12.5,3.909091],"rotation":0,"texture":"#0","tintindex":0},"east":{"uv":[9.818182,3.909091,10.954546,4.090909],"rotation":0,"texture":"#0","tintindex":0},"north":{"uv":[10.954546,3.909091,12.5,4.090909],"rotation":0,"texture":"#0","tintindex":0},"south":{"uv":[13.636364,3.909091,15.181819,4.090909],"rotation":0,"texture":"#0","tintindex":0},"up":{"uv":[12.5,3.909091,10.954546,2.7727273],"rotation":0,"texture":"#0","tintindex":0},"west":{"uv":[12.5,3.909091,13.636364,4.090909],"rotation":0,"texture":"#0","tintindex":0}}}],"display":{"head":{"translation":[18.088005,-6.4,0.0],"rotation":[0.0,0.0,0.0],"scale":[3.8095,3.8095,3.8095]}}}