{"textures":{"0":"modelengine:entity/tank"},"elements":[{"name":"bb1","from":[8.0,8.0,-14.200002],"to":[8.6,14.0,-10.000001],"rotation":{"angle":0.0,"axis":"x","origin":[22.400002,-8.200001,-15.400001]},"faces":{"down":{"uv":[4.0454545,5.7727275,4.0,6.0909095],"rotation":0,"texture":"#0","tintindex":0},"east":{"uv":[3.6363637,6.0909095,3.9545455,6.545455],"rotation":0,"texture":"#0","tintindex":0},"north":{"uv":[3.9545455,6.0909095,4.0,6.545455],"rotation":0,"texture":"#0","tintindex":0},"south":{"uv":[4.318182,6.0909095,4.3636365,6.545455],"rotation":0,"texture":"#0","tintindex":0},"up":{"uv":[4.0,6.0909095,3.9545455,5.7727275],"rotation":0,"texture":"#0","tintindex":0},"west":{"uv":[4.0,6.0909095,4.318182,6.545455],"rotation":0,"texture":"#0","tintindex":0}}}],"display":{"head":{"translation":[0.0,-6.4,0.0],"rotation":[0.0,0.0,0.0],"scale":[3.8095,3.8095,3.8095]}}}