{"textures":{"0":"modelengine:entity/tank"},"elements":[{"name":"bb10","from":[7.4,8.0,3.7999997],"to":[8.0,12.8,8.0],"rotation":{"angle":0.0,"axis":"x","origin":[-6.4000006,-8.200001,-5.8]},"faces":{"down":{"uv":[0.40909094,7.6818185,0.36363637,8.0],"rotation":0,"texture":"#0","tintindex":0},"east":{"uv":[0.0,8.0,0.3181818,8.363637],"rotation":0,"texture":"#0","tintindex":0},"north":{"uv":[0.3181818,8.0,0.36363637,8.363637],"rotation":0,"texture":"#0","tintindex":0},"south":{"uv":[0.6818182,8.0,0.72727275,8.363637],"rotation":0,"texture":"#0","tintindex":0},"up":{"uv":[0.36363637,8.0,0.3181818,7.6818185],"rotation":0,"texture":"#0","tintindex":0},"west":{"uv":[0.36363637,8.0,0.6818182,8.363637],"rotation":0,"texture":"#0","tintindex":0}}}],"display":{"head":{"translation":[0.0,-6.4,0.0],"rotation":[0.0,0.0,0.0],"scale":[3.8095,3.8095,3.8095]}}}