{"textures":{"0":"modelengine:entity/tank"},"elements":[{"name":"bb11","from":[7.4,8.0,3.7999997],"to":[8.0,12.2,8.0],"rotation":{"angle":0.0,"axis":"x","origin":[-6.4000006,-8.200001,-10.000001]},"faces":{"down":{"uv":[9.545455,8.227273,9.5,8.545455],"rotation":0,"texture":"#0","tintindex":0},"east":{"uv":[9.136364,8.545455,9.454546,8.863637],"rotation":0,"texture":"#0","tintindex":0},"north":{"uv":[9.454546,8.545455,9.5,8.863637],"rotation":0,"texture":"#0","tintindex":0},"south":{"uv":[9.818182,8.545455,9.863637,8.863637],"rotation":0,"texture":"#0","tintindex":0},"up":{"uv":[9.5,8.545455,9.454546,8.227273],"rotation":0,"texture":"#0","tintindex":0},"west":{"uv":[9.5,8.545455,9.818182,8.863637],"rotation":0,"texture":"#0","tintindex":0}}}],"display":{"head":{"translation":[0.0,-6.4,0.0],"rotation":[0.0,0.0,0.0],"scale":[3.8095,3.8095,3.8095]}}}