{"textures":{"0":"modelengine:entity/tank"},"elements":[{"name":"bb12","from":[7.4,8.0,3.7999997],"to":[8.0,11.6,8.0],"rotation":{"angle":0.0,"axis":"x","origin":[-6.4000006,-8.200001,-14.200002]},"faces":{"down":{"uv":[1.7272727,4.7727275,1.6818182,5.090909],"rotation":0,"texture":"#0","tintindex":0},"east":{"uv":[1.3181819,5.090909,1.6363637,5.3636365],"rotation":0,"texture":"#0","tintindex":0},"north":{"uv":[1.6363637,5.090909,1.6818182,5.3636365],"rotation":0,"texture":"#0","tintindex":0},"south":{"uv":[2.0,5.090909,2.0454545,5.3636365],"rotation":0,"texture":"#0","tintindex":0},"up":{"uv":[1.6818182,5.090909,1.6363637,4.7727275],"rotation":0,"texture":"#0","tintindex":0},"west":{"uv":[1.6818182,5.090909,2.0,5.3636365],"rotation":0,"texture":"#0","tintindex":0}}}],"display":{"head":{"translation":[0.0,-6.4,0.0],"rotation":[0.0,0.0,0.0],"scale":[3.8095,3.8095,3.8095]}}}