{"textures":{"0":"modelengine:entity/tank"},"elements":[{"name":"bb13","from":[6.26,8.06,3.8599997],"to":[7.94,11.54,7.94],"rotation":{"angle":0.0,"axis":"x","origin":[-6.4000006,-8.200001,-15.400001]},"faces":{"down":{"uv":[1.6818182,3.4545455,1.5454546,3.7727275],"rotation":0,"texture":"#0","tintindex":0},"east":{"uv":[1.0909091,3.7727275,1.409091,4.0454545],"rotation":0,"texture":"#0","tintindex":0},"north":{"uv":[1.409091,3.7727275,1.5454546,4.0454545],"rotation":0,"texture":"#0","tintindex":0},"south":{"uv":[1.8636364,3.7727275,2.0,4.0454545],"rotation":0,"texture":"#0","tintindex":0},"up":{"uv":[1.5454546,3.7727275,1.409091,3.4545455],"rotation":0,"texture":"#0","tintindex":0},"west":{"uv":[1.5454546,3.7727275,1.8636364,4.0454545],"rotation":0,"texture":"#0","tintindex":0}}}],"display":{"head":{"translation":[0.0,-6.4,0.0],"rotation":[0.0,0.0,0.0],"scale":[3.8095,3.8095,3.8095]}}}