{"textures":{"0":"modelengine:entity/tank"},"elements":[{"name":"bb2","from":[8.0,8.0,3.7999997],"to":[8.6,13.400001,8.0],"rotation":{"angle":0.0,"axis":"x","origin":[22.400002,-8.200001,-1.6000004]},"faces":{"down":{"uv":[7.909091,3.4545455,7.8636365,3.7727275],"rotation":0,"texture":"#0","tintindex":0},"east":{"uv":[7.5,3.7727275,7.818182,4.1818185],"rotation":0,"texture":"#0","tintindex":0},"north":{"uv":[7.818182,3.7727275,7.8636365,4.1818185],"rotation":0,"texture":"#0","tintindex":0},"south":{"uv":[8.181818,3.7727275,8.227273,4.1818185],"rotation":0,"texture":"#0","tintindex":0},"up":{"uv":[7.8636365,3.7727275,7.818182,3.4545455],"rotation":0,"texture":"#0","tintindex":0},"west":{"uv":[7.8636365,3.7727275,8.181818,4.1818185],"rotation":0,"texture":"#0","tintindex":0}}}],"display":{"head":{"translation":[0.0,-6.4,0.0],"rotation":[0.0,0.0,0.0],"scale":[3.8095,3.8095,3.8095]}}}