{"textures":{"0":"modelengine:entity/tank"},"elements":[{"name":"bb3","from":[8.0,8.0,3.7999997],"to":[8.6,12.8,8.0],"rotation":{"angle":0.0,"axis":"x","origin":[22.400002,-8.200001,-5.8]},"faces":{"down":{"uv":[6.5909095,8.272728,6.545455,8.590909],"rotation":0,"texture":"#0","tintindex":0},"east":{"uv":[6.1818185,8.590909,6.5,8.954546],"rotation":0,"texture":"#0","tintindex":0},"north":{"uv":[6.5,8.590909,6.545455,8.954546],"rotation":0,"texture":"#0","tintindex":0},"south":{"uv":[6.8636365,8.590909,6.909091,8.954546],"rotation":0,"texture":"#0","tintindex":0},"up":{"uv":[6.545455,8.590909,6.5,8.272728],"rotation":0,"texture":"#0","tintindex":0},"west":{"uv":[6.545455,8.590909,6.8636365,8.954546],"rotation":0,"texture":"#0","tintindex":0}}}],"display":{"head":{"translation":[0.0,-6.4,0.0],"rotation":[0.0,0.0,0.0],"scale":[3.8095,3.8095,3.8095]}}}