{"textures":{"0":"modelengine:entity/tank"},"elements":[{"name":"bb4","from":[8.0,8.0,3.7999997],"to":[8.6,12.2,8.0],"rotation":{"angle":0.0,"axis":"x","origin":[22.400002,-8.200001,-10.000001]},"faces":{"down":{"uv":[10.227273,5.2727275,10.181818,5.5909095],"rotation":0,"texture":"#0","tintindex":0},"east":{"uv":[9.818182,5.5909095,10.136364,5.909091],"rotation":0,"texture":"#0","tintindex":0},"north":{"uv":[10.136364,5.5909095,10.181818,5.909091],"rotation":0,"texture":"#0","tintindex":0},"south":{"uv":[10.5,5.5909095,10.545455,5.909091],"rotation":0,"texture":"#0","tintindex":0},"up":{"uv":[10.181818,5.5909095,10.136364,5.2727275],"rotation":0,"texture":"#0","tintindex":0},"west":{"uv":[10.181818,5.5909095,10.5,5.909091],"rotation":0,"texture":"#0","tintindex":0}}}],"display":{"head":{"translation":[0.0,-6.4,0.0],"rotation":[0.0,0.0,0.0],"scale":[3.8095,3.8095,3.8095]}}}