{"textures":{"0":"modelengine:entity/tank"},"elements":[{"name":"bb6","from":[8.06,8.06,3.8599997],"to":[9.74,11.54,7.94],"rotation":{"angle":0.0,"axis":"x","origin":[22.400002,-8.200001,-15.400001]},"faces":{"down":{"uv":[4.227273,6.6818185,4.090909,7.0],"rotation":0,"texture":"#0","tintindex":0},"east":{"uv":[3.6363637,7.0,3.9545455,7.2727275],"rotation":0,"texture":"#0","tintindex":0},"north":{"uv":[3.9545455,7.0,4.090909,7.2727275],"rotation":0,"texture":"#0","tintindex":0},"south":{"uv":[4.409091,7.0,4.5454545,7.2727275],"rotation":0,"texture":"#0","tintindex":0},"up":{"uv":[4.090909,7.0,3.9545455,6.6818185],"rotation":0,"texture":"#0","tintindex":0},"west":{"uv":[4.090909,7.0,4.409091,7.2727275],"rotation":0,"texture":"#0","tintindex":0}}}],"display":{"head":{"translation":[0.0,-6.4,0.0],"rotation":[0.0,0.0,0.0],"scale":[3.8095,3.8095,3.8095]}}}