{"textures":{"0":"modelengine:entity/tank"},"elements":[{"name":"bb8","from":[7.4,8.0,-14.200002],"to":[8.0,14.0,-10.000001],"rotation":{"angle":0.0,"axis":"x","origin":[-6.4000006,-8.200001,-15.400001]},"faces":{"down":{"uv":[0.40909094,3.4545455,0.36363637,3.7727275],"rotation":0,"texture":"#0","tintindex":0},"east":{"uv":[0.0,3.7727275,0.3181818,4.227273],"rotation":0,"texture":"#0","tintindex":0},"north":{"uv":[0.3181818,3.7727275,0.36363637,4.227273],"rotation":0,"texture":"#0","tintindex":0},"south":{"uv":[0.6818182,3.7727275,0.72727275,4.227273],"rotation":0,"texture":"#0","tintindex":0},"up":{"uv":[0.36363637,3.7727275,0.3181818,3.4545455],"rotation":0,"texture":"#0","tintindex":0},"west":{"uv":[0.36363637,3.7727275,0.6818182,4.227273],"rotation":0,"texture":"#0","tintindex":0}}}],"display":{"head":{"translation":[0.0,-6.4,0.0],"rotation":[0.0,0.0,0.0],"scale":[3.8095,3.8095,3.8095]}}}