{"textures":{"0":"modelengine:entity/tank"},"elements":[{"name":"bb9","from":[7.4,8.0,3.7999997],"to":[8.0,13.400001,8.0],"rotation":{"angle":0.0,"axis":"x","origin":[-6.4000006,-8.200001,-1.6000004]},"faces":{"down":{"uv":[6.8636365,1.6818182,6.818182,2.0],"rotation":0,"texture":"#0","tintindex":0},"east":{"uv":[6.4545455,2.0,6.7727275,2.409091],"rotation":0,"texture":"#0","tintindex":0},"north":{"uv":[6.7727275,2.0,6.818182,2.409091],"rotation":0,"texture":"#0","tintindex":0},"south":{"uv":[7.136364,2.0,7.1818185,2.409091],"rotation":0,"texture":"#0","tintindex":0},"up":{"uv":[6.818182,2.0,6.7727275,1.6818182],"rotation":0,"texture":"#0","tintindex":0},"west":{"uv":[6.818182,2.0,7.136364,2.409091],"rotation":0,"texture":"#0","tintindex":0}}}],"display":{"head":{"translation":[0.0,-6.4,0.0],"rotation":[0.0,0.0,0.0],"scale":[3.8095,3.8095,3.8095]}}}