{"textures":{"0":"modelengine:entity/tank"},"elements":[{"name":"bbb0","from":[8.045,6.845,2.0449996],"to":[10.355,9.155001,7.955],"rotation":{"angle":0.0,"axis":"x","origin":[22.400002,-7.000001,20.0]},"faces":{"down":{"uv":[6.0909095,6.818182,5.909091,7.2727275],"rotation":0,"texture":"#0","tintindex":0},"east":{"uv":[5.2727275,7.2727275,5.727273,7.4545455],"rotation":0,"texture":"#0","tintindex":0},"north":{"uv":[5.727273,7.2727275,5.909091,7.4545455],"rotation":0,"texture":"#0","tintindex":0},"south":{"uv":[6.3636365,7.2727275,6.545455,7.4545455],"rotation":0,"texture":"#0","tintindex":0},"up":{"uv":[5.909091,7.2727275,5.727273,6.818182],"rotation":0,"texture":"#0","tintindex":0},"west":{"uv":[5.909091,7.2727275,6.3636365,7.4545455],"rotation":0,"texture":"#0","tintindex":0}}}],"display":{"head":{"translation":[0.0,-6.4,0.0],"rotation":[0.0,0.0,0.0],"scale":[3.8095,3.8095,3.8095]}}}