{"textures":{"0":"modelengine:entity/tank"},"elements":[{"name":"bbb1","from":[8.0,8.0,1.9999998],"to":[8.6,8.6,8.0],"rotation":{"angle":0.0,"axis":"x","origin":[22.400002,-8.200001,20.0]},"faces":{"down":{"uv":[0.54545456,5.7727275,0.5,6.227273],"rotation":0,"texture":"#0","tintindex":0},"east":{"uv":[0.0,6.227273,0.45454547,6.2727275],"rotation":0,"texture":"#0","tintindex":0},"north":{"uv":[0.45454547,6.227273,0.5,6.2727275],"rotation":0,"texture":"#0","tintindex":0},"south":{"uv":[0.9545455,6.227273,1.0,6.2727275],"rotation":0,"texture":"#0","tintindex":0},"up":{"uv":[0.5,6.227273,0.45454547,5.7727275],"rotation":0,"texture":"#0","tintindex":0},"west":{"uv":[0.5,6.227273,0.9545455,6.2727275],"rotation":0,"texture":"#0","tintindex":0}}},{"name":"bbb1","from":[8.0,8.6,2.4799993],"to":[8.6,9.2,7.8799996],"rotation":{"angle":0.0,"axis":"x","origin":[22.400002,-8.200001,20.0]},"faces":{"down":{"uv":[1.3636364,9.590909,1.3181819,10.0],"rotation":0,"texture":"#0","tintindex":0},"east":{"uv":[0.8636364,10.0,1.2727273,10.045455],"rotation":0,"texture":"#0","tintindex":0},"north":{"uv":[1.2727273,10.0,1.3181819,10.045455],"rotation":0,"texture":"#0","tintindex":0},"south":{"uv":[1.7272727,10.0,1.7727274,10.045455],"rotation":0,"texture":"#0","tintindex":0},"up":{"uv":[1.3181819,10.0,1.2727273,9.590909],"rotation":0,"texture":"#0","tintindex":0},"west":{"uv":[1.3181819,10.0,1.7272727,10.045455],"rotation":0,"texture":"#0","tintindex":0}}},{"name":"bbb1","from":[8.0,9.8,3.26],"to":[8.6,10.4,8.06],"rotation":{"angle":0.0,"axis":"x","origin":[22.400002,-8.200001,20.0]},"faces":{"down":{"uv":[10.409091,2.7727273,10.363637,3.1363637],"rotation":0,"texture":"#0","tintindex":0},"east":{"uv":[9.954546,3.1363637,10.318182,3.1818182],"rotation":0,"texture":"#0","tintindex":0},"north":{"uv":[10.318182,3.1363637,10.363637,3.1818182],"rotation":0,"texture":"#0","tintindex":0},"south":{"uv":[10.727273,3.1363637,10.772728,3.1818182],"rotation":0,"texture":"#0","tintindex":0},"up":{"uv":[10.363637,3.1363637,10.318182,2.7727273],"rotation":0,"texture":"#0","tintindex":0},"west":{"uv":[10.363637,3.1363637,10.727273,3.1818182],"rotation":0,"texture":"#0","tintindex":0}}},{"name":"bbb1","from":[8.0,10.4,3.8600001],"to":[8.6,11.0,8.06],"rotation":{"angle":0.0,"axis":"x","origin":[22.400002,-8.200001,20.0]},"faces":{"down":{"uv":[9.0,3.909091,8.954546,4.227273],"rotation":0,"texture":"#0","tintindex":0},"east":{"uv":[8.590909,4.227273,8.909091,4.2727275],"rotation":0,"texture":"#0","tintindex":0},"north":{"uv":[8.909091,4.227273,8.954546,4.2727275],"rotation":0,"texture":"#0","tintindex":0},"south":{"uv":[9.272728,4.227273,9.318182,4.2727275],"rotation":0,"texture":"#0","tintindex":0},"up":{"uv":[8.954546,4.227273,8.909091,3.909091],"rotation":0,"texture":"#0","tintindex":0},"west":{"uv":[8.954546,4.227273,9.272728,4.2727275],"rotation":0,"texture":"#0","tintindex":0}}},{"name":"bbb1","from":[8.0,11.0,4.46],"to":[8.6,11.6,8.06],"rotation":{"angle":0.0,"axis":"x","origin":[22.400002,-8.200001,20.0]},"faces":{"down":{"uv":[0.36363637,6.9545455,0.3181818,7.227273],"rotation":0,"texture":"#0","tintindex":0},"east":{"uv":[0.0,7.227273,0.27272728,7.2727275],"rotation":0,"texture":"#0","tintindex":0},"north":{"uv":[0.27272728,7.227273,0.3181818,7.2727275],"rotation":0,"texture":"#0","tintindex":0},"south":{"uv":[0.5909091,7.227273,0.6363636,7.2727275],"rotation":0,"texture":"#0","tintindex":0},"up":{"uv":[0.3181818,7.227273,0.27272728,6.9545455],"rotation":0,"texture":"#0","tintindex":0},"west":{"uv":[0.3181818,7.227273,0.5909091,7.2727275],"rotation":0,"texture":"#0","tintindex":0}}},{"name":"bbb1","from":[8.0,11.6,5.06],"to":[8.6,12.2,8.06],"rotation":{"angle":0.0,"axis":"x","origin":[22.400002,-8.200001,20.0]},"faces":{"down":{"uv":[0.3181818,5.0454545,0.27272728,5.2727275],"rotation":0,"texture":"#0","tintindex":0},"east":{"uv":[0.0,5.2727275,0.22727273,5.318182],"rotation":0,"texture":"#0","tintindex":0},"north":{"uv":[0.22727273,5.2727275,0.27272728,5.318182],"rotation":0,"texture":"#0","tintindex":0},"south":{"uv":[0.5,5.2727275,0.54545456,5.318182],"rotation":0,"texture":"#0","tintindex":0},"up":{"uv":[0.27272728,5.2727275,0.22727273,5.0454545],"rotation":0,"texture":"#0","tintindex":0},"west":{"uv":[0.27272728,5.2727275,0.5,5.318182],"rotation":0,"texture":"#0","tintindex":0}}},{"name":"bbb1","from":[8.0,12.2,5.06],"to":[8.6,12.8,8.06],"rotation":{"angle":0.0,"axis":"x","origin":[22.400002,-8.200001,20.0]},"faces":{"down":{"uv":[0.3181818,4.7727275,0.27272728,5.0],"rotation":0,"texture":"#0","tintindex":0},"east":{"uv":[0.0,5.0,0.22727273,5.0454545],"rotation":0,"texture":"#0","tintindex":0},"north":{"uv":[0.22727273,5.0,0.27272728,5.0454545],"rotation":0,"texture":"#0","tintindex":0},"south":{"uv":[0.5,5.0,0.54545456,5.0454545],"rotation":0,"texture":"#0","tintindex":0},"up":{"uv":[0.27272728,5.0,0.22727273,4.7727275],"rotation":0,"texture":"#0","tintindex":0},"west":{"uv":[0.27272728,5.0,0.5,5.0454545],"rotation":0,"texture":"#0","tintindex":0}}},{"name":"bbb1","from":[8.0,12.8,6.26],"to":[8.6,14.0,8.06],"rotation":{"angle":0.0,"axis":"x","origin":[22.400002,-8.200001,20.0]},"faces":{"down":{"uv":[1.5909091,0.22727273,1.5454546,0.36363637],"rotation":0,"texture":"#0","tintindex":0},"east":{"uv":[1.3636364,0.36363637,1.5,0.45454547],"rotation":0,"texture":"#0","tintindex":0},"north":{"uv":[1.5,0.36363637,1.5454546,0.45454547],"rotation":0,"texture":"#0","tintindex":0},"south":{"uv":[1.6818182,0.36363637,1.7272727,0.45454547],"rotation":0,"texture":"#0","tintindex":0},"up":{"uv":[1.5454546,0.36363637,1.5,0.22727273],"rotation":0,"texture":"#0","tintindex":0},"west":{"uv":[1.5454546,0.36363637,1.6818182,0.45454547],"rotation":0,"texture":"#0","tintindex":0}}},{"name":"bbb1","from":[8.0,9.2,3.0200002],"to":[8.6,9.8,7.8200006],"rotation":{"angle":0.0,"axis":"x","origin":[22.400002,-8.200001,20.0]},"faces":{"down":{"uv":[7.6818185,9.909091,7.636364,10.272728],"rotation":0,"texture":"#0","tintindex":0},"east":{"uv":[7.227273,10.272728,7.5909095,10.318182],"rotation":0,"texture":"#0","tintindex":0},"north":{"uv":[7.5909095,10.272728,7.636364,10.318182],"rotation":0,"texture":"#0","tintindex":0},"south":{"uv":[8.0,10.272728,8.045455,10.318182],"rotation":0,"texture":"#0","tintindex":0},"up":{"uv":[7.636364,10.272728,7.5909095,9.909091],"rotation":0,"texture":"#0","tintindex":0},"west":{"uv":[7.636364,10.272728,8.0,10.318182],"rotation":0,"texture":"#0","tintindex":0}}}],"display":{"head":{"translation":[0.0,-6.4,0.0],"rotation":[0.0,0.0,0.0],"scale":[3.8095,3.8095,3.8095]}}}