{"textures":{"0":"modelengine:entity/tank"},"elements":[{"name":"bbb2","from":[5.6449995,6.845,2.0449996],"to":[7.955,9.155001,7.955],"rotation":{"angle":0.0,"axis":"x","origin":[-6.4000006,-7.000001,20.0]},"faces":{"down":{"uv":[2.7272727,2.5454545,2.5454545,3.0],"rotation":0,"texture":"#0","tintindex":0},"east":{"uv":[1.909091,3.0,2.3636365,3.1818182],"rotation":0,"texture":"#0","tintindex":0},"north":{"uv":[2.3636365,3.0,2.5454545,3.1818182],"rotation":0,"texture":"#0","tintindex":0},"south":{"uv":[3.0,3.0,3.1818182,3.1818182],"rotation":0,"texture":"#0","tintindex":0},"up":{"uv":[2.5454545,3.0,2.3636365,2.5454545],"rotation":0,"texture":"#0","tintindex":0},"west":{"uv":[2.5454545,3.0,3.0,3.1818182],"rotation":0,"texture":"#0","tintindex":0}}}],"display":{"head":{"translation":[0.0,-6.4,0.0],"rotation":[0.0,0.0,0.0],"scale":[3.8095,3.8095,3.8095]}}}