{"textures":{"0":"modelengine:entity/tank"},"elements":[{"name":"bbb3","from":[7.4,8.0,1.9999998],"to":[8.0,8.6,8.0],"rotation":{"angle":0.0,"axis":"x","origin":[-6.4000006,-8.200001,20.0]},"faces":{"down":{"uv":[2.909091,1.0,2.8636365,1.4545455],"rotation":0,"texture":"#0","tintindex":0},"east":{"uv":[2.3636365,1.4545455,2.818182,1.5],"rotation":0,"texture":"#0","tintindex":0},"north":{"uv":[2.818182,1.4545455,2.8636365,1.5],"rotation":0,"texture":"#0","tintindex":0},"south":{"uv":[3.318182,1.4545455,3.3636365,1.5],"rotation":0,"texture":"#0","tintindex":0},"up":{"uv":[2.8636365,1.4545455,2.818182,1.0],"rotation":0,"texture":"#0","tintindex":0},"west":{"uv":[2.8636365,1.4545455,3.318182,1.5],"rotation":0,"texture":"#0","tintindex":0}}},{"name":"bbb3","from":[7.4,8.6,2.4799993],"to":[8.0,9.2,7.8799996],"rotation":{"angle":0.0,"axis":"x","origin":[-6.4000006,-8.200001,20.0]},"faces":{"down":{"uv":[9.090909,3.4545455,9.045455,3.8636365],"rotation":0,"texture":"#0","tintindex":0},"east":{"uv":[8.590909,3.8636365,9.0,3.909091],"rotation":0,"texture":"#0","tintindex":0},"north":{"uv":[9.0,3.8636365,9.045455,3.909091],"rotation":0,"texture":"#0","tintindex":0},"south":{"uv":[9.454546,3.8636365,9.5,3.909091],"rotation":0,"texture":"#0","tintindex":0},"up":{"uv":[9.045455,3.8636365,9.0,3.4545455],"rotation":0,"texture":"#0","tintindex":0},"west":{"uv":[9.045455,3.8636365,9.454546,3.909091],"rotation":0,"texture":"#0","tintindex":0}}},{"name":"bbb3","from":[7.4,9.8,3.26],"to":[8.0,10.4,8.06],"rotation":{"angle":0.0,"axis":"x","origin":[-6.4000006,-8.200001,20.0]},"faces":{"down":{"uv":[9.5,9.045455,9.454546,9.409091],"rotation":0,"texture":"#0","tintindex":0},"east":{"uv":[9.045455,9.409091,9.409091,9.454546],"rotation":0,"texture":"#0","tintindex":0},"north":{"uv":[9.409091,9.409091,9.454546,9.454546],"rotation":0,"texture":"#0","tintindex":0},"south":{"uv":[9.818182,9.409091,9.863637,9.454546],"rotation":0,"texture":"#0","tintindex":0},"up":{"uv":[9.454546,9.409091,9.409091,9.045455],"rotation":0,"texture":"#0","tintindex":0},"west":{"uv":[9.454546,9.409091,9.818182,9.454546],"rotation":0,"texture":"#0","tintindex":0}}},{"name":"bbb3","from":[7.4,10.4,3.8600001],"to":[8.0,11.0,8.06],"rotation":{"angle":0.0,"axis":"x","origin":[-6.4000006,-8.200001,20.0]},"faces":{"down":{"uv":[7.545455,0.0,7.5,0.3181818],"rotation":0,"texture":"#0","tintindex":0},"east":{"uv":[7.136364,0.3181818,7.4545455,0.36363637],"rotation":0,"texture":"#0","tintindex":0},"north":{"uv":[7.4545455,0.3181818,7.5,0.36363637],"rotation":0,"texture":"#0","tintindex":0},"south":{"uv":[7.818182,0.3181818,7.8636365,0.36363637],"rotation":0,"texture":"#0","tintindex":0},"up":{"uv":[7.5,0.3181818,7.4545455,0.0],"rotation":0,"texture":"#0","tintindex":0},"west":{"uv":[7.5,0.3181818,7.818182,0.36363637],"rotation":0,"texture":"#0","tintindex":0}}},{"name":"bbb3","from":[7.4,11.0,4.46],"to":[8.0,11.6,8.06],"rotation":{"angle":0.0,"axis":"x","origin":[-6.4000006,-8.200001,20.0]},"faces":{"down":{"uv":[3.0909092,2.5,3.0454547,2.7727273],"rotation":0,"texture":"#0","tintindex":0},"east":{"uv":[2.7272727,2.7727273,3.0,2.818182],"rotation":0,"texture":"#0","tintindex":0},"north":{"uv":[3.0,2.7727273,3.0454547,2.818182],"rotation":0,"texture":"#0","tintindex":0},"south":{"uv":[3.318182,2.7727273,3.3636365,2.818182],"rotation":0,"texture":"#0","tintindex":0},"up":{"uv":[3.0454547,2.7727273,3.0,2.5],"rotation":0,"texture":"#0","tintindex":0},"west":{"uv":[3.0454547,2.7727273,3.318182,2.818182],"rotation":0,"texture":"#0","tintindex":0}}},{"name":"bbb3","from":[7.4,11.6,5.06],"to":[8.0,12.2,8.06],"rotation":{"angle":0.0,"axis":"x","origin":[-6.4000006,-8.200001,20.0]},"faces":{"down":{"uv":[3.0909092,1.5,3.0454547,1.7272727],"rotation":0,"texture":"#0","tintindex":0},"east":{"uv":[2.7727273,1.7272727,3.0,1.7727274],"rotation":0,"texture":"#0","tintindex":0},"north":{"uv":[3.0,1.7272727,3.0454547,1.7727274],"rotation":0,"texture":"#0","tintindex":0},"south":{"uv":[3.2727275,1.7272727,3.318182,1.7727274],"rotation":0,"texture":"#0","tintindex":0},"up":{"uv":[3.0454547,1.7272727,3.0,1.5],"rotation":0,"texture":"#0","tintindex":0},"west":{"uv":[3.0454547,1.7272727,3.2727275,1.7727274],"rotation":0,"texture":"#0","tintindex":0}}},{"name":"bbb3","from":[7.4,12.2,5.06],"to":[8.0,12.8,8.06],"rotation":{"angle":0.0,"axis":"x","origin":[-6.4000006,-8.200001,20.0]},"faces":{"down":{"uv":[3.0909092,0.0,3.0454547,0.22727273],"rotation":0,"texture":"#0","tintindex":0},"east":{"uv":[2.7727273,0.22727273,3.0,0.27272728],"rotation":0,"texture":"#0","tintindex":0},"north":{"uv":[3.0,0.22727273,3.0454547,0.27272728],"rotation":0,"texture":"#0","tintindex":0},"south":{"uv":[3.2727275,0.22727273,3.318182,0.27272728],"rotation":0,"texture":"#0","tintindex":0},"up":{"uv":[3.0454547,0.22727273,3.0,0.0],"rotation":0,"texture":"#0","tintindex":0},"west":{"uv":[3.0454547,0.22727273,3.2727275,0.27272728],"rotation":0,"texture":"#0","tintindex":0}}},{"name":"bbb3","from":[7.4,12.8,6.26],"to":[8.0,14.0,8.06],"rotation":{"angle":0.0,"axis":"x","origin":[-6.4000006,-8.200001,20.0]},"faces":{"down":{"uv":[1.5909091,0.0,1.5454546,0.13636364],"rotation":0,"texture":"#0","tintindex":0},"east":{"uv":[1.3636364,0.13636364,1.5,0.22727273],"rotation":0,"texture":"#0","tintindex":0},"north":{"uv":[1.5,0.13636364,1.5454546,0.22727273],"rotation":0,"texture":"#0","tintindex":0},"south":{"uv":[1.6818182,0.13636364,1.7272727,0.22727273],"rotation":0,"texture":"#0","tintindex":0},"up":{"uv":[1.5454546,0.13636364,1.5,0.0],"rotation":0,"texture":"#0","tintindex":0},"west":{"uv":[1.5454546,0.13636364,1.6818182,0.22727273],"rotation":0,"texture":"#0","tintindex":0}}},{"name":"bbb3","from":[7.4,9.2,3.0200002],"to":[8.0,9.8,7.8200006],"rotation":{"angle":0.0,"axis":"x","origin":[-6.4000006,-8.200001,20.0]},"faces":{"down":{"uv":[4.090909,7.2727275,4.0454545,7.636364],"rotation":0,"texture":"#0","tintindex":0},"east":{"uv":[3.6363637,7.636364,4.0,7.6818185],"rotation":0,"texture":"#0","tintindex":0},"north":{"uv":[4.0,7.636364,4.0454545,7.6818185],"rotation":0,"texture":"#0","tintindex":0},"south":{"uv":[4.409091,7.636364,4.4545455,7.6818185],"rotation":0,"texture":"#0","tintindex":0},"up":{"uv":[4.0454545,7.636364,4.0,7.2727275],"rotation":0,"texture":"#0","tintindex":0},"west":{"uv":[4.0454545,7.636364,4.409091,7.6818185],"rotation":0,"texture":"#0","tintindex":0}}}],"display":{"head":{"translation":[0.0,-6.4,0.0],"rotation":[0.0,0.0,0.0],"scale":[3.8095,3.8095,3.8095]}}}