{"textures":{"0":"modelengine:entity/tank"},"elements":[{"name":"door0","from":[8.0,8.0,-1.0000005],"to":[17.0,8.6,8.0],"rotation":{"angle":0.0,"axis":"x","origin":[14.0,-14.8,6.2]},"faces":{"down":{"uv":[2.0454545,6.9545455,1.3636364,7.636364],"rotation":0,"texture":"#0","tintindex":0},"east":{"uv":[0.0,7.636364,0.6818182,7.6818185],"rotation":0,"texture":"#0","tintindex":0},"north":{"uv":[0.6818182,7.636364,1.3636364,7.6818185],"rotation":0,"texture":"#0","tintindex":0},"south":{"uv":[2.0454545,7.636364,2.7272727,7.6818185],"rotation":0,"texture":"#0","tintindex":0},"up":{"uv":[1.3636364,7.636364,0.6818182,6.9545455],"rotation":0,"texture":"#0","tintindex":0},"west":{"uv":[1.3636364,7.636364,2.0454545,7.6818185],"rotation":0,"texture":"#0","tintindex":0}}}],"display":{"head":{"translation":[0.0,-6.4,0.0],"rotation":[0.0,0.0,0.0],"scale":[3.8095,3.8095,3.8095]}}}