{"textures":{"0":"modelengine:entity/tank"},"elements":[{"name":"seat0","from":[-1.6000004,11.6,9.2],"to":[5.6,13.400001,15.8],"rotation":{"angle":0.0,"axis":"x","origin":[8.0,6.2,8.6]},"faces":{"down":{"uv":[4.6818185,10.772728,4.136364,11.272728],"rotation":0,"texture":"#0","tintindex":0},"east":{"uv":[3.0909092,11.272728,3.5909092,11.409091],"rotation":0,"texture":"#0","tintindex":0},"north":{"uv":[3.5909092,11.272728,4.136364,11.409091],"rotation":0,"texture":"#0","tintindex":0},"south":{"uv":[4.636364,11.272728,5.1818185,11.409091],"rotation":0,"texture":"#0","tintindex":0},"up":{"uv":[4.136364,11.272728,3.5909092,10.772728],"rotation":0,"texture":"#0","tintindex":0},"west":{"uv":[4.136364,11.272728,4.636364,11.409091],"rotation":0,"texture":"#0","tintindex":0}}},{"name":"seat0","from":[-1.0000005,13.400001,14.0],"to":[5.0,20.600002,15.8],"rotation":{"angle":0.0,"axis":"x","origin":[1.9999998,13.400001,14.0]},"faces":{"down":{"uv":[1.0454546,12.409091,0.5909091,12.545455],"rotation":0,"texture":"#0","tintindex":0},"east":{"uv":[0.0,12.545455,0.13636364,13.09091],"rotation":0,"texture":"#0","tintindex":0},"north":{"uv":[0.13636364,12.545455,0.5909091,13.09091],"rotation":0,"texture":"#0","tintindex":0},"south":{"uv":[0.72727275,12.545455,1.1818182,13.09091],"rotation":0,"texture":"#0","tintindex":0},"up":{"uv":[0.5909091,12.545455,0.13636364,12.409091],"rotation":0,"texture":"#0","tintindex":0},"west":{"uv":[0.5909091,12.545455,0.72727275,13.09091],"rotation":0,"texture":"#0","tintindex":0}}},{"name":"seat0","from":[10.4,11.6,9.2],"to":[17.6,13.400001,15.8],"rotation":{"angle":0.0,"axis":"x","origin":[8.0,6.2,8.6]},"faces":{"down":{"uv":[4.6818185,10.772728,4.136364,11.272728],"rotation":0,"texture":"#0","tintindex":0},"east":{"uv":[3.0909092,11.272728,3.5909092,11.409091],"rotation":0,"texture":"#0","tintindex":0},"north":{"uv":[3.5909092,11.272728,4.136364,11.409091],"rotation":0,"texture":"#0","tintindex":0},"south":{"uv":[4.636364,11.272728,5.1818185,11.409091],"rotation":0,"texture":"#0","tintindex":0},"up":{"uv":[4.136364,11.272728,3.5909092,10.772728],"rotation":0,"texture":"#0","tintindex":0},"west":{"uv":[4.136364,11.272728,4.636364,11.409091],"rotation":0,"texture":"#0","tintindex":0}}},{"name":"seat0","from":[11.0,13.400001,14.0],"to":[17.0,20.600002,15.8],"rotation":{"angle":0.0,"axis":"x","origin":[14.0,13.400001,14.0]},"faces":{"down":{"uv":[1.0454546,12.409091,0.5909091,12.545455],"rotation":0,"texture":"#0","tintindex":0},"east":{"uv":[0.0,12.545455,0.13636364,13.09091],"rotation":0,"texture":"#0","tintindex":0},"north":{"uv":[0.13636364,12.545455,0.5909091,13.09091],"rotation":0,"texture":"#0","tintindex":0},"south":{"uv":[0.72727275,12.545455,1.1818182,13.09091],"rotation":0,"texture":"#0","tintindex":0},"up":{"uv":[0.5909091,12.545455,0.13636364,12.409091],"rotation":0,"texture":"#0","tintindex":0},"west":{"uv":[0.5909091,12.545455,0.72727275,13.09091],"rotation":0,"texture":"#0","tintindex":0}}}],"display":{"head":{"translation":[0.0,-6.4,0.0],"rotation":[0.0,0.0,0.0],"scale":[3.8095,3.8095,3.8095]}}}