{"textures":{"0":"modelengine:entity/tank"},"elements":[{"name":"stick39","from":[-4.000004,7.7,6.8],"to":[1.9999962,8.3,9.2],"rotation":{"angle":0.0,"axis":"x","origin":[13.999996,5.66,76.1]},"faces":{"down":{"uv":[9.545455,12.863637,9.090909,13.045455],"rotation":0,"texture":"#0","tintindex":0},"east":{"uv":[8.454546,13.045455,8.636364,13.09091],"rotation":0,"texture":"#0","tintindex":0},"north":{"uv":[8.636364,13.045455,9.090909,13.09091],"rotation":0,"texture":"#0","tintindex":0},"south":{"uv":[9.272728,13.045455,9.727273,13.09091],"rotation":0,"texture":"#0","tintindex":0},"up":{"uv":[9.090909,13.045455,8.636364,12.863637],"rotation":0,"texture":"#0","tintindex":0},"west":{"uv":[9.090909,13.045455,9.272728,13.09091],"rotation":0,"texture":"#0","tintindex":0}}},{"name":"stick39","from":[25.999996,7.7,6.8],"to":[32.0,8.3,9.2],"rotation":{"angle":0.0,"axis":"x","origin":[13.999996,5.66,76.1]},"faces":{"down":{"uv":[9.090909,12.863637,9.545455,13.045455],"rotation":0,"texture":"#0","tintindex":0},"east":{"uv":[9.272728,13.045455,9.090909,13.09091],"rotation":0,"texture":"#0","tintindex":0},"north":{"uv":[9.090909,13.045455,8.636364,13.09091],"rotation":0,"texture":"#0","tintindex":0},"south":{"uv":[9.727273,13.045455,9.272728,13.09091],"rotation":0,"texture":"#0","tintindex":0},"up":{"uv":[8.636364,13.045455,9.090909,12.863637],"rotation":0,"texture":"#0","tintindex":0},"west":{"uv":[8.636364,13.045455,8.454546,13.09091],"rotation":0,"texture":"#0","tintindex":0}}}],"display":{"head":{"translation":[33.600014,-6.4,0.0],"rotation":[0.0,0.0,0.0],"scale":[3.8095,3.8095,3.8095]}}}