{"textures":{"0":"modelengine:entity/tank"},"elements":[{"name":"top0","from":[-0.5714288,1.5714283,3.285715],"to":[16.571428,3.2857141,7.5714293],"rotation":{"angle":0.0,"axis":"x","origin":[8.0,-8.285715,16.142857]},"faces":{"down":{"uv":[15.227273,8.909091,13.409091,9.363637],"rotation":0,"texture":"#0","tintindex":0},"east":{"uv":[11.136364,9.363637,11.590909,9.545455],"rotation":0,"texture":"#0","tintindex":0},"north":{"uv":[11.590909,9.363637,13.409091,9.545455],"rotation":0,"texture":"#0","tintindex":0},"south":{"uv":[13.863637,9.363637,15.681819,9.545455],"rotation":0,"texture":"#0","tintindex":0},"up":{"uv":[13.409091,9.363637,11.590909,8.909091],"rotation":0,"texture":"#0","tintindex":0},"west":{"uv":[13.409091,9.363637,13.863637,9.545455],"rotation":0,"texture":"#0","tintindex":0}}},{"name":"top0","from":[-2.2857146,1.5714283,7.5714293],"to":[0.7142854,3.2857141,17.0],"rotation":{"angle":0.0,"axis":"x","origin":[8.0,-8.285715,16.142857]},"faces":{"down":{"uv":[5.2727275,6.6818185,4.9545455,7.6818185],"rotation":0,"texture":"#0","tintindex":0},"east":{"uv":[3.6363637,7.6818185,4.636364,7.8636365],"rotation":0,"texture":"#0","tintindex":0},"north":{"uv":[4.636364,7.6818185,4.9545455,7.8636365],"rotation":0,"texture":"#0","tintindex":0},"south":{"uv":[5.9545455,7.6818185,6.2727275,7.8636365],"rotation":0,"texture":"#0","tintindex":0},"up":{"uv":[4.9545455,7.6818185,4.636364,6.6818185],"rotation":0,"texture":"#0","tintindex":0},"west":{"uv":[4.9545455,7.6818185,5.9545455,7.8636365],"rotation":0,"texture":"#0","tintindex":0}}},{"name":"top0","from":[15.285714,1.5714283,7.5714293],"to":[18.285713,3.2857141,17.0],"rotation":{"angle":0.0,"axis":"x","origin":[8.0,-8.285715,16.142857]},"faces":{"down":{"uv":[1.6363637,5.7727275,1.3181819,6.7727275],"rotation":0,"texture":"#0","tintindex":0},"east":{"uv":[0.0,6.7727275,1.0,6.9545455],"rotation":0,"texture":"#0","tintindex":0},"north":{"uv":[1.0,6.7727275,1.3181819,6.9545455],"rotation":0,"texture":"#0","tintindex":0},"south":{"uv":[2.318182,6.7727275,2.6363637,6.9545455],"rotation":0,"texture":"#0","tintindex":0},"up":{"uv":[1.3181819,6.7727275,1.0,5.7727275],"rotation":0,"texture":"#0","tintindex":0},"west":{"uv":[1.3181819,6.7727275,2.318182,6.9545455],"rotation":0,"texture":"#0","tintindex":0}}},{"name":"top0","from":[0.7142854,7.1428566,17.0],"to":[15.285714,8.0,24.714287],"rotation":{"angle":0.0,"axis":"x","origin":[8.0,-8.285715,16.142857]},"faces":{"down":{"uv":[7.545455,5.7727275,6.0,6.5909095],"rotation":0,"texture":"#0","tintindex":0},"east":{"uv":[3.6363637,6.5909095,4.4545455,6.6818185],"rotation":0,"texture":"#0","tintindex":0},"north":{"uv":[4.4545455,6.5909095,6.0,6.6818185],"rotation":0,"texture":"#0","tintindex":0},"south":{"uv":[6.818182,6.5909095,8.363637,6.6818185],"rotation":0,"texture":"#0","tintindex":0},"up":{"uv":[6.0,6.5909095,4.4545455,5.7727275],"rotation":0,"texture":"#0","tintindex":0},"west":{"uv":[6.0,6.5909095,6.818182,6.6818185],"rotation":0,"texture":"#0","tintindex":0}}},{"name":"top0","from":[0.7142854,4.142857,21.714287],"to":[16.571428,7.1428566,24.714287],"rotation":{"angle":0.0,"axis":"x","origin":[8.0,-8.285715,16.142857]},"faces":{"down":{"uv":[13.227273,11.318182,11.545455,11.636364],"rotation":0,"texture":"#0","tintindex":0},"east":{"uv":[9.545455,11.636364,9.863637,11.954546],"rotation":0,"texture":"#0","tintindex":0},"north":{"uv":[9.863637,11.636364,11.545455,11.954546],"rotation":0,"texture":"#0","tintindex":0},"south":{"uv":[11.863637,11.636364,13.545455,11.954546],"rotation":0,"texture":"#0","tintindex":0},"up":{"uv":[11.545455,11.636364,9.863637,11.318182],"rotation":0,"texture":"#0","tintindex":0},"west":{"uv":[11.545455,11.636364,11.863637,11.954546],"rotation":0,"texture":"#0","tintindex":0}}},{"name":"top0","from":[-0.5714288,3.2857141,17.0],"to":[0.7142854,8.0,24.714287],"rotation":{"angle":0.0,"axis":"x","origin":[8.0,-8.285715,16.142857]},"faces":{"down":{"uv":[8.590909,3.4545455,8.454546,4.2727275],"rotation":0,"texture":"#0","tintindex":0},"east":{"uv":[7.5,4.2727275,8.318182,4.7727275],"rotation":0,"texture":"#0","tintindex":0},"north":{"uv":[8.318182,4.2727275,8.454546,4.7727275],"rotation":0,"texture":"#0","tintindex":0},"south":{"uv":[9.272728,4.2727275,9.409091,4.7727275],"rotation":0,"texture":"#0","tintindex":0},"up":{"uv":[8.454546,4.2727275,8.318182,3.4545455],"rotation":0,"texture":"#0","tintindex":0},"west":{"uv":[8.454546,4.2727275,9.272728,4.7727275],"rotation":0,"texture":"#0","tintindex":0}}},{"name":"top0","from":[-0.5714288,4.9999995,24.714287],"to":[16.571428,8.0,32.0],"rotation":{"angle":0.0,"axis":"x","origin":[8.0,5.8571424,29.428572]},"faces":{"down":{"uv":[14.318182,4.090909,12.5,4.9545455],"rotation":0,"texture":"#0","tintindex":0},"east":{"uv":[9.818182,4.9545455,10.681819,5.2727275],"rotation":0,"texture":"#0","tintindex":0},"north":{"uv":[10.681819,4.9545455,12.5,5.2727275],"rotation":0,"texture":"#0","tintindex":0},"south":{"uv":[13.363637,4.9545455,15.181819,5.2727275],"rotation":0,"texture":"#0","tintindex":0},"up":{"uv":[12.5,4.9545455,10.681819,4.090909],"rotation":0,"texture":"#0","tintindex":0},"west":{"uv":[12.5,4.9545455,13.363637,5.2727275],"rotation":0,"texture":"#0","tintindex":0}}},{"name":"top0","from":[1.9999998,8.0,32.0],"to":[2.4285712,15.714286,32.0],"rotation":{"angle":22.5,"axis":"y","origin":[2.2142854,13.142857,32.0]},"faces":{"down":{"uv":[1.0,0.0,0.9545455,0.0],"rotation":0,"texture":"#0","tintindex":0},"east":{"uv":[0.90909094,0.0,0.90909094,0.8181819],"rotation":0,"texture":"#0","tintindex":0},"north":{"uv":[0.90909094,0.0,0.9545455,0.8181819],"rotation":0,"texture":"#0","tintindex":0},"south":{"uv":[0.9545455,0.0,1.0,0.8181819],"rotation":0,"texture":"#0","tintindex":0},"up":{"uv":[0.9545455,0.0,0.90909094,0.0],"rotation":0,"texture":"#0","tintindex":0},"west":{"uv":[0.9545455,0.0,0.9545455,0.8181819],"rotation":0,"texture":"#0","tintindex":0}}},{"name":"top0","from":[0.7142854,7.1428566,11.428572],"to":[4.142857,8.0,17.0],"rotation":{"angle":0.0,"axis":"x","origin":[8.0,-8.285715,16.142857]},"faces":{"down":{"uv":[1.3181819,4.7727275,0.9545455,5.3636365],"rotation":0,"texture":"#0","tintindex":0},"east":{"uv":[0.0,5.3636365,0.5909091,5.4545455],"rotation":0,"texture":"#0","tintindex":0},"north":{"uv":[0.5909091,5.3636365,0.9545455,5.4545455],"rotation":0,"texture":"#0","tintindex":0},"south":{"uv":[1.5454546,5.3636365,1.909091,5.4545455],"rotation":0,"texture":"#0","tintindex":0},"up":{"uv":[0.9545455,5.3636365,0.5909091,4.7727275],"rotation":0,"texture":"#0","tintindex":0},"west":{"uv":[0.9545455,5.3636365,1.5454546,5.4545455],"rotation":0,"texture":"#0","tintindex":0}}},{"name":"top0","from":[9.714285,7.1428566,11.428572],"to":[15.285714,8.0,17.0],"rotation":{"angle":0.0,"axis":"x","origin":[8.0,-8.285715,16.142857]},"faces":{"down":{"uv":[8.363637,12.181819,7.7727275,12.772728],"rotation":0,"texture":"#0","tintindex":0},"east":{"uv":[6.5909095,12.772728,7.1818185,12.863637],"rotation":0,"texture":"#0","tintindex":0},"north":{"uv":[7.1818185,12.772728,7.7727275,12.863637],"rotation":0,"texture":"#0","tintindex":0},"south":{"uv":[8.363637,12.772728,8.954546,12.863637],"rotation":0,"texture":"#0","tintindex":0},"up":{"uv":[7.7727275,12.772728,7.1818185,12.181819],"rotation":0,"texture":"#0","tintindex":0},"west":{"uv":[7.7727275,12.772728,8.363637,12.863637],"rotation":0,"texture":"#0","tintindex":0}}},{"name":"top0","from":[-0.5714288,3.2857141,11.428572],"to":[0.7142854,8.0,17.0],"rotation":{"angle":0.0,"axis":"x","origin":[8.0,-8.285715,16.142857]},"faces":{"down":{"uv":[5.818182,10.181818,5.6818185,10.772728],"rotation":0,"texture":"#0","tintindex":0},"east":{"uv":[4.9545455,10.772728,5.5454545,11.272728],"rotation":0,"texture":"#0","tintindex":0},"north":{"uv":[5.5454545,10.772728,5.6818185,11.272728],"rotation":0,"texture":"#0","tintindex":0},"south":{"uv":[6.2727275,10.772728,6.409091,11.272728],"rotation":0,"texture":"#0","tintindex":0},