{"textures":{"0":"modelengine:entity/tank"},"elements":[{"name":"wheel2","from":[-4.000004,5.3,5.3],"to":[1.9999962,10.700001,10.700001],"rotation":{"angle":0.0,"axis":"x","origin":[13.999996,1.5199996,26.120003]},"faces":{"down":{"uv":[2.7727273,7.6818185,2.318182,8.090909],"rotation":0,"texture":"#0","tintindex":0},"east":{"uv":[1.4545455,8.090909,1.8636364,8.5],"rotation":0,"texture":"#0","tintindex":0},"north":{"uv":[1.8636364,8.090909,2.318182,8.5],"rotation":0,"texture":"#0","tintindex":0},"south":{"uv":[2.7272727,8.090909,3.1818182,8.5],"rotation":0,"texture":"#0","tintindex":0},"up":{"uv":[2.318182,8.090909,1.8636364,7.6818185],"rotation":0,"texture":"#0","tintindex":0},"west":{"uv":[2.318182,8.090909,2.7272727,8.5],"rotation":0,"texture":"#0","tintindex":0}}},{"name":"wheel2","from":[-3.880004,5.42,5.42],"to":[1.8799963,10.58,10.58],"rotation":{"angle":-45.0,"axis":"x","origin":[-1.0000038,8.0,8.0]},"faces":{"down":{"uv":[2.7727273,7.6818185,2.318182,8.090909],"rotation":0,"texture":"#0","tintindex":0},"east":{"uv":[1.4545455,8.090909,1.8636364,8.5],"rotation":0,"texture":"#0","tintindex":0},"north":{"uv":[1.8636364,8.090909,2.318182,8.5],"rotation":0,"texture":"#0","tintindex":0},"south":{"uv":[2.7272727,8.090909,3.1818182,8.5],"rotation":0,"texture":"#0","tintindex":0},"up":{"uv":[2.318182,8.090909,1.8636364,7.6818185],"rotation":0,"texture":"#0","tintindex":0},"west":{"uv":[2.318182,8.090909,2.7272727,8.5],"rotation":0,"texture":"#0","tintindex":0}}},{"name":"wheel2","from":[25.999996,5.3,5.3],"to":[32.0,10.700001,10.700001],"rotation":{"angle":0.0,"axis":"x","origin":[13.999996,1.5199996,26.120003]},"faces":{"down":{"uv":[2.7727273,7.6818185,2.318182,8.090909],"rotation":0,"texture":"#0","tintindex":0},"east":{"uv":[1.4545455,8.090909,1.8636364,8.5],"rotation":0,"texture":"#0","tintindex":0},"north":{"uv":[1.8636364,8.090909,2.318182,8.5],"rotation":0,"texture":"#0","tintindex":0},"south":{"uv":[2.7272727,8.090909,3.1818182,8.5],"rotation":0,"texture":"#0","tintindex":0},"up":{"uv":[2.318182,8.090909,1.8636364,7.6818185],"rotation":0,"texture":"#0","tintindex":0},"west":{"uv":[2.318182,8.090909,2.7272727,8.5],"rotation":0,"texture":"#0","tintindex":0}}},{"name":"wheel2","from":[26.119999,5.42,5.42],"to":[31.879997,10.58,10.58],"rotation":{"angle":-45.0,"axis":"x","origin":[29.0,8.0,8.0]},"faces":{"down":{"uv":[2.7727273,7.6818185,2.318182,8.090909],"rotation":0,"texture":"#0","tintindex":0},"east":{"uv":[1.4545455,8.090909,1.8636364,8.5],"rotation":0,"texture":"#0","tintindex":0},"north":{"uv":[1.8636364,8.090909,2.318182,8.5],"rotation":0,"texture":"#0","tintindex":0},"south":{"uv":[2.7272727,8.090909,3.1818182,8.5],"rotation":0,"texture":"#0","tintindex":0},"up":{"uv":[2.318182,8.090909,1.8636364,7.6818185],"rotation":0,"texture":"#0","tintindex":0},"west":{"uv":[2.318182,8.090909,2.7272727,8.5],"rotation":0,"texture":"#0","tintindex":0}}}],"display":{"head":{"translation":[33.600014,-6.4,0.0],"rotation":[0.0,0.0,0.0],"scale":[3.8095,3.8095,3.8095]}}}