{"textures":{"0":"modelengine:entity/tank"},"elements":[{"name":"wheel0","from":[-4.000004,4.7,4.7],"to":[1.9999962,11.3,11.3],"rotation":{"angle":0.0,"axis":"x","origin":[13.999996,3.4999998,-15.100001]},"faces":{"down":{"uv":[2.7727273,1.5,2.318182,2.0],"rotation":0,"texture":"#0","tintindex":0},"east":{"uv":[1.3636364,2.0,1.8636364,2.5],"rotation":0,"texture":"#0","tintindex":0},"north":{"uv":[1.8636364,2.0,2.318182,2.5],"rotation":0,"texture":"#0","tintindex":0},"south":{"uv":[2.818182,2.0,3.2727275,2.5],"rotation":0,"texture":"#0","tintindex":0},"up":{"uv":[2.318182,2.0,1.8636364,1.5],"rotation":0,"texture":"#0","tintindex":0},"west":{"uv":[2.318182,2.0,2.818182,2.5],"rotation":0,"texture":"#0","tintindex":0}}},{"name":"wheel0","from":[-3.880004,4.8199997,4.8199997],"to":[1.8799963,11.18,11.18],"rotation":{"angle":45.0,"axis":"x","origin":[-1.0000038,8.0,8.0]},"faces":{"down":{"uv":[2.7727273,1.5,2.318182,2.0],"rotation":0,"texture":"#0","tintindex":0},"east":{"uv":[1.3636364,2.0,1.8636364,2.5],"rotation":0,"texture":"#0","tintindex":0},"north":{"uv":[1.8636364,2.0,2.318182,2.5],"rotation":0,"texture":"#0","tintindex":0},"south":{"uv":[2.818182,2.0,3.2727275,2.5],"rotation":0,"texture":"#0","tintindex":0},"up":{"uv":[2.318182,2.0,1.8636364,1.5],"rotation":0,"texture":"#0","tintindex":0},"west":{"uv":[2.318182,2.0,2.818182,2.5],"rotation":0,"texture":"#0","tintindex":0}}},{"name":"wheel0","from":[26.119999,4.8199997,4.8199997],"to":[31.879997,11.18,11.18],"rotation":{"angle":45.0,"axis":"x","origin":[29.0,8.0,8.0]},"faces":{"down":{"uv":[2.7727273,1.5,2.318182,2.0],"rotation":0,"texture":"#0","tintindex":0},"east":{"uv":[1.3636364,2.0,1.8636364,2.5],"rotation":0,"texture":"#0","tintindex":0},"north":{"uv":[1.8636364,2.0,2.318182,2.5],"rotation":0,"texture":"#0","tintindex":0},"south":{"uv":[2.818182,2.0,3.2727275,2.5],"rotation":0,"texture":"#0","tintindex":0},"up":{"uv":[2.318182,2.0,1.8636364,1.5],"rotation":0,"texture":"#0","tintindex":0},"west":{"uv":[2.318182,2.0,2.818182,2.5],"rotation":0,"texture":"#0","tintindex":0}}},{"name":"wheel0","from":[25.999996,4.7,4.7],"to":[32.0,11.3,11.3],"rotation":{"angle":0.0,"axis":"x","origin":[13.999996,3.4999998,-15.100001]},"faces":{"down":{"uv":[2.7727273,1.5,2.318182,2.0],"rotation":0,"texture":"#0","tintindex":0},"east":{"uv":[1.3636364,2.0,1.8636364,2.5],"rotation":0,"texture":"#0","tintindex":0},"north":{"uv":[1.8636364,2.0,2.318182,2.5],"rotation":0,"texture":"#0","tintindex":0},"south":{"uv":[2.818182,2.0,3.2727275,2.5],"rotation":0,"texture":"#0","tintindex":0},"up":{"uv":[2.318182,2.0,1.8636364,1.5],"rotation":0,"texture":"#0","tintindex":0},"west":{"uv":[2.318182,2.0,2.818182,2.5],"rotation":0,"texture":"#0","tintindex":0}}}],"display":{"head":{"translation":[33.600014,-6.4,0.0],"rotation":[0.0,0.0,0.0],"scale":[3.8095,3.8095,3.8095]}}}